appId,modelName,expMethod,expProperty,instanceId,qid,pred,i_max,a0_i,a1_i,a2_i,a3_i,a4_i,a5_i,a6_i,a7_i,a8_i,a9_i,a10_i,a11_i,a12_i,a13_i,a14_i,a15_i,a16_i,a17_i,a18_i,a19_i,a20_i,a21_i,a22_i,a23_i,a24_i,a25_i,a26_i,a27_i,a28_i,a29_i,a30_i,a31_i,a32_i,a33_i,a34_i,a35_i,a36_i,a37_i,a38_i,a39_i,a40_i,a41_i,a42_i,a43_i,a44_i,a45_i,a46_i,a47_i,a48_i,a49_i,a50_i,a51_i,a52_i,a53_i,a54_i,a55_i,a56_i,a57_i,a58_i,a59_i,a60_i,a61_i,a62_i,a63_i,a64_i,a65_i,a66_i,intercept
adult_sim2real,synthetic_ai,lime,faithful,0,12,0,8.08,0.09,0.4,0.04,0.05,0.02,0.0,0.0,0.01,0.02,0.02,0.01,0.01,0.01,0.03,0.03,0.01,0.03,0.03,0.03,0.0,0.03,0.02,0.01,0.02,0.03,0.03,0.03,0.03,0.03,0.03,0.01,0.01,0.0,0.01,0.01,0.01,0.0,0.0,0.03,0.01,0.0,0.01,0.01,0.0,0.0,0.0,0.01,0.0,0.01,0.0,0.01,0.02,0.0,0.0,0.01,0.03,0.07,0.06,0.01,0.01,0.01,0.02,0.01,0.01,0.0,0.02,0.0,
adult_sim2real,synthetic_ai,lime,robust,0,12,0,2.72,0.2,2.33,0.21,0.25,0.04,0.02,0.03,0.09,0.07,0.07,0.03,0.07,0.06,0.06,0.22,0.02,0.17,0.16,0.17,0.07,0.13,0.07,0.01,0.1,0.16,0.15,0.1,0.23,0.21,0.22,0.03,0.07,0.03,0.08,0.04,0.03,0.0,0.04,0.17,0.07,0.0,0.05,0.09,0.01,0.01,0.01,0.08,0.03,0.01,0.06,0.1,0.1,0.06,0.06,0.09,0.2,0.29,0.24,0.11,0.05,0.03,0.06,0.09,0.04,0.05,0.13,0.05,
adult_sim2real,synthetic_ai,lime,sparse,0,12,0,7.58,0.0,0.0,0.0,0.0,0.0,0.0,0.0,0.0,0.0,0.0,0.0,0.0,0.0,0.0,0.0,0.0,0.0,0.0,0.0,0.0,0.0,0.0,0.0,0.0,0.0,0.0,0.0,0.0,0.0,0.0,0.0,0.0,0.0,0.0,0.0,0.0,0.0,0.0,0.0,0.0,0.0,0.0,0.0,0.0,0.0,0.0,0.0,0.0,0.0,0.0,0.0,0.0,0.0,0.0,0.0,0.0,0.0,0.0,0.0,0.0,0.0,0.0,0.0,0.0,0.0,0.0,0.0,
adult_sim2real,synthetic_ai,lime,sparse_robust,0,12,0,2.42,0.11,2.38,0.12,0.16,0.0,0.0,0.0,0.0,0.0,0.0,0.0,0.0,0.0,0.0,0.13,0.0,0.08,0.07,0.08,0.0,0.03,0.0,0.0,0.0,0.07,0.05,0.01,0.14,0.12,0.14,0.0,0.0,0.0,0.0,0.0,0.0,0.0,0.0,0.08,0.0,0.0,0.0,0.0,0.0,0.0,0.0,0.0,0.0,0.0,0.0,0.01,0.01,0.0,0.0,0.0,0.11,0.21,0.15,0.02,0.0,0.0,0.0,0.0,0.0,0.0,0.04,0.0,
adult_sim2real,synthetic_ai,lime,,0,12,0,4.36,0.01,1.05,0.4,0.34,0.26,0.07,0.1,0.19,0.21,0.17,0.12,0.13,0.03,0.16,0.11,0.0,0.08,0.03,0.23,0.03,0.1,0.18,0.12,0.04,0.21,0.1,0.05,0.28,0.0,0.12,0.03,0.33,0.02,0.07,0.02,0.05,0.19,0.33,0.17,0.36,0.04,0.19,0.09,0.05,0.06,0.1,0.09,0.01,0.19,0.31,0.15,0.09,0.11,0.08,0.12,0.17,0.17,0.32,0.08,0.37,0.28,0.07,0.18,0.1,0.05,0.11,0.04,
adult_sim2real,synthetic_ai,lime,faithful,1,14,0,8.08,0.34,2.58,0.22,0.32,0.02,0.07,0.0,0.1,0.05,0.07,0.03,0.06,0.07,0.02,0.25,0.01,0.18,0.18,0.15,0.03,0.16,0.11,0.0,0.11,0.22,0.15,0.18,0.34,0.27,0.24,0.06,0.09,0.04,0.07,0.07,0.03,0.02,0.03,0.19,0.11,0.06,0.07,0.09,0.01,0.01,0.01,0.07,0.03,0.02,0.1,0.06,0.09,0.05,0.03,0.13,0.18,0.42,0.37,0.14,0.04,0.04,0.08,0.1,0.01,0.03,0.14,0.05,
adult_sim2real,synthetic_ai,lime,robust,1,14,0,2.72,0.21,2.56,0.23,0.26,0.05,0.02,0.04,0.1,0.07,0.07,0.03,0.07,0.07,0.06,0.24,0.02,0.19,0.17,0.18,0.07,0.14,0.07,0.01,0.11,0.17,0.16,0.11,0.24,0.23,0.24,0.04,0.08,0.03,0.09,0.05,0.03,0.0,0.04,0.18,0.08,0.0,0.06,0.1,0.01,0.02,0.01,0.09,0.04,0.01,0.07,0.11,0.11,0.07,0.07,0.11,0.21,0.32,0.26,0.12,0.06,0.03,0.07,0.1,0.04,0.06,0.14,0.05,
adult_sim2real,synthetic_ai,lime,sparse,1,14,0,7.58,0.0,2.08,0.0,0.0,0.0,0.0,0.0,0.0,0.0,0.0,0.0,0.0,0.0,0.0,0.0,0.0,0.0,0.0,0.0,0.0,0.0,0.0,0.0,0.0,0.0,0.0,0.0,0.0,0.0,0.0,0.0,0.0,0.0,0.0,0.0,0.0,0.0,0.0,0.0,0.0,0.0,0.0,0.0,0.0,0.0,0.0,0.0,0.0,0.0,0.0,0.0,0.0,0.0,0.0,0.0,0.0,0.0,0.0,0.0,0.0,0.0,0.0,0.0,0.0,0.0,0.0,0.0,
adult_sim2real,synthetic_ai,lime,sparse_robust,1,14,0,2.42,0.11,2.39,0.12,0.16,0.0,0.0,0.0,0.0,0.0,0.0,0.0,0.0,0.0,0.0,0.13,0.0,0.08,0.07,0.08,0.0,0.03,0.0,0.0,0.01,0.07,0.06,0.01,0.14,0.12,0.14,0.0,0.0,0.0,0.0,0.0,0.0,0.0,0.0,0.08,0.0,0.0,0.0,0.0,0.0,0.0,0.0,0.0,0.0,0.0,0.0,0.01,0.01,0.0,0.0,0.0,0.11,0.21,0.15,0.02,0.0,0.0,0.0,0.0,0.0,0.0,0.04,0.0,
adult_sim2real,synthetic_ai,lime,,1,14,0,4.36,0.13,2.65,0.45,0.06,0.23,0.23,0.37,0.69,0.4,0.23,0.14,0.83,0.32,0.06,0.41,0.34,0.05,0.16,0.1,0.69,0.19,0.91,0.27,0.32,0.07,0.02,0.17,0.18,0.0,0.08,0.8,0.03,0.57,0.64,0.39,0.24,0.33,0.37,0.62,0.65,0.51,0.06,0.32,0.38,0.76,0.21,0.64,0.06,0.39,0.17,0.27,0.16,0.55,0.65,0.33,0.31,0.51,0.07,0.63,0.17,0.58,0.18,0.37,0.42,0.27,0.39,0.01,
adult_sim2real,synthetic_ai,lime,faithful,2,16,0,8.08,0.46,3.65,0.31,0.41,0.04,0.09,0.02,0.15,0.06,0.09,0.04,0.07,0.07,0.01,0.35,0.04,0.25,0.25,0.22,0.06,0.21,0.14,0.02,0.15,0.3,0.22,0.24,0.38,0.35,0.31,0.07,0.12,0.05,0.09,0.09,0.04,0.0,0.06,0.27,0.12,0.07,0.08,0.15,0.02,0.0,0.0,0.11,0.03,0.02,0.09,0.11,0.16,0.09,0.03,0.17,0.25,0.56,0.48,0.17,0.06,0.05,0.09,0.13,0.02,0.07,0.2,0.06,
adult_sim2real,synthetic_ai,lime,robust,2,16,0,2.72,0.21,2.63,0.23,0.27,0.05,0.02,0.04,0.1,0.07,0.07,0.03,0.08,0.07,0.07,0.24,0.03,0.19,0.18,0.19,0.08,0.14,0.08,0.01,0.11,0.18,0.16,0.11,0.25,0.23,0.25,0.04,0.08,0.03,0.1,0.05,0.03,0.0,0.04,0.19,0.08,0.0,0.06,0.11,0.01,0.02,0.01,0.09,0.04,0.0,0.07,0.12,0.11,0.07,0.07,0.11,0.22,0.32,0.26,0.13,0.06,0.04,0.08,0.1,0.04,0.06,0.15,0.05,
adult_sim2real,synthetic_ai,lime,sparse,2,16,0,7.58,0.0,3.15,0.0,0.0,0.0,0.0,0.0,0.0,0.0,0.0,0.0,0.0,0.0,0.0,0.0,0.0,0.0,0.0,0.0,0.0,0.0,0.0,0.0,0.0,0.0,0.0,0.0,0.0,0.0,0.0,0.0,0.0,0.0,0.0,0.0,0.0,0.0,0.0,0.0,0.0,0.0,0.0,0.0,0.0,0.0,0.0,0.0,0.0,0.0,0.0,0.0,0.0,0.0,0.0,0.0,0.0,0.06,0.0,0.0,0.0,0.0,0.0,0.0,0.0,0.0,0.0,0.0,
adult_sim2real,synthetic_ai,lime,sparse_robust,2,16,0,2.42,0.11,2.4,0.12,0.16,0.0,0.0,0.0,0.0,0.0,0.0,0.0,0.0,0.0,0.0,0.13,0.0,0.08,0.07,0.08,0.0,0.03,0.0,0.0,0.01,0.07,0.06,0.01,0.14,0.12,0.14,0.0,0.0,0.0,0.0,0.0,0.0,0.0,0.0,0.08,0.0,0.0,0.0,0.0,0.0,0.0,0.0,0.0,0.0,0.0,0.0,0.01,0.01,0.0,0.0,0.0,0.11,0.21,0.15,0.02,0.0,0.0,0.0,0.0,0.0,0.0,0.04,0.0,
adult_sim2real,synthetic_ai,lime,,2,16,0,4.36,0.83,2.47,0.6,0.07,0.3,0.01,0.25,0.0,0.53,0.46,0.01,0.49,0.43,0.4,0.56,0.86,0.61,0.16,0.24,0.08,0.42,0.12,0.14,0.08,0.23,0.13,0.64,0.44,0.0,0.11,0.98,0.2,0.2,0.61,0.88,0.07,0.7,0.49,0.27,0.06,0.22,0.02,0.37,0.06,0.24,0.72,0.29,0.29,0.25,0.2,0.51,0.2,0.14,0.23,0.81,0.16,0.27,0.01,0.5,0.16,0.26,0.42,0.58,0.46,0.05,0.22,0.02,
adult_sim2real,synthetic_ai,lime,faithful,3,17,0,8.08,0.27,1.26,0.11,0.15,0.06,0.01,0.02,0.05,0.05,0.06,0.03,0.03,0.02,0.07,0.1,0.01,0.1,0.09,0.08,0.01,0.08,0.06,0.03,0.07,0.1,0.1,0.08,0.07,0.08,0.08,0.01,0.04,0.01,0.04,0.04,0.02,0.0,0.01,0.09,0.03,0.02,0.03,0.03,0.01,0.01,0.02,0.03,0.0,0.02,0.01,0.04,0.06,0.01,0.01,0.03,0.09,0.21,0.18,0.02,0.03,0.02,0.04,0.03,0.03,0.02,0.06,0.01,
adult_sim2real,synthetic_ai,lime,robust,3,17,0,2.72,0.21,2.64,0.23,0.27,0.05,0.02,0.04,0.1,0.07,0.07,0.04,0.08,0.07,0.07,0.24,0.03,0.19,0.18,0.19,0.08,0.14,0.08,0.01,0.11,0.18,0.16,0.11,0.25,0.23,0.25,0.04,0.08,0.03,0.1,0.05,0.03,0.0,0.04,0.19,0.08,0.0,0.06,0.11,0.01,0.02,0.01,0.09,0.04,0.0,0.07,0.12,0.11,0.07,0.07,0.11,0.22,0.32,0.27,0.13,0.06,0.04,0.08,0.1,0.04,0.06,0.15,0.05,
adult_sim2real,synthetic_ai,lime,sparse,3,17,0,7.58,0.0,0.76,0.0,0.0,0.0,0.0,0.0,0.0,0.0,0.0,0.0,0.0,0.0,0.0,0.0,0.0,0.0,0.0,0.0,0.0,0.0,0.0,0.0,0.0,0.0,0.0,0.0,0.0,0.0,0.0,0.0,0.0,0.0,0.0,0.0,0.0,0.0,0.0,0.0,0.0,0.0,0.0,0.0,0.0,0.0,0.0,0.0,0.0,0.0,0.0,0.0,0.0,0.0,0.0,0.0,0.0,0.0,0.0,0.0,0.0,0.0,0.0,0.0,0.0,0.0,0.0,0.0,
adult_sim2real,synthetic_ai,lime,sparse_robust,3,17,0,2.42,0.11,2.39,0.12,0.16,0.0,0.0,0.0,0.0,0.0,0.0,0.0,0.0,0.0,0.0,0.13,0.0,0.08,0.07,0.08,0.0,0.03,0.0,0.0,0.0,0.07,0.06,0.01,0.14,0.12,0.14,0.0,0.0,0.0,0.0,0.0,0.0,0.0,0.0,0.08,0.0,0.0,0.0,0.0,0.0,0.0,0.0,0.0,0.0,0.0,0.0,0.01,0.01,0.0,0.0,0.0,0.11,0.21,0.15,0.02,0.0,0.0,0.0,0.0,0.0,0.0,0.04,0.0,
adult_sim2real,synthetic_ai,lime,,3,17,0,4.36,0.28,1.9,0.48,0.43,0.07,0.43,0.54,0.38,0.14,0.26,0.42,0.54,0.15,0.47,0.28,0.41,0.42,0.48,0.12,0.57,0.35,0.55,0.41,0.69,0.02,0.58,0.67,0.07,0.0,0.02,0.24,0.6,0.22,0.36,0.41,0.07,0.23,0.15,0.51,0.3,0.12,1.06,0.21,0.13,0.03,0.43,0.67,0.38,0.11,0.54,0.33,0.1,0.16,0.08,0.24,0.35,0.59,0.42,0.19,0.19,0.07,0.29,0.52,0.24,0.16,0.56,0.13,
adult_sim2real,synthetic_ai,lime,faithful,4,18,0,8.08,0.07,0.54,0.05,0.07,0.0,0.02,0.0,0.02,0.01,0.01,0.01,0.01,0.01,0.0,0.05,0.0,0.04,0.04,0.03,0.01,0.03,0.02,0.0,0.02,0.05,0.03,0.04,0.07,0.06,0.05,0.01,0.02,0.01,0.01,0.01,0.01,0.0,0.01,0.04,0.02,0.01,0.01,0.02,0.0,0.0,0.0,0.01,0.01,0.0,0.02,0.01,0.02,0.01,0.01,0.03,0.04,0.09,0.08,0.03,0.01,0.01,0.02,0.02,0.0,0.01,0.03,0.01,
adult_sim2real,synthetic_ai,lime,robust,4,18,0,2.72,0.2,2.37,0.21,0.25,0.04,0.02,0.04,0.09,0.07,0.07,0.03,0.07,0.06,0.06,0.22,0.02,0.17,0.16,0.17,0.07,0.13,0.07,0.01,0.1,0.16,0.15,0.1,0.23,0.21,0.22,0.03,0.08,0.03,0.09,0.04,0.03,0.0,0.04,0.17,0.07,0.0,0.05,0.1,0.01,0.01,0.01,0.08,0.03,0.01,0.06,0.11,0.1,0.06,0.06,0.1,0.2,0.29,0.24,0.11,0.05,0.03,0.07,0.09,0.04,0.06,0.13,0.05,
adult_sim2real,synthetic_ai,lime,sparse,4,18,0,7.58,0.0,0.04,0.0,0.0,0.0,0.0,0.0,0.0,0.0,0.0,0.0,0.0,0.0,0.0,0.0,0.0,0.0,0.0,0.0,0.0,0.0,0.0,0.0,0.0,0.0,0.0,0.0,0.0,0.0,0.0,0.0,0.0,0.0,0.0,0.0,0.0,0.0,0.0,0.0,0.0,0.0,0.0,0.0,0.0,0.0,0.0,0.0,0.0,0.0,0.0,0.0,0.0,0.0,0.0,0.0,0.0,0.0,0.0,0.0,0.0,0.0,0.0,0.0,0.0,0.0,0.0,0.0,
adult_sim2real,synthetic_ai,lime,sparse_robust,4,18,0,2.42,0.11,2.38,0.12,0.16,0.0,0.0,0.0,0.0,0.0,0.0,0.0,0.0,0.0,0.0,0.13,0.0,0.08,0.07,0.08,0.0,0.03,0.0,0.0,0.0,0.07,0.05,0.01,0.14,0.12,0.14,0.0,0.0,0.0,0.0,0.0,0.0,0.0,0.0,0.08,0.0,0.0,0.0,0.0,0.0,0.0,0.0,0.0,0.0,0.0,0.0,0.01,0.01,0.0,0.0,0.0,0.11,0.21,0.15,0.02,0.0,0.0,0.0,0.0,0.0,0.0,0.04,0.0,
adult_sim2real,synthetic_ai,lime,,4,18,0,4.36,0.45,1.0,0.21,0.35,0.09,0.11,0.09,0.14,0.18,0.2,0.3,0.01,0.03,0.07,0.07,0.13,0.18,0.01,0.06,0.26,0.17,0.35,0.16,0.18,0.14,0.32,0.23,0.28,0.0,0.22,0.05,0.12,0.02,0.04,0.35,0.11,0.13,0.11,0.03,0.17,0.13,0.15,0.0,0.0,0.14,0.4,0.32,0.62,0.23,0.3,0.28,0.02,0.03,0.12,0.06,0.06,0.68,0.29,0.09,0.18,0.1,0.15,0.01,0.12,0.21,0.05,0.19,
adult_sim2real,synthetic_ai,lime,faithful,5,0,1,8.08,0.02,0.3,0.03,0.01,0.01,0.0,0.02,0.0,0.01,0.01,0.0,0.01,0.01,0.02,0.02,0.0,0.03,0.02,0.02,0.01,0.01,0.01,0.01,0.01,0.02,0.03,0.01,0.01,0.02,0.03,0.01,0.01,0.01,0.02,0.0,0.0,0.0,0.01,0.02,0.01,0.0,0.0,0.02,0.0,0.01,0.0,0.03,0.02,0.01,0.01,0.03,0.02,0.01,0.02,0.02,0.02,0.02,0.02,0.01,0.01,0.0,0.02,0.01,0.0,0.01,0.02,0.01,
adult_sim2real,synthetic_ai,lime,robust,5,0,1,2.72,0.21,2.53,0.22,0.26,0.05,0.02,0.04,0.1,0.07,0.07,0.03,0.07,0.07,0.07,0.23,0.02,0.18,0.17,0.18,0.07,0.14,0.07,0.01,0.11,0.17,0.16,0.11,0.24,0.22,0.24,0.04,0.08,0.03,0.09,0.05,0.03,0.0,0.04,0.18,0.08,0.0,0.06,0.1,0.01,0.02,0.01,0.09,0.04,0.01,0.07,0.11,0.11,0.06,0.07,0.1,0.21,0.31,0.26,0.12,0.06,0.03,0.07,0.1,0.04,0.06,0.14,0.05,
adult_sim2real,synthetic_ai,lime,sparse,5,0,1,7.58,0.0,0.0,0.0,0.0,0.0,0.0,0.0,0.0,0.0,0.0,0.0,0.0,0.0,0.0,0.0,0.0,0.0,0.0,0.0,0.0,0.0,0.0,0.0,0.0,0.0,0.0,0.0,0.0,0.0,0.0,0.0,0.0,0.0,0.0,0.0,0.0,0.0,0.0,0.0,0.0,0.0,0.0,0.0,0.0,0.0,0.0,0.0,0.0,0.0,0.0,0.0,0.0,0.0,0.0,0.0,0.0,0.0,0.0,0.0,0.0,0.0,0.0,0.0,0.0,0.0,0.0,0.0,
adult_sim2real,synthetic_ai,lime,sparse_robust,5,0,1,2.42,0.11,2.38,0.12,0.16,0.0,0.0,0.0,0.0,0.0,0.0,0.0,0.0,0.0,0.0,0.13,0.0,0.08,0.07,0.08,0.0,0.03,0.0,0.0,0.0,0.07,0.05,0.01,0.14,0.12,0.14,0.0,0.0,0.0,0.0,0.0,0.0,0.0,0.0,0.08,0.0,0.0,0.0,0.0,0.0,0.0,0.0,0.0,0.0,0.0,0.0,0.01,0.01,0.0,0.0,0.0,0.11,0.21,0.15,0.02,0.0,0.0,0.0,0.0,0.0,0.0,0.04,0.0,
adult_sim2real,synthetic_ai,lime,,5,0,1,4.36,0.23,0.38,0.46,0.3,0.18,0.01,0.16,0.07,0.22,0.02,0.13,0.02,0.16,0.08,0.21,0.08,0.03,0.24,0.07,0.01,0.07,0.16,0.2,0.33,0.3,0.3,0.09,0.17,0.0,0.03,0.1,0.03,0.03,0.22,0.0,0.02,0.11,0.28,0.32,0.26,0.03,0.04,0.14,0.18,0.16,0.2,0.07,0.04,0.04,0.18,0.14,0.19,0.15,0.11,0.12,0.12,0.08,0.03,0.09,0.02,0.25,0.08,0.04,0.01,0.28,0.44,0.12,
adult_sim2real,synthetic_ai,lime,faithful,6,1,1,8.08,0.43,3.49,0.39,0.5,0.01,0.11,0.01,0.1,0.03,0.06,0.0,0.02,0.11,0.12,0.34,0.06,0.21,0.24,0.19,0.13,0.25,0.13,0.26,0.11,0.3,0.22,0.28,0.81,0.52,0.36,0.13,0.11,0.07,0.0,0.13,0.02,0.02,0.05,0.25,0.21,0.04,0.0,0.14,0.05,0.04,0.01,0.11,0.05,0.01,0.32,0.05,0.11,0.1,0.12,0.2,0.24,0.75,0.68,0.17,0.12,0.05,0.03,0.14,0.02,0.03,0.19,0.09,
adult_sim2real,synthetic_ai,lime,robust,6,1,1,2.72,0.21,2.65,0.24,0.28,0.05,0.02,0.04,0.1,0.07,0.07,0.03,0.08,0.07,0.07,0.25,0.03,0.19,0.18,0.19,0.08,0.14,0.08,0.02,0.11,0.18,0.17,0.11,0.26,0.24,0.25,0.04,0.08,0.03,0.1,0.05,0.03,0.0,0.05,0.19,0.08,0.0,0.06,0.11,0.01,0.02,0.01,0.09,0.04,0.01,0.07,0.12,0.11,0.07,0.07,0.11,0.23,0.33,0.27,0.13,0.06,0.04,0.07,0.1,0.04,0.06,0.15,0.06,
adult_sim2real,synthetic_ai,lime,sparse,6,1,1,7.58,0.0,2.99,0.0,0.0,0.0,0.0,0.0,0.0,0.0,0.0,0.0,0.0,0.0,0.0,0.0,0.0,0.0,0.0,0.0,0.0,0.0,0.0,0.0,0.0,0.0,0.0,0.0,0.31,0.02,0.0,0.0,0.0,0.0,0.0,0.0,0.0,0.0,0.0,0.0,0.0,0.0,0.0,0.0,0.0,0.0,0.0,0.0,0.0,0.0,0.0,0.0,0.0,0.0,0.0,0.0,0.0,0.25,0.18,0.0,0.0,0.0,0.0,0.0,0.0,0.0,0.0,0.0,
adult_sim2real,synthetic_ai,lime,sparse_robust,6,1,1,2.42,0.11,2.4,0.12,0.16,0.0,0.0,0.0,0.0,0.0,0.0,0.0,0.0,0.0,0.0,0.13,0.0,0.08,0.07,0.08,0.0,0.03,0.0,0.0,0.01,0.07,0.06,0.01,0.14,0.12,0.14,0.0,0.0,0.0,0.0,0.0,0.0,0.0,0.0,0.08,0.0,0.0,0.0,0.0,0.0,0.0,0.0,0.0,0.0,0.0,0.0,0.01,0.01,0.0,0.0,0.0,0.11,0.21,0.15,0.02,0.0,0.0,0.0,0.0,0.0,0.0,0.04,0.0,
adult_sim2real,synthetic_ai,lime,,6,1,1,4.36,0.2,2.52,0.63,0.31,0.19,0.15,0.09,0.08,0.22,0.13,0.09,0.17,0.19,0.55,0.02,0.16,0.38,0.07,0.01,0.35,0.38,0.34,0.36,0.6,0.3,0.09,0.2,0.54,0.02,0.08,0.39,0.37,0.24,0.43,0.38,0.63,0.41,0.68,0.74,0.4,0.73,0.23,0.35,0.01,0.15,0.5,0.15,0.31,0.47,0.05,0.3,0.39,0.22,0.59,0.27,0.49,0.22,0.84,0.88,0.09,0.21,0.15,0.48,0.33,0.81,0.01,0.46,
adult_sim2real,synthetic_ai,lime,faithful,7,3,1,8.08,0.07,4.7,0.4,0.03,0.23,0.05,0.28,0.13,0.24,0.13,0.03,0.15,0.09,0.25,0.34,0.03,0.47,0.31,0.33,0.16,0.17,0.21,0.01,0.13,0.38,0.38,0.09,0.05,0.23,0.39,0.11,0.15,0.11,0.24,0.01,0.06,0.02,0.06,0.35,0.08,0.03,0.03,0.27,0.0,0.07,0.07,0.39,0.29,0.03,0.19,0.33,0.42,0.15,0.22,0.24,0.3,0.28,0.19,0.12,0.09,0.06,0.19,0.17,0.12,0.24,0.27,0.14,
adult_sim2real,synthetic_ai,lime,robust,7,3,1,2.72,0.22,2.71,0.24,0.28,0.05,0.02,0.04,0.1,0.08,0.08,0.04,0.08,0.07,0.07,0.25,0.02,0.2,0.18,0.19,0.08,0.15,0.08,0.01,0.11,0.18,0.17,0.12,0.26,0.24,0.26,0.04,0.09,0.03,0.1,0.05,0.03,0.0,0.05,0.19,0.08,0.0,0.06,0.11,0.01,0.02,0.01,0.1,0.04,0.01,0.07,0.12,0.12,0.07,0.07,0.11,0.23,0.33,0.27,0.13,0.06,0.04,0.08,0.11,0.04,0.06,0.15,0.06,
adult_sim2real,synthetic_ai,lime,sparse,7,3,1,7.58,0.0,4.2,0.0,0.0,0.0,0.0,0.0,0.0,0.0,0.0,0.0,0.0,0.0,0.0,0.0,0.0,0.0,0.0,0.0,0.0,0.0,0.0,0.0,0.0,0.0,0.0,0.0,0.0,0.0,0.0,0.0,0.0,0.0,0.0,0.0,0.0,0.0,0.0,0.0,0.0,0.0,0.0,0.0,0.0,0.0,0.0,0.0,0.0,0.0,0.0,0.0,0.0,0.0,0.0,0.0,0.0,0.0,0.0,0.0,0.0,0.0,0.0,0.0,0.0,0.0,0.0,0.0,
adult_sim2real,synthetic_ai,lime,sparse_robust,7,3,1,2.42,0.11,2.4,0.12,0.16,0.0,0.0,0.0,0.0,0.0,0.0,0.0,0.0,0.0,0.0,0.13,0.0,0.08,0.07,0.08,0.0,0.03,0.0,0.0,0.01,0.07,0.06,0.01,0.14,0.12,0.14,0.0,0.0,0.0,0.0,0.0,0.0,0.0,0.0,0.08,0.0,0.0,0.0,0.0,0.0,0.0,0.0,0.0,0.0,0.0,0.0,0.01,0.01,0.0,0.0,0.0,0.11,0.21,0.15,0.02,0.0,0.0,0.0,0.0,0.0,0.0,0.04,0.0,
adult_sim2real,synthetic_ai,lime,,7,3,1,4.36,0.15,3.76,0.07,0.28,0.12,0.13,0.46,0.3,0.43,0.34,0.52,0.04,0.32,0.49,0.44,0.35,0.09,0.58,0.55,0.37,0.18,0.55,0.2,0.91,0.75,0.01,0.27,0.65,0.0,0.15,0.16,0.13,0.14,0.65,0.1,0.74,1.02,0.38,0.28,0.12,0.44,0.16,0.22,0.32,0.4,0.78,0.33,0.21,0.3,0.42,0.12,0.23,0.33,0.17,0.11,0.58,0.8,0.37,0.84,0.65,0.32,0.31,0.92,0.2,0.27,0.55,0.7,
adult_sim2real,synthetic_ai,lime,faithful,8,5,1,8.08,0.09,2.5,0.27,0.06,0.12,0.02,0.14,0.08,0.13,0.05,0.04,0.16,0.01,0.29,0.19,0.07,0.26,0.18,0.16,0.09,0.07,0.13,0.12,0.06,0.18,0.23,0.06,0.23,0.02,0.16,0.04,0.08,0.03,0.16,0.05,0.07,0.01,0.14,0.2,0.03,0.08,0.14,0.13,0.02,0.02,0.03,0.17,0.09,0.03,0.08,0.39,0.14,0.03,0.0,0.11,0.27,0.07,0.13,0.07,0.06,0.03,0.2,0.1,0.08,0.09,0.15,0.05,
adult_sim2real,synthetic_ai,lime,robust,8,5,1,2.72,0.22,2.71,0.24,0.28,0.05,0.02,0.04,0.1,0.08,0.08,0.04,0.08,0.07,0.07,0.25,0.02,0.2,0.18,0.19,0.08,0.14,0.08,0.01,0.11,0.18,0.17,0.11,0.26,0.24,0.26,0.04,0.09,0.03,0.1,0.05,0.03,0.0,0.05,0.19,0.08,0.0,0.06,0.11,0.01,0.02,0.01,0.1,0.04,0.01,0.07,0.12,0.12,0.07,0.07,0.11,0.23,0.33,0.27,0.13,0.06,0.04,0.08,0.11,0.04,0.06,0.15,0.06,
adult_sim2real,synthetic_ai,lime,sparse,8,5,1,7.58,0.0,2.0,0.0,0.0,0.0,0.0,0.0,0.0,0.0,0.0,0.0,0.0,0.0,0.0,0.0,0.0,0.0,0.0,0.0,0.0,0.0,0.0,0.0,0.0,0.0,0.0,0.0,0.0,0.0,0.0,0.0,0.0,0.0,0.0,0.0,0.0,0.0,0.0,0.0,0.0,0.0,0.0,0.0,0.0,0.0,0.0,0.0,0.0,0.0,0.0,0.0,0.0,0.0,0.0,0.0,0.0,0.0,0.0,0.0,0.0,0.0,0.0,0.0,0.0,0.0,0.0,0.0,
adult_sim2real,synthetic_ai,lime,sparse_robust,8,5,1,2.42,0.1,2.39,0.12,0.16,0.0,0.0,0.0,0.0,0.0,0.0,0.0,0.0,0.0,0.0,0.13,0.0,0.08,0.07,0.08,0.0,0.03,0.0,0.0,0.0,0.07,0.06,0.01,0.14,0.12,0.14,0.0,0.0,0.0,0.0,0.0,0.0,0.0,0.0,0.08,0.0,0.0,0.0,0.0,0.0,0.0,0.0,0.0,0.0,0.0,0.0,0.01,0.01,0.0,0.0,0.0,0.11,0.21,0.15,0.02,0.0,0.0,0.0,0.0,0.0,0.0,0.04,0.0,
adult_sim2real,synthetic_ai,lime,,8,5,1,4.36,0.15,2.67,0.17,0.1,0.22,0.32,0.48,0.44,0.16,0.52,0.09,0.17,0.61,0.05,0.94,0.05,0.16,0.08,0.01,0.7,0.12,0.57,0.22,0.15,0.74,0.26,0.96,0.09,0.0,0.46,0.21,0.17,0.32,0.18,0.03,0.02,0.04,0.34,0.2,0.2,0.17,0.09,0.15,0.18,0.6,0.2,0.16,0.49,0.29,0.07,0.91,0.04,0.24,0.13,0.2,0.06,0.82,0.67,0.22,0.12,0.11,0.08,0.24,0.21,0.0,0.51,0.03,
adult_sim2real,synthetic_ai,lime,faithful,9,9,1,8.08,0.74,5.97,0.7,0.1,0.0,0.0,0.12,0.31,0.29,0.07,0.08,0.35,0.25,0.05,0.64,0.05,0.47,0.42,0.59,0.21,0.32,0.07,0.22,0.15,0.23,0.29,0.14,0.83,0.58,0.8,0.15,0.16,0.05,0.27,0.01,0.08,0.01,0.25,0.46,0.24,0.15,0.18,0.28,0.1,0.13,0.08,0.38,0.22,0.03,0.58,0.44,0.15,0.29,0.34,0.34,0.84,0.19,0.02,0.57,0.13,0.08,0.06,0.45,0.2,0.18,0.4,0.21,
adult_sim2real,synthetic_ai,lime,robust,9,9,1,2.72,0.21,2.72,0.24,0.28,0.05,0.02,0.04,0.1,0.08,0.07,0.04,0.08,0.07,0.07,0.25,0.03,0.2,0.19,0.2,0.08,0.15,0.08,0.02,0.11,0.18,0.17,0.11,0.26,0.24,0.26,0.04,0.09,0.03,0.1,0.05,0.03,0.0,0.05,0.2,0.08,0.0,0.06,0.11,0.01,0.02,0.01,0.1,0.04,0.01,0.08,0.13,0.12,0.07,0.08,0.11,0.23,0.33,0.27,0.13,0.06,0.04,0.08,0.11,0.05,0.06,0.15,0.06,
adult_sim2real,synthetic_ai,lime,sparse,9,9,1,7.58,0.24,5.47,0.2,0.0,0.0,0.0,0.0,0.0,0.0,0.0,0.0,0.0,0.0,0.0,0.14,0.0,0.0,0.0,0.09,0.0,0.0,0.0,0.0,0.0,0.0,0.0,0.0,0.33,0.08,0.3,0.0,0.0,0.0,0.0,0.0,0.0,0.0,0.0,0.0,0.0,0.0,0.0,0.0,0.0,0.0,0.0,0.0,0.0,0.0,0.08,0.0,0.0,0.0,0.0,0.0,0.34,0.0,0.0,0.07,0.0,0.0,0.0,0.0,0.0,0.0,0.0,0.0,
adult_sim2real,synthetic_ai,lime,sparse_robust,9,9,1,2.42,0.1,2.41,0.12,0.16,0.0,0.0,0.0,0.0,0.0,0.0,0.0,0.0,0.0,0.0,0.13,0.0,0.08,0.07,0.08,0.0,0.03,0.0,0.0,0.01,0.07,0.06,0.01,,,,,,,,,,,,,,,,,,,,,,,,,,,,,,,,,,,,,,,,,
adult_sim2real,synthetic_ai,lime,,9,9,1,4.36,0.29,3.24,0.53,0.23,0.32,0.16,0.11,0.28,0.18,0.29,0.62,0.56,0.06,0.2,0.39,0.27,0.09,0.63,0.07,0.05,0.02,0.08,0.5,0.18,0.19,0.31,0.08,0.72,0.0,0.6,0.47,0.01,0.38,0.14,0.3,0.38,0.1,0.32,0.36,0.1,0.04,0.09,0.31,0.11,0.39,0.35,0.65,0.2,0.47,0.06,0.83,0.49,0.16,0.12,0.18,0.74,0.34,0.28,0.15,0.7,0.23,0.13,0.45,0.55,0.99,0.79,0.25,
adult_sim2real,synthetic_ai,lime,faithful,10,0,0,8.08,0.81,6.69,0.69,0.8999999999999999,0.2,0.06,0.11,0.15,0.15,0.29,0.16,0.18,0.21,0.46,0.56,0.07,0.49,0.4699999999999999,0.35,0.09,0.39,0.33,0.1499999999999999,0.28,0.52,0.53,0.4,0.6800000000000002,0.59,0.61,0.13,0.21,0.0799999999999999,0.24,0.23,0.11,0.08,0.1099999999999999,0.47,0.29,0.08,0.2299999999999999,0.21,0.16,0.0699999999999999,0.09,0.17,0.1299999999999999,0.0199999999999999,0.1,0.44,0.1999999999999999,0.04,0.16,0.28,0.55,1.12,1.14,0.2099999999999999,0.2699999999999999,0.09,0.34,0.21,0.04,0.06,0.34,0.16,
adult_sim2real,synthetic_ai,lime,robust,10,0,0,2.72,0.2,2.45,0.22,0.26,0.04,0.02,0.04,0.0899999999999999,0.07,0.07,0.03,0.07,0.06,0.06,0.23,0.02,0.18,0.17,0.18,0.07,0.13,0.07,0.01,0.1,0.17,0.15,0.11,0.24,0.22,0.23,0.04,0.08,0.03,0.09,0.05,0.03,0.0,0.04,0.18,0.07,0.0,0.05,0.1,0.01,0.01,0.01,0.08,0.04,0.01,0.06,0.11,0.1,0.06,0.07,0.1,0.21,0.3,0.25,0.12,0.06,0.03,0.07,0.1,0.04,0.06,0.14,0.05,
adult_sim2real,synthetic_ai,lime,sparse,10,0,0,7.58,0.31,6.19,0.19,0.4,0.0,0.0,0.0,0.0,0.0,0.0,0.0,0.0,0.0,0.0,0.06,0.0,0.0,0.0,0.0,0.0,0.0,0.0,0.0,0.0,0.0199999999999999,0.03,0.0,0.18,0.09,0.11,0.0,0.0,0.0,0.0,0.0,0.0,0.0,0.0,0.0,0.0,0.0,0.0,0.0,0.0,0.0,0.0,0.0,0.0,0.0,0.0,0.0,0.0,0.0,0.0,0.0,0.05,0.62,0.64,0.0,0.0,0.0,0.0,0.0,0.0,0.0,0.0,0.0,
adult_sim2real,synthetic_ai,lime,sparse_robust,10,0,0,2.42,0.11,2.41,0.12,0.16,0.0,0.0,0.0,0.0,0.0,0.0,0.0,0.0,0.0,0.0,0.13,0.0,0.08,0.07,0.08,0.0,0.03,0.0,0.0,0.01,0.07,0.06,0.01,0.14,0.12,0.14,0.0,0.0,0.0,0.0,0.0,0.0,0.0,0.0,0.08,0.0,0.0,0.0,0.0,0.0,0.0,0.0,0.0,0.0,0.0,0.0,0.01,0.01,0.0,0.0,0.0,0.11,0.21,0.16,0.02,0.0,0.0,0.0,0.0,0.0,0.0,0.04,0.0,
adult_sim2real,synthetic_ai,lime,,10,0,0,4.36,0.06,4.0,0.06,0.03,0.3500000000000001,0.39,0.53,0.0999999999999999,0.76,0.3,0.01,0.34,0.31,0.73,0.7500000000000001,0.0799999999999999,0.0199999999999999,0.15,0.2399999999999999,0.4799999999999999,0.3600000000000001,0.0999999999999999,0.0499999999999999,0.11,0.84,0.12,0.37,0.54,0.0,0.01,0.62,0.2000000000000001,1.03,0.24,1.2799999999999998,0.1800000000000001,0.69,0.1199999999999999,0.4199999999999999,0.0399999999999999,0.5700000000000001,0.65,0.4,0.7999999999999999,0.05,1.12,0.1700000000000001,0.11,1.0,0.23,0.69,0.31,0.9099999999999998,0.4099999999999999,0.58,0.2499999999999999,0.2299999999999999,0.14,0.1,0.1299999999999999,0.0799999999999999,0.3099999999999999,0.51,0.3899999999999999,0.06,0.26,0.48,
adult_sim2real,synthetic_ai,lime,faithful,11,1,0,8.08,0.9499999999999998,7.67,0.65,0.8699999999999999,0.09,0.21,0.05,0.31,0.12,0.18,0.0899999999999999,0.16,0.15,0.05,0.74,0.0699999999999999,0.53,0.53,0.46,0.1,0.43,0.31,0.05,0.32,0.63,0.46,0.5,0.8000000000000002,0.72,0.65,0.15,0.26,0.1099999999999999,0.1999999999999999,0.19,0.09,0.01,0.13,0.56,0.26,0.15,0.18,0.31,0.04,0.0099999999999999,0.01,0.23,0.06,0.0399999999999999,0.19,0.24,0.32,0.18,0.0599999999999999,0.3599999999999999,0.53,1.17,1.02,0.37,0.12,0.11,0.21,0.27,0.03,0.14,0.41,0.12,
adult_sim2real,synthetic_ai,lime,robust,11,1,0,2.72,0.22,2.66,0.23,0.28,0.05,0.02,0.04,0.1,0.07,0.07,0.04,0.08,0.07,0.07,0.25,0.03,0.19,0.18,0.19,0.08,0.14,0.08,0.01,0.11,0.18,0.17,0.12,0.26,0.24,0.25,0.04,0.08,0.03,0.1,0.05,0.03,0.0,0.04,0.19,0.08,0.0,0.06,0.11,0.01,0.02,0.01,0.09,0.04,0.01,0.07,0.12,0.11,0.07,0.07,0.11,0.22,0.33,0.27,0.13,0.06,0.04,0.08,0.1,0.04,0.06,0.15,0.06,
adult_sim2real,synthetic_ai,lime,sparse,11,1,0,7.58,0.45,7.17,0.15,0.37,0.0,0.0,0.0,0.0,0.0,0.0,0.0,0.0,0.0,0.0,0.24,0.0,0.0299999999999999,0.03,0.0,0.0,0.0,0.0,0.0,0.0,0.13,0.0,0.0,0.3,0.22,0.15,0.0,0.0,0.0,0.0,0.0,0.0,0.0,0.0,0.06,0.0,0.0,0.0,0.0,0.0,0.0,0.0,0.0,0.0,0.0,0.0,0.0,0.0,0.0,0.0,0.0,0.03,0.67,0.52,0.0,0.0,0.0,0.0,0.0,0.0,0.0,0.0,0.0,
adult_sim2real,synthetic_ai,lime,sparse_robust,11,1,0,2.42,0.11,2.41,0.12,0.16,0.0,0.0,0.0,0.0,0.0,0.0,0.0,0.0,0.0,0.0,0.13,0.0,0.08,0.07,0.08,0.0,0.04,0.0,0.0,0.01,0.07,0.06,0.01,0.14,0.12,0.14,0.0,0.0,0.0,0.0,0.0,0.0,0.0,0.0,0.08,0.0,0.0,0.0,0.0,0.0,0.0,0.0,0.0,0.0,0.0,0.0,0.01,0.01,0.0,0.0,0.0,0.11,0.21,0.16,0.02,0.0,0.0,0.0,0.0,0.0,0.0,0.04,0.0,
adult_sim2real,synthetic_ai,lime,,11,1,0,4.36,0.13,4.12,0.14,0.3899999999999999,0.39,0.09,0.6299999999999999,0.0099999999999998,0.4399999999999999,0.57,0.5299999999999999,0.4399999999999999,0.1,0.12,0.05,0.41,0.3900000000000001,0.26,0.0799999999999999,0.28,0.26,0.02,0.3399999999999999,0.0399999999999999,0.01,0.34,0.49,0.96,0.0,0.17,0.1899999999999999,0.38,0.26,0.84,0.39,0.0599999999999999,0.63,0.01,0.2299999999999999,0.19,0.0,0.2000000000000001,0.84,0.15,0.09,0.1,0.18,0.36,0.01,0.09,0.17,0.0099999999999998,0.4199999999999999,0.23,0.51,0.4199999999999999,0.2399999999999999,0.43,0.7499999999999999,0.8,0.2399999999999999,0.59,0.2,0.07,0.5000000000000001,0.04,0.5,
adult_sim2real,synthetic_ai,lime,faithful,12,2,1,8.08,1.19,6.92,1.06,0.66,0.15,0.1,0.05,0.38,0.1799999999999999,0.04,0.03,0.12,0.08,0.41,0.68,0.01,0.34,0.5,0.61,0.04,0.53,0.05,0.5,0.1699999999999999,0.45,0.63,0.65,1.11,0.67,0.41,0.13,0.21,0.04,0.24,0.38,0.03,0.2399999999999999,0.48,0.49,0.1999999999999999,0.44,0.16,0.21,0.12,0.11,0.05,0.08,0.4,0.22,0.1599999999999999,0.3999999999999999,0.1799999999999999,0.23,0.05,0.07,0.79,1.53,1.36,0.11,0.3,0.1,0.61,0.26,0.42,0.01,0.38,0.0,
adult_sim2real,synthetic_ai,lime,robust,12,2,1,2.72,0.19,2.35,0.21,0.24,0.04,0.02,0.03,0.0899999999999999,0.06,0.06,0.03,0.07,0.06,0.06,0.22,0.02,0.17,0.16,0.17,0.07,0.13,0.06,0.02,0.1,0.16,0.15,0.1,0.23,0.21,0.22,0.03,0.07,0.03,0.08,0.04,0.03,0.0,0.04,0.17,0.07,0.01,0.05,0.09,0.01,0.01,0.01,0.08,0.03,0.01,0.06,0.11,0.1,0.06,0.06,0.09,0.2,0.29,0.24,0.11,0.06,0.03,0.06,0.09,0.04,0.05,0.13,0.05,
adult_sim2real,synthetic_ai,lime,sparse,12,2,1,7.58,0.6899999999999998,6.42,0.56,0.16,0.0,0.0,0.0,0.0,0.0,0.0,0.0,0.0,0.0,0.0,0.18,0.0,0.0,0.0,0.1099999999999999,0.0,0.03,0.0,0.0,0.0,0.0,0.13,0.15,0.61,0.17,0.0,0.0,0.0,0.0,0.0,0.0,0.0,0.0,0.0,0.0,0.0,0.0,0.0,0.0,0.0,0.0,0.0,0.0,0.0,0.0,0.0,0.0,0.0,0.0,0.0,0.0,0.29,1.03,0.86,0.0,0.0,0.0,0.1099999999999999,0.0,0.0,0.0,0.0,0.0,
adult_sim2real,synthetic_ai,lime,sparse_robust,12,2,1,2.42,0.11,2.41,0.12,0.16,0.0,0.0,0.0,0.0,0.0,0.0,0.0,0.0,0.0,0.0,0.13,0.0,0.08,0.07,0.08,0.0,0.04,0.0,0.0,0.01,0.07,0.06,0.01,0.14,0.12,0.14,0.0,0.0,0.0,0.0,0.0,0.0,0.0,0.0,0.08,0.0,0.0,0.0,0.0,0.0,0.0,0.0,0.0,0.0,0.0,0.0,0.01,0.01,0.0,0.0,0.0,0.11,0.21,0.16,0.02,0.0,0.0,0.0,0.0,0.0,0.0,0.04,0.0,
adult_sim2real,synthetic_ai,lime,,12,2,1,4.36,0.07,4.0,0.6,0.6,0.0699999999999999,0.13,0.12,0.09,0.01,0.04,0.1299999999999999,0.14,0.52,0.09,0.3499999999999999,0.65,0.5999999999999999,0.61,0.1499999999999999,0.0999999999999999,0.31,0.42,0.29,0.36,0.2799999999999999,0.63,0.7,0.33,0.0,0.37,0.19,0.2399999999999999,0.11,0.1499999999999999,0.3499999999999999,0.0799999999999998,0.03,0.4900000000000001,0.2299999999999999,0.13,0.27,0.0699999999999999,0.5099999999999999,0.69,0.17,0.1499999999999999,0.43,0.75,0.1799999999999999,0.4,0.2,0.2099999999999998,0.0299999999999999,0.11,0.05,0.79,0.62,0.04,0.3,0.23,0.0399999999999999,0.66,0.4799999999999998,0.1,0.0499999999999999,0.2699999999999999,0.0299999999999998,
adult_sim2real,synthetic_ai,lime,faithful,13,3,0,8.08,0.0099999999999999,0.04,0.0,0.0,0.0,0.0,0.0,0.0,0.0,0.0,0.0,0.0,0.0,0.0,0.0,0.0,0.0,0.0,0.0,0.0,0.0,0.0,0.0,0.0,0.0,0.0,0.0,0.0,0.0,0.0,0.0,0.0,0.0,0.0,0.0,0.0,0.0,0.0,0.0,0.0,0.0,0.0,0.0,0.0,0.0,0.0,0.0,0.0,0.0,0.0,0.0,0.0,0.0,0.0,0.0,0.0,0.0099999999999999,0.01,0.0,0.0,0.0,0.0,0.0,0.0,0.0,0.0,0.0,
adult_sim2real,synthetic_ai,lime,robust,13,3,0,2.72,0.2,2.37,0.21,0.25,0.04,0.02,0.03,0.0899999999999999,0.06,0.07,0.03,0.07,0.06,0.06,0.22,0.02,0.17,0.16,0.17,0.07,0.13,0.07,0.02,0.1,0.16,0.15,0.11,0.23,0.21,0.22,0.03,0.08,0.03,0.09,0.04,0.03,0.0,0.04,0.17,0.07,0.0,0.05,0.09,0.01,0.01,0.01,0.08,0.03,0.01,0.06,0.11,0.1,0.06,0.06,0.1,0.2,0.3,0.25,0.11,0.06,0.03,0.06,0.09,0.04,0.05,0.13,0.05,
adult_sim2real,synthetic_ai,lime,sparse,13,3,0,7.58,0.0,0.0,0.0,0.0,0.0,0.0,0.0,0.0,0.0,0.0,0.0,0.0,0.0,0.0,0.0,0.0,0.0,0.0,0.0,0.0,0.0,0.0,0.0,0.0,0.0,0.0,0.0,0.0,0.0,0.0,0.0,0.0,0.0,0.0,0.0,0.0,0.0,0.0,0.0,0.0,0.0,0.0,0.0,0.0,0.0,0.0,0.0,0.0,0.0,0.0,0.0,0.0,0.0,0.0,0.0,0.0,0.0,0.0,0.0,0.0,0.0,0.0,0.0,0.0,0.0,0.0,0.0,
adult_sim2real,synthetic_ai,lime,sparse_robust,13,3,0,2.42,0.11,2.38,0.12,0.16,0.0,0.0,0.0,0.0,0.0,0.0,0.0,0.0,0.0,0.0,0.13,0.0,0.08,0.07,0.08,0.0,0.03,0.0,0.0,0.0,0.07,0.05,0.01,0.14,0.12,0.14,0.0,0.0,0.0,0.0,0.0,0.0,0.0,0.0,0.08,0.0,0.0,0.0,0.0,0.0,0.0,0.0,0.0,0.0,0.0,0.0,0.01,0.01,0.0,0.0,0.0,0.11,0.21,0.15,0.02,0.0,0.0,0.0,0.0,0.0,0.0,0.04,0.0,
adult_sim2real,synthetic_ai,lime,,13,3,0,4.36,0.06,0.09,0.04,0.0499999999999999,0.01,0.0,0.01,0.02,0.0,0.04,0.01,0.06,0.02,0.0199999999999999,0.04,0.05,0.0099999999999999,0.0299999999999999,0.04,0.0399999999999999,0.04,0.0099999999999999,0.02,0.0399999999999999,0.01,0.03,0.0,0.0199999999999999,0.04,0.07,0.0899999999999999,0.0,0.02,0.07,0.0599999999999998,0.0100000000000001,0.05,0.01,0.03,0.0299999999999999,0.0299999999999999,0.0199999999999999,0.0099999999999999,0.0499999999999999,0.02,0.04,0.0099999999999999,0.0,0.04,0.02,0.0099999999999999,0.02,0.0199999999999999,0.06,0.01,0.09,0.0399999999999999,0.03,0.03,0.0,0.01,0.0,0.0,0.01,0.0199999999999999,0.01,0.0699999999999999,
adult_sim2real,synthetic_ai,lime,faithful,14,4,0,8.08,0.72,4.94,0.32,0.3,0.0599999999999999,0.05,0.1899999999999999,0.18,0.16,0.03,0.0399999999999999,0.26,0.17,0.0899999999999999,0.49,0.24,0.38,0.33,0.4,0.31,0.1,0.03,0.03,0.1699999999999999,0.2,0.1899999999999999,0.1099999999999999,0.25,0.44,0.64,0.0399999999999999,0.15,0.09,0.35,0.07,0.0099999999999999,0.0,0.1099999999999999,0.37,0.1099999999999999,0.12,0.15,0.37,0.1599999999999999,0.12,0.05,0.3400000000000001,0.26,0.16,0.15,0.44,0.27,0.28,0.28,0.31,0.5,0.0,0.1099999999999999,0.4199999999999999,0.12,0.06,0.2799999999999999,0.26,0.06,0.28,0.3,0.18,
adult_sim2real,synthetic_ai,lime,robust,14,4,0,2.72,0.22,2.67,0.23,0.28,0.05,0.02,0.04,0.1,0.08,0.07,0.04,0.08,0.07,0.07,0.25,0.03,0.2,0.18,0.19,0.08,0.14,0.08,0.01,0.11,0.18,0.17,0.11,0.25,0.24,0.25,0.04,0.09,0.03,0.1,0.05,0.03,0.0,0.04,0.19,0.08,0.0,0.06,0.11,0.01,0.02,0.01,0.1,0.04,0.0,0.07,0.12,0.12,0.07,0.07,0.11,0.22,0.33,0.27,0.13,0.06,0.04,0.08,0.11,0.04,0.06,0.15,0.06,
adult_sim2real,synthetic_ai,lime,sparse,14,4,0,7.58,0.22,4.44,0.0,0.0,0.0,0.0,0.0,0.0,0.0,0.0,0.0,0.0,0.0,0.0,0.0,0.0,0.0,0.0,0.0,0.0,0.0,0.0,0.0,0.0,0.0,0.0,0.0,0.0,0.0,0.14,0.0,0.0,0.0,0.0,0.0,0.0,0.0,0.0,0.0,0.0,0.0,0.0,0.0,0.0,0.0,0.0,0.0,0.0,0.0,0.0,0.0,0.0,0.0,0.0,0.0,0.0,0.0,0.0,0.0,0.0,0.0,0.0,0.0,0.0,0.0,0.0,0.0,
adult_sim2real,synthetic_ai,lime,sparse_robust,14,4,0,2.42,0.1,2.4,0.12,0.16,0.0,0.0,0.0,0.0,0.0,0.0,0.0,0.0,0.0,0.0,0.13,0.0,0.08,0.07,0.08,0.0,0.03,0.0,0.0,0.01,0.07,0.06,0.01,0.14,0.12,0.14,0.0,0.0,0.0,0.0,0.0,0.0,0.0,0.0,0.08,0.0,0.0,0.0,0.0,0.0,0.0,0.0,0.0,0.0,0.0,0.0,0.01,0.01,0.0,0.0,0.0,0.11,0.21,0.15,0.02,0.0,0.0,0.0,0.0,0.0,0.0,0.04,0.0,
adult_sim2real,synthetic_ai,lime,,14,4,0,4.36,0.62,2.88,0.2,0.4799999999999999,0.4099999999999999,0.1099999999999999,0.2700000000000001,0.38,0.35,0.68,0.1099999999999999,0.25,0.3799999999999999,0.1299999999999999,0.1299999999999999,0.24,0.0099999999999999,0.3800000000000001,0.6400000000000001,0.51,0.3999999999999999,0.17,0.4499999999999999,0.54,0.74,0.36,0.0,0.7000000000000001,0.0,0.2099999999999999,0.0299999999999999,0.1900000000000001,0.59,0.5299999999999999,0.52,0.0999999999999998,0.76,0.13,0.1,0.0099999999999999,0.65,0.0799999999999999,0.13,0.0399999999999999,0.2199999999999999,0.4599999999999999,0.2199999999999999,0.09,0.33,0.39,0.4399999999999999,0.02,0.4899999999999999,0.08,0.5299999999999999,0.2499999999999999,0.1799999999999999,0.05,0.42,0.56,0.23,0.42,0.0899999999999999,0.06,0.1499999999999999,0.69,0.23,
adult_sim2real,synthetic_ai,lime,faithful,15,5,0,8.08,0.0,0.04,0.0,0.0099999999999999,0.0,0.0,0.0,0.0,0.0,0.0,0.0,0.0,0.0,0.01,0.0,0.0,0.0,0.0,0.0,0.0,0.0,0.0,0.0,0.0,0.0,0.0,0.0,0.0,0.0,0.0,0.0,0.0,0.0,0.0,0.0,0.0,0.0,0.0,0.0,0.0,0.0,0.0,0.0,0.0,0.0,0.0,0.0,0.0,0.0,0.0,0.0099999999999999,0.0,0.0,0.0,0.0,0.01,0.0,0.01,0.0,0.0,0.0,0.0,0.0,0.0,0.0,0.0,0.0,
adult_sim2real,synthetic_ai,lime,robust,15,5,0,2.72,0.2,2.35,0.21,0.25,0.04,0.02,0.04,0.0899999999999999,0.07,0.07,0.03,0.07,0.06,0.06,0.22,0.02,0.17,0.16,0.17,0.07,0.13,0.07,0.01,0.1,0.16,0.15,0.1,0.22,0.21,0.22,0.03,0.07,0.03,0.09,0.04,0.03,0.0,0.04,0.17,0.07,0.0,0.05,0.09,0.01,0.01,0.01,0.08,0.03,0.01,0.06,0.11,0.1,0.06,0.06,0.1,0.2,0.29,0.24,0.11,0.06,0.03,0.07,0.09,0.04,0.05,0.13,0.05,
adult_sim2real,synthetic_ai,lime,sparse,15,5,0,7.58,0.0,0.0,0.0,0.0,0.0,0.0,0.0,0.0,0.0,0.0,0.0,0.0,0.0,0.0,0.0,0.0,0.0,0.0,0.0,0.0,0.0,0.0,0.0,0.0,0.0,0.0,0.0,0.0,0.0,0.0,0.0,0.0,0.0,0.0,0.0,0.0,0.0,0.0,0.0,0.0,0.0,0.0,0.0,0.0,0.0,0.0,0.0,0.0,0.0,0.0,0.0,0.0,0.0,0.0,0.0,0.0,0.0,0.0,0.0,0.0,0.0,0.0,0.0,0.0,0.0,0.0,0.0,
adult_sim2real,synthetic_ai,lime,sparse_robust,15,5,0,2.42,0.11,2.38,0.12,0.16,0.0,0.0,0.0,0.0,0.0,0.0,0.0,0.0,0.0,0.0,0.13,0.0,0.08,0.07,0.08,0.0,0.03,0.0,0.0,0.0,0.07,0.05,0.01,0.14,0.12,0.14,0.0,0.0,0.0,0.0,0.0,0.0,0.0,0.0,0.08,0.0,0.0,0.0,0.0,0.0,0.0,0.0,0.0,0.0,0.0,0.0,0.01,0.01,0.0,0.0,0.0,0.11,0.21,0.15,0.02,0.0,0.0,0.0,0.0,0.0,0.0,0.04,0.0,
adult_sim2real,synthetic_ai,lime,,15,5,0,4.36,0.23,0.4,0.1699999999999999,0.14,0.05,0.09,0.16,0.26,0.05,0.1899999999999999,0.1499999999999999,0.22,0.0799999999999999,0.23,0.2500000000000001,0.24,0.0099999999999999,0.0099999999999999,0.1,0.1600000000000001,0.12,0.14,0.0,0.0199999999999999,0.3,0.0099999999999999,0.0599999999999999,0.05,0.0,0.25,0.0299999999999999,0.1799999999999999,0.04,0.1699999999999999,0.1099999999999999,0.0799999999999998,0.0399999999999999,0.19,0.28,0.02,0.15,0.0900000000000001,0.0400000000000001,0.2899999999999998,0.0,0.0,0.08,0.01,0.15,0.12,0.0999999999999999,0.04,0.0099999999999999,0.13,0.1499999999999999,0.2099999999999999,0.0799999999999999,0.05,0.28,0.19,0.01,0.1799999999999999,0.11,0.2,0.31,0.17,0.0099999999999999,
adult_sim2real,synthetic_ai,lime,faithful,16,6,0,8.08,0.15,1.14,0.0899999999999999,0.18,0.03,0.01,0.0,0.06,0.05,0.0599999999999999,0.0599999999999999,0.09,0.0199999999999999,0.1499999999999999,0.11,0.03,0.08,0.08,0.09,0.02,0.05,0.02,0.1,0.08,0.04,0.08,0.0799999999999999,0.05,0.02,0.09,0.03,0.0299999999999999,0.02,0.08,0.0299999999999999,0.03,0.0,0.0499999999999999,0.0799999999999999,0.01,0.04,0.0999999999999999,0.01,0.0,0.0099999999999999,0.0,0.02,0.04,0.03,0.13,0.1299999999999999,0.0,0.01,0.03,0.0,0.15,0.1099999999999999,0.12,0.05,0.03,0.01,0.1,0.04,0.04,0.0,0.0599999999999999,0.0,
adult_sim2real,synthetic_ai,lime,robust,16,6,0,2.72,0.2,2.38,0.21,0.25,0.04,0.02,0.03,0.0899999999999999,0.07,0.07,0.03,0.07,0.06,0.07,0.22,0.02,0.17,0.16,0.17,0.07,0.13,0.07,0.01,0.1,0.16,0.15,0.11,0.23,0.21,0.23,0.03,0.08,0.03,0.09,0.04,0.03,0.0,0.04,0.17,0.07,0.0,0.05,0.09,0.01,0.01,0.01,0.08,0.03,0.01,0.06,0.11,0.1,0.06,0.06,0.1,0.2,0.3,0.25,0.11,0.06,0.03,0.07,0.09,0.04,0.05,0.13,0.05,
adult_sim2real,synthetic_ai,lime,sparse,16,6,0,7.58,0.0,0.64,0.0,0.0,0.0,0.0,0.0,0.0,0.0,0.0,0.0,0.0,0.0,0.0,0.0,0.0,0.0,0.0,0.0,0.0,0.0,0.0,0.0,0.0,0.0,0.0,0.0,0.0,0.0,0.0,0.0,0.0,0.0,0.0,0.0,0.0,0.0,0.0,0.0,0.0,0.0,0.0,0.0,0.0,0.0,0.0,0.0,0.0,0.0,0.0,0.0,0.0,0.0,0.0,0.0,0.0,0.0,0.0,0.0,0.0,0.0,0.0,0.0,0.0,0.0,0.0,0.0,
adult_sim2real,synthetic_ai,lime,sparse_robust,16,6,0,2.42,0.11,2.39,0.12,0.16,0.0,0.0,0.0,0.0,0.0,0.0,0.0,0.0,0.0,0.0,0.13,0.0,0.08,0.07,0.08,0.0,0.03,0.0,0.0,0.0,0.07,0.06,0.01,0.14,0.12,0.14,0.0,0.0,0.0,0.0,0.0,0.0,0.0,0.0,0.08,0.0,0.0,0.0,0.0,0.0,0.0,0.0,0.0,0.0,0.0,0.0,0.01,0.01,0.0,0.0,0.0,0.11,0.21,0.15,0.02,0.0,0.0,0.0,0.0,0.0,0.0,0.04,0.0,
adult_sim2real,synthetic_ai,lime,,16,6,0,4.36,0.02,1.54,0.3199999999999999,1.3799999999999997,0.14,0.68,0.1699999999999999,0.0999999999999999,0.2399999999999999,0.2399999999999998,0.0299999999999999,0.02,0.0299999999999999,0.57,0.0299999999999999,0.3699999999999999,0.48,0.34,0.0699999999999999,0.1199999999999999,0.3400000000000002,0.5899999999999997,0.2999999999999999,0.0399999999999999,0.3699999999999999,0.29,0.1,0.2999999999999999,0.13,0.3,0.21,0.91,0.19,0.3400000000000001,0.3399999999999999,0.5799999999999998,0.17,0.33,0.1899999999999999,0.2900000000000001,0.1199999999999999,0.11,0.21,0.1099999999999999,0.1699999999999999,0.51,0.48,0.03,0.24,0.1699999999999999,0.1100000000000001,0.1599999999999999,0.32,0.52,0.01,0.4000000000000001,0.32,0.21,0.67,0.08,0.2100000000000001,0.1,0.0499999999999999,0.2399999999999999,0.11,0.18,0.3899999999999999,
adult_sim2real,synthetic_ai,lime,faithful,17,7,0,8.08,1.13,5.3,0.48,0.68,0.23,0.02,0.05,0.19,0.2,0.27,0.13,0.13,0.12,0.32,0.44,0.08,0.4,0.36,0.34,0.06,0.35,0.2499999999999999,0.08,0.28,0.44,0.41,0.38,0.42,0.39,0.39,0.07,0.17,0.0499999999999999,0.17,0.16,0.09,0.01,0.0399999999999999,0.36,0.15,0.07,0.13,0.11,0.07,0.0099999999999999,0.07,0.1,0.01,0.1,0.0299999999999999,0.14,0.23,0.01,0.05,0.14,0.37,0.9200000000000002,0.82,0.11,0.11,0.07,0.19,0.15,0.1,0.06,0.27,0.0599999999999999,
adult_sim2real,synthetic_ai,lime,robust,17,7,0,2.72,0.23,2.69,0.24,0.28,0.05,0.02,0.04,0.1,0.08,0.08,0.04,0.08,0.07,0.07,0.25,0.03,0.2,0.18,0.19,0.08,0.14,0.08,0.01,0.11,0.18,0.17,0.12,0.26,0.24,0.25,0.04,0.09,0.03,0.1,0.05,0.03,0.0,0.05,0.19,0.08,0.0,0.06,0.11,0.01,0.02,0.01,0.09,0.04,0.01,0.07,0.12,0.11,0.07,0.07,0.11,0.23,0.33,0.27,0.13,0.06,0.04,0.08,0.11,0.04,0.06,0.15,0.06,
adult_sim2real,synthetic_ai,lime,sparse,17,7,0,7.58,0.6299999999999999,4.8,0.0,0.18,0.0,0.0,0.0,0.0,0.0,0.0,0.0,0.0,0.0,0.0,0.0,0.0,0.0,0.0,0.0,0.0,0.0,0.0,0.0,0.0,0.0,0.0,0.0,0.0,0.0,0.0,0.0,0.0,0.0,0.0,0.0,0.0,0.0,0.0,0.0,0.0,0.0,0.0,0.0,0.0,0.0,0.0,0.0,0.0,0.0,0.0,0.0,0.0,0.0,0.0,0.0,0.0,0.42,0.3199999999999999,0.0,0.0,0.0,0.0,0.0,0.0,0.0,0.0,0.0,
adult_sim2real,synthetic_ai,lime,sparse_robust,17,7,0,2.42,0.11,2.4,0.12,0.16,0.0,0.0,0.0,0.0,0.0,0.0,0.0,0.0,0.0,0.0,0.13,0.0,0.08,0.07,0.08,0.0,0.03,0.0,0.0,0.01,0.07,0.06,0.01,0.14,0.12,0.14,0.0,0.0,0.0,0.0,0.0,0.0,0.0,0.0,0.08,0.0,0.0,0.0,0.0,0.0,0.0,0.0,0.0,0.0,0.0,0.0,0.01,0.01,0.0,0.0,0.0,0.11,0.21,0.16,0.02,0.0,0.0,0.0,0.0,0.0,0.0,0.04,0.0,
adult_sim2real,synthetic_ai,lime,,17,7,0,4.36,0.71,3.54,0.2999999999999999,0.08,0.9200000000000002,0.19,0.64,0.6800000000000002,0.7199999999999999,0.11,0.3400000000000001,0.22,0.7199999999999998,0.2599999999999999,0.05,0.7799999999999999,0.51,0.4299999999999999,0.17,0.55,0.1000000000000001,0.35,0.6500000000000002,0.68,0.1799999999999999,0.0399999999999999,0.4799999999999999,1.13,0.0,0.6699999999999999,0.32,0.29,0.2999999999999999,0.0999999999999999,1.13,0.0399999999999999,0.06,0.2799999999999999,0.73,0.07,0.21,0.3099999999999999,0.3799999999999999,0.68,0.3400000000000001,0.32,0.0699999999999999,0.52,0.15,0.5100000000000001,0.17,0.47,0.3999999999999999,0.4499999999999999,0.33,0.05,0.79,0.99,0.49,0.5199999999999999,0.3699999999999999,0.46,0.4099999999999999,0.7,0.03,0.72,0.1399999999999999,
adult_sim2real,synthetic_ai,lime,faithful,18,8,0,8.08,0.1299999999999999,0.55,0.04,0.0699999999999999,0.0099999999999999,0.01,0.0,0.0299999999999999,0.02,0.02,0.01,0.0099999999999999,0.0099999999999999,0.01,0.05,0.0,0.04,0.04,0.04,0.01,0.04,0.02,0.02,0.0299999999999999,0.0499999999999999,0.03,0.04,0.06,0.05,0.04,0.01,0.02,0.01,0.01,0.0099999999999999,0.0099999999999999,0.0,0.0,0.0399999999999999,0.02,0.01,0.0099999999999999,0.01,0.01,0.0,0.0,0.01,0.0,0.01,0.02,0.0099999999999999,0.0299999999999999,0.01,0.0,0.02,0.03,0.09,0.07,0.02,0.0,0.01,0.0099999999999999,0.02,0.0099999999999999,0.01,0.03,0.0,
adult_sim2real,synthetic_ai,lime,robust,18,8,0,2.72,0.2,2.35,0.21,0.25,0.04,0.02,0.03,0.0899999999999999,0.07,0.07,0.03,0.07,0.06,0.06,0.22,0.02,0.17,0.16,0.17,0.07,0.13,0.07,0.01,0.1,0.16,0.15,0.1,0.23,0.21,0.22,0.03,0.07,0.03,0.09,0.04,0.03,0.0,0.04,0.17,0.07,0.0,0.05,0.09,0.01,0.01,0.01,0.08,0.03,0.01,0.06,0.1,0.1,0.06,0.06,0.1,0.2,0.29,0.24,0.11,0.05,0.03,0.07,0.09,0.04,0.05,0.13,0.05,
adult_sim2real,synthetic_ai,lime,sparse,18,8,0,7.58,0.0,0.05,0.0,0.0,0.0,0.0,0.0,0.0,0.0,0.0,0.0,0.0,0.0,0.0,0.0,0.0,0.0,0.0,0.0,0.0,0.0,0.0,0.0,0.0,0.0,0.0,0.0,0.0,0.0,0.0,0.0,0.0,0.0,0.0,0.0,0.0,0.0,0.0,0.0,0.0,0.0,0.0,0.0,0.0,0.0,0.0,0.0,0.0,0.0,0.0,0.0,0.0,0.0,0.0,0.0,0.0,0.0,0.0,0.0,0.0,0.0,0.0,0.0,0.0,0.0,0.0,0.0,
adult_sim2real,synthetic_ai,lime,sparse_robust,18,8,0,2.42,0.11,2.38,0.12,0.16,0.0,0.0,0.0,0.0,0.0,0.0,0.0,0.0,0.0,0.0,0.13,0.0,0.08,0.07,0.08,0.0,0.03,0.0,0.0,0.0,0.07,0.05,0.01,0.14,0.12,0.14,0.0,0.0,0.0,0.0,0.0,0.0,0.0,0.0,0.08,0.0,0.0,0.0,0.0,0.0,0.0,0.0,0.0,0.0,0.0,0.0,0.01,0.01,0.0,0.0,0.0,0.11,0.21,0.15,0.02,0.0,0.0,0.0,0.0,0.0,0.0,0.04,0.0,
adult_sim2real,synthetic_ai,lime,,18,8,0,4.36,0.2800000000000002,0.67,0.2299999999999999,0.1499999999999999,0.1199999999999999,0.2099999999999999,0.4,0.16,0.0999999999999999,0.16,0.12,0.2599999999999999,0.3199999999999999,0.1899999999999999,0.2899999999999999,0.04,0.1199999999999999,0.12,0.28,0.16,0.11,0.1599999999999999,0.33,0.1199999999999999,0.22,0.29,0.1300000000000001,0.25,0.0,0.44,0.1599999999999999,0.05,0.1999999999999999,0.28,0.0699999999999998,0.09,0.06,0.11,0.1399999999999999,0.2099999999999999,0.2300000000000001,0.11,0.5799999999999998,0.0099999999999999,0.04,0.1,0.25,0.14,0.0,0.31,0.0499999999999999,0.3199999999999999,0.24,0.08,0.1099999999999999,0.16,0.1299999999999999,0.0599999999999999,0.07,0.4,0.1099999999999999,0.03,0.3599999999999999,0.0299999999999999,0.1199999999999999,0.16,0.2899999999999998,
adult_sim2real,synthetic_ai,lime,faithful,19,9,0,8.08,0.0499999999999999,0.19,0.02,0.02,0.0099999999999999,0.0,0.0,0.01,0.01,0.0099999999999999,0.0,0.0,0.0,0.0,0.02,0.01,0.01,0.01,0.02,0.0,0.02,0.0099999999999999,0.0,0.01,0.02,0.01,0.02,0.03,0.02,0.01,0.0,0.0099999999999999,0.0,0.0,0.0099999999999999,0.0,0.0,0.0,0.01,0.01,0.0,0.0,0.0,0.0,0.0,0.0,0.0,0.01,0.01,0.01,0.0099999999999999,0.0099999999999999,0.0,0.0,0.0,0.02,0.04,0.03,0.01,0.0,0.0,0.0,0.01,0.0099999999999999,0.0,0.0099999999999999,0.0,
adult_sim2real,synthetic_ai,lime,robust,19,9,0,2.72,0.19,2.32,0.21,0.24,0.04,0.02,0.03,0.0899999999999999,0.06,0.06,0.03,0.07,0.06,0.06,0.22,0.02,0.17,0.16,0.17,0.07,0.13,0.06,0.02,0.1,0.16,0.15,0.1,0.23,0.21,0.22,0.03,0.07,0.03,0.08,0.04,0.02,0.0,0.04,0.17,0.07,0.01,0.05,0.09,0.01,0.01,0.01,0.08,0.03,0.01,0.06,0.11,0.1,0.06,0.06,0.09,0.2,0.29,0.23,0.11,0.05,0.03,0.06,0.09,0.04,0.05,0.13,0.05,
adult_sim2real,synthetic_ai,lime,sparse,19,9,0,7.58,0.0,0.0,0.0,0.0,0.0,0.0,0.0,0.0,0.0,0.0,0.0,0.0,0.0,0.0,0.0,0.0,0.0,0.0,0.0,0.0,0.0,0.0,0.0,0.0,0.0,0.0,0.0,0.0,0.0,0.0,0.0,0.0,0.0,0.0,0.0,0.0,0.0,0.0,0.0,0.0,0.0,0.0,0.0,0.0,0.0,0.0,0.0,0.0,0.0,0.0,0.0,0.0,0.0,0.0,0.0,0.0,0.0,0.0,0.0,0.0,0.0,0.0,0.0,0.0,0.0,0.0,0.0,
adult_sim2real,synthetic_ai,lime,sparse_robust,19,9,0,2.42,0.11,2.38,0.12,0.16,0.0,0.0,0.0,0.0,0.0,0.0,0.0,0.0,0.0,0.0,0.13,0.0,0.08,0.07,0.08,0.0,0.03,0.0,0.0,0.0,0.07,0.05,0.01,0.14,0.12,0.14,0.0,0.0,0.0,0.0,0.0,0.0,0.0,0.0,0.08,0.0,0.0,0.0,0.0,0.0,0.0,0.0,0.0,0.0,0.0,0.0,0.01,0.01,0.0,0.0,0.0,0.11,0.21,0.15,0.02,0.0,0.0,0.0,0.0,0.0,0.0,0.04,0.0,
adult_sim2real,synthetic_ai,lime,,19,9,0,4.36,0.1,0.35,0.05,0.08,0.1199999999999999,0.1099999999999999,0.07,0.0499999999999999,0.05,0.03,0.1299999999999999,0.0299999999999999,0.0899999999999999,0.16,0.0299999999999999,0.05,0.09,0.02,0.0899999999999999,0.13,0.0299999999999998,0.0099999999999999,0.1899999999999999,0.0199999999999999,0.1599999999999999,0.0999999999999999,0.0799999999999999,0.06,0.0,0.0199999999999999,0.14,0.0299999999999998,0.07,0.0499999999999999,0.1600000000000001,0.1400000000000001,0.1299999999999999,0.0699999999999999,0.06,0.08,0.0699999999999999,0.2,0.0199999999999999,0.1099999999999999,0.03,0.0300000000000001,0.11,0.08,0.0,0.0699999999999999,0.0199999999999998,0.0,0.0199999999999999,0.0099999999999999,0.0599999999999999,0.24,0.06,0.05,0.04,0.04,0.1299999999999999,0.02,0.0499999999999999,0.0799999999999999,0.0999999999999999,0.04,0.17,
adult_sim2real,synthetic_ai,lime,faithful,20,10,0,8.08,0.0,0.01,0.0,0.0,0.0,0.0,0.0,0.0,0.0,0.0,0.0,0.0,0.0,0.0,0.0,0.0,0.0,0.0,0.0,0.0,0.0,0.0,0.0,0.0,0.0,0.0,0.0,0.0,0.0,0.0,0.0,0.0,0.0,0.0,0.0,0.0,0.0,0.0,0.0,0.0,0.0,0.0,0.0,0.0,0.0,0.0,0.0,0.0,0.0,0.0,0.0,0.0,0.0,0.0,0.0,0.0,0.0,0.0,0.0,0.0,0.0,0.0,0.0,0.0,0.0,0.0,0.0,
adult_sim2real,synthetic_ai,lime,robust,20,10,0,2.72,0.2,2.36,0.21,0.25,0.04,0.02,0.03,0.0899999999999999,0.07,0.07,0.03,0.07,0.06,0.06,0.22,0.02,0.17,0.16,0.17,0.07,0.13,0.07,0.01,0.1,0.16,0.15,0.1,0.23,0.21,0.22,0.03,0.07,0.03,0.09,0.04,0.03,0.0,0.04,0.17,0.07,0.0,0.05,0.09,0.01,0.01,0.01,0.08,0.03,0.01,0.06,0.1,0.1,0.06,0.06,0.1,0.2,0.29,0.24,0.11,0.05,0.03,0.07,0.09,0.04,0.05,0.13,0.05,
adult_sim2real,synthetic_ai,lime,sparse,20,10,0,7.58,0.0,0.0,0.0,0.0,0.0,0.0,0.0,0.0,0.0,0.0,0.0,0.0,0.0,0.0,0.0,0.0,0.0,0.0,0.0,0.0,0.0,0.0,0.0,0.0,0.0,0.0,0.0,0.0,0.0,0.0,0.0,0.0,0.0,0.0,0.0,0.0,0.0,0.0,0.0,0.0,0.0,0.0,0.0,0.0,0.0,0.0,0.0,0.0,0.0,0.0,0.0,0.0,0.0,0.0,0.0,0.0,0.0,0.0,0.0,0.0,0.0,0.0,0.0,0.0,0.0,0.0,0.0,
adult_sim2real,synthetic_ai,lime,sparse_robust,20,10,0,2.42,0.11,2.38,0.12,0.16,0.0,0.0,0.0,0.0,0.0,0.0,0.0,0.0,0.0,0.0,0.13,0.0,0.08,0.07,0.08,0.0,0.03,0.0,0.0,0.0,0.07,0.05,0.01,0.14,0.12,0.14,0.0,0.0,0.0,0.0,0.0,0.0,0.0,0.0,0.08,0.0,0.0,0.0,0.0,0.0,0.0,0.0,0.0,0.0,0.0,0.0,0.01,0.01,0.0,0.0,0.0,0.11,0.21,0.15,0.02,0.0,0.0,0.0,0.0,0.0,0.0,0.04,0.0,
adult_sim2real,synthetic_ai,lime,,20,10,0,4.36,0.01,0.0199999999999999,0.0099999999999999,0.01,0.0,0.0099999999999999,0.01,0.0,0.0,0.0,0.01,0.01,0.0,0.0,0.0,0.0099999999999999,0.0,0.0,0.0,0.01,0.0,0.0,0.0,0.01,0.01,0.0,0.0,0.0,0.0,0.0,0.0,0.0,0.0,0.0,0.01,0.0,0.0099999999999999,0.0,0.0,0.0,0.02,0.0,0.0099999999999999,0.0099999999999999,0.0,0.0199999999999999,0.0099999999999999,0.01,0.01,0.0,0.0099999999999999,0.0,0.0,0.0099999999999999,0.0,0.01,0.0,0.0099999999999999,0.01,0.0,0.0,0.01,0.0,0.01,0.01,0.01,0.0,
adult_sim2real,synthetic_ai,lime,faithful,21,11,0,8.08,0.0199999999999999,0.08,0.01,0.0099999999999999,0.0,0.0,0.0,0.0,0.0,0.0,0.0,0.0,0.0,0.0,0.01,0.0,0.01,0.01,0.0,0.0,0.0,0.0,0.01,0.0,0.0099999999999999,0.0,0.0099999999999999,0.0,0.0,0.0,0.0,0.0,0.0,0.0,0.0,0.0,0.0,0.0,0.01,0.0,0.0,0.0,0.0,0.0,0.0,0.0,0.0,0.0,0.0,0.0,0.0,0.0,0.0,0.0,0.0,0.01,0.0099999999999999,0.01,0.0,0.0,0.0,0.0,0.0,0.0,0.0,0.0,0.0,
adult_sim2real,synthetic_ai,lime,robust,21,11,0,2.72,0.2,2.32,0.21,0.25,0.04,0.02,0.03,0.0899999999999999,0.07,0.07,0.03,0.07,0.06,0.06,0.22,0.02,0.17,0.16,0.17,0.07,0.13,0.07,0.01,0.1,0.16,0.14,0.1,0.22,0.21,0.22,0.03,0.07,0.03,0.09,0.04,0.03,0.0,0.04,0.17,0.07,0.0,0.05,0.09,0.01,0.01,0.01,0.08,0.03,0.01,0.06,0.1,0.1,0.06,0.06,0.09,0.2,0.29,0.24,0.11,0.05,0.03,0.07,0.09,0.04,0.05,0.13,0.05,
adult_sim2real,synthetic_ai,lime,sparse,21,11,0,7.58,0.0,0.0,0.0,0.0,0.0,0.0,0.0,0.0,0.0,0.0,0.0,0.0,0.0,0.0,0.0,0.0,0.0,0.0,0.0,0.0,0.0,0.0,0.0,0.0,0.0,0.0,0.0,0.0,0.0,0.0,0.0,0.0,0.0,0.0,0.0,0.0,0.0,0.0,0.0,0.0,0.0,0.0,0.0,0.0,0.0,0.0,0.0,0.0,0.0,0.0,0.0,0.0,0.0,0.0,0.0,0.0,0.0,0.0,0.0,0.0,0.0,0.0,0.0,0.0,0.0,0.0,0.0,
adult_sim2real,synthetic_ai,lime,sparse_robust,21,11,0,2.42,0.11,2.38,0.12,0.16,0.0,0.0,0.0,0.0,0.0,0.0,0.0,0.0,0.0,0.0,0.13,0.0,0.08,0.07,0.08,0.0,0.03,0.0,0.0,0.0,0.07,0.05,0.01,0.14,0.12,0.14,0.0,0.0,0.0,0.0,0.0,0.0,0.0,0.0,0.08,0.0,0.0,0.0,0.0,0.0,0.0,0.0,0.0,0.0,0.0,0.0,0.01,0.01,0.0,0.0,0.0,0.11,0.21,0.15,0.02,0.0,0.0,0.0,0.0,0.0,0.0,0.04,0.0,
adult_sim2real,synthetic_ai,lime,,21,11,0,4.36,0.0299999999999999,0.17,0.18,0.1199999999999999,0.18,0.1499999999999999,0.11,0.0099999999999998,0.29,0.1399999999999999,0.2599999999999999,0.1600000000000001,0.05,0.19,0.05,0.1,0.05,0.0899999999999999,0.1999999999999999,0.13,0.06,0.15,0.22,0.0499999999999999,0.0299999999999999,0.1700000000000001,0.14,0.0199999999999999,0.0,0.2000000000000001,0.01,0.1199999999999999,0.0,0.12,0.1699999999999999,0.11,0.1399999999999999,0.01,0.1299999999999999,0.02,0.1300000000000001,0.0900000000000001,0.1799999999999999,0.1299999999999999,0.15,0.1,0.2399999999999999,0.24,0.4,0.05,0.1399999999999999,0.15,0.05,0.2800000000000001,0.33,0.06,0.3399999999999999,0.04,0.2,0.0199999999999999,0.0199999999999999,0.0699999999999999,0.0799999999999999,0.1899999999999999,0.1999999999999999,0.14,0.0899999999999999,
adult_sim2real,synthetic_ai,lime,faithful,22,12,0,8.08,0.46,2.17,0.19,0.26,0.1,0.01,0.03,0.0799999999999999,0.08,0.11,0.0599999999999999,0.0499999999999999,0.04,0.13,0.18,0.03,0.17,0.1499999999999999,0.15,0.02,0.1299999999999999,0.1,0.05,0.11,0.1799999999999999,0.17,0.14,0.12,0.14,0.14,0.02,0.07,0.0199999999999999,0.0699999999999999,0.06,0.0399999999999999,0.0,0.02,0.15,0.05,0.03,0.0499999999999999,0.05,0.02,0.0099999999999999,0.03,0.04,0.0,0.0399999999999999,0.02,0.07,0.11,0.01,0.02,0.05,0.15,0.3600000000000001,0.31,0.03,0.05,0.03,0.0699999999999999,0.05,0.05,0.03,0.1099999999999999,0.0199999999999999,
adult_sim2real,synthetic_ai,lime,robust,22,12,0,2.72,0.21,2.42,0.22,0.26,0.05,0.02,0.04,0.0899999999999999,0.07,0.07,0.03,0.07,0.06,0.07,0.22,0.02,0.18,0.16,0.17,0.07,0.13,0.07,0.01,0.1,0.16,0.15,0.11,0.23,0.21,0.23,0.03,0.08,0.03,0.09,0.04,0.03,0.0,0.04,0.17,0.07,0.0,0.05,0.1,0.01,0.01,0.01,0.08,0.03,0.01,0.06,0.11,0.1,0.06,0.06,0.1,0.21,0.3,0.25,0.11,0.06,0.03,0.07,0.09,0.04,0.05,0.13,0.05,
adult_sim2real,synthetic_ai,lime,sparse,22,12,0,7.58,0.0,1.67,0.0,0.0,0.0,0.0,0.0,0.0,0.0,0.0,0.0,0.0,0.0,0.0,0.0,0.0,0.0,0.0,0.0,0.0,0.0,0.0,0.0,0.0,0.0,0.0,0.0,0.0,0.0,0.0,0.0,0.0,0.0,0.0,0.0,0.0,0.0,0.0,0.0,0.0,0.0,0.0,0.0,0.0,0.0,0.0,0.0,0.0,0.0,0.0,0.0,0.0,0.0,0.0,0.0,0.0,0.0,0.0,0.0,0.0,0.0,0.0,0.0,0.0,0.0,0.0,0.0,
adult_sim2real,synthetic_ai,lime,sparse_robust,22,12,0,2.42,0.11,2.39,0.12,0.16,0.0,0.0,0.0,0.0,0.0,0.0,0.0,0.0,0.0,0.0,0.13,0.0,0.08,0.07,0.08,0.0,0.03,0.0,0.0,0.01,0.07,0.06,0.01,0.14,0.12,0.14,0.0,0.0,0.0,0.0,0.0,0.0,0.0,0.0,0.08,0.0,0.0,0.0,0.0,0.0,0.0,0.0,0.0,0.0,0.0,0.0,0.01,0.01,0.0,0.0,0.0,0.11,0.21,0.15,0.02,0.0,0.0,0.0,0.0,0.0,0.0,0.04,0.0,
adult_sim2real,synthetic_ai,lime,,22,12,0,4.36,0.4,1.87,0.6399999999999999,0.3299999999999999,0.56,0.0199999999999999,0.46,0.0299999999999999,0.0199999999999999,0.3899999999999999,0.56,0.0999999999999999,0.2799999999999999,0.23,0.62,0.1899999999999999,0.07,1.14,0.0099999999999999,0.47,0.1499999999999999,0.2499999999999999,0.76,0.01,0.2,0.53,0.1599999999999999,0.1899999999999999,0.07,0.6000000000000001,0.2299999999999999,0.0999999999999999,0.0799999999999999,0.04,0.52,0.2,0.42,0.1,0.5,0.5200000000000001,0.11,0.0199999999999999,0.1799999999999999,0.71,0.1899999999999999,0.39,0.68,0.4,0.1400000000000001,0.46,0.3899999999999999,0.13,0.2099999999999999,0.68,0.49,0.24,0.1799999999999999,0.51,0.09,0.6599999999999999,0.3,0.2399999999999999,0.1,0.31,0.03,0.3800000000000001,0.0099999999999999,
adult_sim2real,synthetic_ai,lime,faithful,23,13,0,8.08,0.58,8.08,0.59,1.42,0.0799999999999999,0.12,0.0599999999999999,0.34,0.17,0.25,0.16,0.31,0.33,0.1399999999999999,0.86,0.2,0.46,0.55,0.59,0.37,0.44,0.1,0.02,0.4499999999999999,0.41,0.31,0.54,1.1699999999999997,0.98,0.97,0.0299999999999999,0.25,0.06,0.37,0.1199999999999999,0.05,0.07,0.07,0.56,0.31,0.14,0.31,0.3,0.1199999999999999,0.0699999999999999,0.0699999999999999,0.09,0.0199999999999999,0.06,0.1599999999999999,0.25,0.13,0.21,0.23,0.34,0.78,1.04,0.82,0.6,0.2,0.11,0.34,0.35,0.03,0.13,0.4399999999999999,0.18,
adult_sim2real,synthetic_ai,lime,robust,23,13,0,2.72,0.22,2.66,0.23,0.28,0.05,0.02,0.04,0.1,0.07,0.07,0.04,0.08,0.07,0.07,0.25,0.03,0.19,0.18,0.19,0.08,0.14,0.08,0.01,0.11,0.18,0.16,0.12,0.26,0.24,0.25,0.04,0.08,0.03,0.1,0.05,0.03,0.0,0.04,0.19,0.08,0.0,0.06,0.11,0.01,0.02,0.01,0.09,0.04,0.01,0.07,0.12,0.11,0.07,0.07,0.11,0.22,0.33,0.27,0.13,0.06,0.04,0.08,0.1,0.04,0.06,0.15,0.05,
adult_sim2real,synthetic_ai,lime,sparse,23,13,0,7.58,0.08,7.58,0.09,0.92,0.0,0.0,0.0,0.0,0.0,0.0,0.0,0.0,0.0,0.0,0.36,0.0,0.0,0.05,0.09,0.0,0.0,0.0,0.0,0.0,0.0,0.0,0.0399999999999999,0.67,0.4799999999999999,0.47,0.0,0.0,0.0,0.0,0.0,0.0,0.0,0.0,0.06,0.0,0.0,0.0,0.0,0.0,0.0,0.0,0.0,0.0,0.0,0.0,0.0,0.0,0.0,0.0,0.0,0.28,0.54,0.3199999999999999,0.1,0.0,0.0,0.0,0.0,0.0,0.0,0.0,0.0,
adult_sim2real,synthetic_ai,lime,sparse_robust,23,13,0,2.42,0.11,2.42,0.12,0.16,0.0,0.0,0.0,0.0,0.0,0.0,0.0,0.0,0.0,0.0,0.13,0.0,0.08,0.07,0.08,0.0,0.04,0.0,0.0,0.01,0.07,0.06,0.01,0.14,0.13,0.14,0.0,0.0,0.0,0.0,0.0,0.0,0.0,0.0,0.08,0.0,0.0,0.0,0.0,0.0,0.0,0.0,0.0,0.0,0.0,0.0,0.01,0.01,0.0,0.0,0.0,0.11,0.21,0.16,0.02,0.0,0.0,0.0,0.0,0.0,0.0,0.04,0.0,
adult_sim2real,synthetic_ai,lime,,23,13,0,4.36,0.4400000000000001,3.99,0.1899999999999999,1.1999999999999995,0.7,0.0699999999999999,0.82,0.0600000000000001,0.21,0.45,0.09,0.5000000000000001,0.23,0.58,0.7199999999999999,0.35,0.71,0.2500000000000001,0.8900000000000001,0.0599999999999999,0.0,0.49,0.2699999999999999,0.82,0.0799999999999999,0.61,0.4600000000000001,0.6,0.0,0.7999999999999999,0.3400000000000001,0.46,0.11,0.33,0.5400000000000001,0.5,0.29,0.5399999999999999,0.39,0.1199999999999999,0.05,0.0099999999999999,0.32,0.62,0.3499999999999998,0.5,0.8300000000000001,0.3799999999999999,0.26,0.25,0.25,1.12,0.5,0.24,0.2699999999999999,0.2800000000000001,1.25,0.78,0.02,0.0099999999999999,0.23,0.14,0.1199999999999999,0.01,0.7099999999999999,0.53,0.0799999999999999,
adult_sim2real,synthetic_ai,lime,faithful,24,14,0,8.08,0.03,0.42,0.07,0.02,0.0099999999999999,0.0,0.0199999999999999,0.02,0.01,0.02,0.01,0.0,0.0099999999999999,0.03,0.04,0.01,0.03,0.0299999999999999,0.04,0.01,0.02,0.0,0.04,0.0,0.02,0.0399999999999999,0.0,0.0399999999999999,0.03,0.03,0.01,0.0099999999999999,0.0,0.01,0.0099999999999999,0.0,0.02,0.0399999999999999,0.03,0.01,0.03,0.0199999999999999,0.03,0.0,0.0,0.0,0.04,0.0,0.0,0.0299999999999999,0.0499999999999999,0.0299999999999999,0.03,0.02,0.02,0.05,0.04,0.03,0.01,0.02,0.01,0.04,0.02,0.03,0.02,0.03,0.01,
adult_sim2real,synthetic_ai,lime,robust,24,14,0,2.72,0.19,2.31,0.21,0.24,0.04,0.02,0.03,0.0899999999999999,0.06,0.06,0.03,0.07,0.06,0.06,0.22,0.02,0.17,0.16,0.17,0.07,0.12,0.06,0.02,0.1,0.16,0.14,0.1,0.22,0.21,0.22,0.03,0.07,0.03,0.08,0.04,0.02,0.0,0.04,0.17,0.07,0.01,0.05,0.09,0.01,0.01,0.01,0.08,0.03,0.01,0.06,0.11,0.1,0.06,0.06,0.09,0.2,0.29,0.23,0.11,0.05,0.03,0.06,0.09,0.04,0.05,0.13,0.05,
adult_sim2real,synthetic_ai,lime,sparse,24,14,0,7.58,0.0,0.0,0.0,0.0,0.0,0.0,0.0,0.0,0.0,0.0,0.0,0.0,0.0,0.0,0.0,0.0,0.0,0.0,0.0,0.0,0.0,0.0,0.0,0.0,0.0,0.0,0.0,0.0,0.0,0.0,0.0,0.0,0.0,0.0,0.0,0.0,0.0,0.0,0.0,0.0,0.0,0.0,0.0,0.0,0.0,0.0,0.0,0.0,0.0,0.0,0.0,0.0,0.0,0.0,0.0,0.0,0.0,0.0,0.0,0.0,0.0,0.0,0.0,0.0,0.0,0.0,0.0,
adult_sim2real,synthetic_ai,lime,sparse_robust,24,14,0,2.42,0.11,2.38,0.12,0.16,0.0,0.0,0.0,0.0,0.0,0.0,0.0,0.0,0.0,0.0,0.13,0.0,0.08,0.07,0.08,0.0,0.03,0.0,0.0,0.0,0.07,0.05,0.01,0.14,0.12,0.14,0.0,0.0,0.0,0.0,0.0,0.0,0.0,0.0,0.08,0.0,0.0,0.0,0.0,0.0,0.0,0.0,0.0,0.0,0.0,0.0,0.01,0.01,0.0,0.0,0.0,0.11,0.21,0.15,0.02,0.0,0.0,0.0,0.0,0.0,0.0,0.04,0.0,
adult_sim2real,synthetic_ai,lime,,24,14,0,4.36,0.15,0.38,0.0099999999999999,0.0,0.3400000000000001,0.14,0.03,0.0499999999999999,0.0599999999999999,0.0699999999999999,0.0399999999999999,0.0699999999999999,0.0299999999999999,0.0,0.18,0.0799999999999999,0.1099999999999999,0.0599999999999999,0.0199999999999999,0.1,0.2099999999999999,0.0999999999999999,0.03,0.0799999999999999,0.1,0.0,0.0199999999999999,0.0099999999999999,0.0,0.07,0.04,0.06,0.0099999999999999,0.0299999999999999,0.1600000000000001,0.2,0.0699999999999999,0.0699999999999999,0.04,0.05,0.0299999999999999,0.0699999999999999,0.0400000000000001,0.0399999999999999,0.1499999999999999,0.13,0.0199999999999999,0.12,0.02,0.0099999999999999,0.08,0.1399999999999999,0.17,0.0499999999999999,0.2199999999999999,0.13,0.02,0.08,0.05,0.0199999999999999,0.0399999999999999,0.0699999999999999,0.0,0.06,0.1199999999999999,0.09,0.1399999999999999,
adult_sim2real,synthetic_ai,lime,faithful,25,15,1,8.08,0.1899999999999999,1.21,0.0899999999999999,0.2199999999999999,0.03,0.0299999999999999,0.0,0.05,0.05,0.07,0.0399999999999999,0.04,0.05,0.0699999999999999,0.11,0.01,0.08,0.08,0.1,0.07,0.07,0.02,0.01,0.08,0.06,0.0699999999999999,0.0799999999999999,0.1299999999999999,0.1199999999999999,0.13,0.01,0.04,0.0,0.06,0.0199999999999999,0.0099999999999999,0.0,0.0,0.0799999999999999,0.0299999999999999,0.02,0.03,0.03,0.0,0.0,0.01,0.01,0.0,0.0,0.01,0.03,0.04,0.02,0.0399999999999999,0.02,0.1099999999999999,0.17,0.13,0.05,0.04,0.02,0.0499999999999999,0.04,0.03,0.02,0.0599999999999999,0.0199999999999999,
adult_sim2real,synthetic_ai,lime,robust,25,15,1,2.72,0.21,2.68,0.24,0.28,0.05,0.02,0.04,0.1,0.08,0.07,0.04,0.08,0.07,0.07,0.25,0.03,0.19,0.18,0.19,0.08,0.14,0.08,0.02,0.11,0.18,0.17,0.11,0.26,0.24,0.26,0.04,0.08,0.03,0.1,0.05,0.03,0.0,0.05,0.19,0.08,0.0,0.06,0.11,0.01,0.02,0.01,0.1,0.04,0.01,0.07,0.12,0.11,0.07,0.07,0.11,0.23,0.33,0.27,0.13,0.06,0.04,0.08,0.11,0.04,0.06,0.15,0.06,
adult_sim2real,synthetic_ai,lime,sparse,25,15,1,7.58,0.0,0.71,0.0,0.0,0.0,0.0,0.0,0.0,0.0,0.0,0.0,0.0,0.0,0.0,0.0,0.0,0.0,0.0,0.0,0.0,0.0,0.0,0.0,0.0,0.0,0.0,0.0,0.0,0.0,0.0,0.0,0.0,0.0,0.0,0.0,0.0,0.0,0.0,0.0,0.0,0.0,0.0,0.0,0.0,0.0,0.0,0.0,0.0,0.0,0.0,0.0,0.0,0.0,0.0,0.0,0.0,0.0,0.0,0.0,0.0,0.0,0.0,0.0,0.0,0.0,0.0,0.0,
adult_sim2real,synthetic_ai,lime,sparse_robust,25,15,1,2.42,0.11,2.39,0.12,0.16,0.0,0.0,0.0,0.0,0.0,0.0,0.0,0.0,0.0,0.0,0.13,0.0,0.08,0.07,0.08,0.0,0.03,0.0,0.0,0.0,0.07,0.06,0.01,0.14,0.12,0.14,0.0,0.0,0.0,0.0,0.0,0.0,0.0,0.0,0.08,0.0,0.0,0.0,0.0,0.0,0.0,0.0,0.0,0.0,0.0,0.0,0.01,0.01,0.0,0.0,0.0,0.11,0.21,0.15,0.02,0.0,0.0,0.0,0.0,0.0,0.0,0.04,0.0,
adult_sim2real,synthetic_ai,lime,,25,15,1,4.36,0.2600000000000001,1.75,0.74,0.4399999999999999,0.43,0.3100000000000001,0.02,0.0099999999999998,0.54,0.12,0.52,0.01,0.0699999999999999,0.3499999999999998,0.2399999999999999,0.39,0.1499999999999999,0.05,0.1,0.7,0.71,0.61,0.2800000000000001,0.18,0.3,0.5099999999999999,0.88,0.1899999999999999,0.0,0.3400000000000001,0.32,0.6000000000000001,0.3399999999999999,0.23,0.1199999999999999,0.0100000000000001,0.4,0.03,0.1899999999999999,0.1799999999999999,0.4299999999999999,0.3799999999999999,0.2199999999999999,0.0199999999999999,0.1,0.11,0.25,0.71,0.28,0.1099999999999999,0.42,0.24,0.0299999999999999,0.2800000000000001,0.59,0.09,0.4399999999999999,0.53,0.35,0.08,0.38,0.36,0.34,0.05,0.1499999999999999,0.03,0.0899999999999999,
adult_sim2real,synthetic_ai,lime,faithful,26,16,0,8.08,0.31,2.06,0.14,0.13,0.03,0.0299999999999999,0.08,0.07,0.07,0.0099999999999999,0.01,0.11,0.09,0.0399999999999999,0.21,0.09,0.16,0.14,0.16,0.13,0.05,0.02,0.03,0.0699999999999999,0.0899999999999999,0.0699999999999999,0.05,0.1599999999999999,0.21,0.29,0.0299999999999999,0.06,0.04,0.15,0.0299999999999999,0.0099999999999999,0.01,0.03,0.1599999999999999,0.06,0.06,0.07,0.15,0.06,0.0599999999999999,0.0199999999999999,0.15,0.1299999999999999,0.07,0.1099999999999999,0.17,0.1,0.11,0.13,0.14,0.21,0.0199999999999999,0.03,0.19,0.05,0.03,0.12,0.12,0.0099999999999999,0.11,0.1299999999999999,0.09,
adult_sim2real,synthetic_ai,lime,robust,26,16,0,2.72,0.2,2.38,0.21,0.25,0.04,0.02,0.04,0.0899999999999999,0.07,0.07,0.03,0.07,0.06,0.06,0.22,0.02,0.17,0.16,0.17,0.07,0.13,0.07,0.01,0.1,0.16,0.15,0.1,0.23,0.21,0.23,0.03,0.08,0.03,0.09,0.04,0.03,0.0,0.04,0.17,0.07,0.0,0.05,0.1,0.01,0.01,0.01,0.08,0.04,0.01,0.06,0.11,0.1,0.06,0.06,0.1,0.2,0.29,0.24,0.11,0.06,0.03,0.07,0.09,0.04,0.06,0.13,0.05,
adult_sim2real,synthetic_ai,lime,sparse,26,16,0,7.58,0.0,1.57,0.0,0.0,0.0,0.0,0.0,0.0,0.0,0.0,0.0,0.0,0.0,0.0,0.0,0.0,0.0,0.0,0.0,0.0,0.0,0.0,0.0,0.0,0.0,0.0,0.0,0.0,0.0,0.0,0.0,0.0,0.0,0.0,0.0,0.0,0.0,0.0,0.0,0.0,0.0,0.0,0.0,0.0,0.0,0.0,0.0,0.0,0.0,0.0,0.0,0.0,0.0,0.0,0.0,0.0,0.0,0.0,0.0,0.0,0.0,0.0,0.0,0.0,0.0,0.0,0.0,
adult_sim2real,synthetic_ai,lime,sparse_robust,26,16,0,2.42,0.1,2.39,0.12,0.16,0.0,0.0,0.0,0.0,0.0,0.0,0.0,0.0,0.0,0.0,0.13,0.0,0.08,0.07,0.08,0.0,0.03,0.0,0.0,0.0,0.07,0.06,0.01,0.14,0.12,0.14,0.0,0.0,0.0,0.0,0.0,0.0,0.0,0.0,0.08,0.0,0.0,0.0,0.0,0.0,0.0,0.0,0.0,0.0,0.0,0.0,0.01,0.01,0.0,0.0,0.0,0.11,0.21,0.15,0.02,0.0,0.0,0.0,0.0,0.0,0.0,0.04,0.0,
adult_sim2real,synthetic_ai,lime,,26,16,0,4.36,0.07,1.78,0.42,0.24,0.1699999999999999,0.12,0.1699999999999999,0.12,0.1900000000000001,0.3,0.3400000000000001,0.02,0.0499999999999999,0.1,0.91,0.67,0.28,0.3599999999999999,0.28,0.43,0.18,0.0,0.76,0.84,0.54,0.0699999999999999,0.21,0.54,0.0,0.0899999999999999,0.05,0.4799999999999999,0.66,0.4899999999999999,0.3499999999999999,1.03,0.2700000000000001,0.1200000000000001,0.24,0.24,0.35,0.32,0.6,0.33,0.3499999999999998,0.6000000000000001,0.1700000000000001,0.4899999999999999,0.24,0.32,0.7400000000000001,0.1599999999999999,0.55,0.0999999999999999,0.0799999999999999,0.38,0.32,0.42,0.3300000000000001,0.39,0.65,0.38,0.1799999999999999,0.45,0.0399999999999999,0.24,0.11,
adult_sim2real,synthetic_ai,lime,faithful,27,17,0,8.08,0.74,4.87,0.41,0.26,0.04,0.02,0.25,0.2,0.06,0.0499999999999999,0.0699999999999999,0.07,0.0099999999999999,0.21,0.46,0.3900000000000001,0.3,0.31,0.5,0.45,0.04,0.1,0.28,0.0999999999999999,0.0899999999999999,0.28,0.07,0.11,0.4,0.52,0.04,0.15,0.04,0.1799999999999999,0.04,0.08,0.1799999999999999,0.26,0.35,0.02,0.08,0.1,0.46,0.14,0.0499999999999999,0.01,0.3400000000000001,0.06,0.19,0.08,0.62,0.36,0.39,0.33,0.16,0.56,0.0499999999999999,0.0999999999999999,0.23,0.2499999999999999,0.06,0.1199999999999999,0.19,0.29,0.34,0.29,0.12,
adult_sim2real,synthetic_ai,lime,robust,27,17,0,2.72,0.2,2.49,0.22,0.26,0.04,0.02,0.04,0.1,0.07,0.07,0.03,0.07,0.06,0.06,0.23,0.02,0.18,0.17,0.18,0.07,0.13,0.07,0.02,0.1,0.17,0.16,0.11,0.24,0.22,0.24,0.04,0.08,0.03,0.09,0.05,0.03,0.0,0.05,0.18,0.08,0.0,0.05,0.1,0.01,0.02,0.01,0.09,0.03,0.01,0.07,0.11,0.1,0.06,0.07,0.1,0.21,0.31,0.25,0.12,0.06,0.03,0.07,0.1,0.04,0.06,0.14,0.05,
adult_sim2real,synthetic_ai,lime,sparse,27,17,0,7.58,0.24,4.37,0.0,0.0,0.0,0.0,0.0,0.0,0.0,0.0,0.0,0.0,0.0,0.0,0.0,0.0,0.0,0.0,0.0,0.0,0.0,0.0,0.0,0.0,0.0,0.0,0.0,0.0,0.0,0.02,0.0,0.0,0.0,0.0,0.0,0.0,0.0,0.0,0.0,0.0,0.0,0.0,0.0,0.0,0.0,0.0,0.0,0.0,0.0,0.0,0.12,0.0,0.0,0.0,0.0,0.06,0.0,0.0,0.0,0.0,0.0,0.0,0.0,0.0,0.0,0.0,0.0,
adult_sim2real,synthetic_ai,lime,sparse_robust,27,17,0,2.42,0.1,2.4,0.12,0.16,0.0,0.0,0.0,0.0,0.0,0.0,0.0,0.0,0.0,0.0,0.13,0.0,0.08,0.07,0.08,0.0,0.03,0.0,0.0,0.01,0.07,0.06,0.01,0.14,0.12,0.14,0.0,0.0,0.0,0.0,0.0,0.0,0.0,0.0,0.08,0.0,0.0,0.0,0.0,0.0,0.0,0.0,0.0,0.0,0.0,0.0,0.01,0.01,0.0,0.0,0.0,0.11,0.21,0.15,0.02,0.0,0.0,0.0,0.0,0.0,0.0,0.04,0.0,
adult_sim2real,synthetic_ai,lime,,27,17,0,4.36,0.95,2.59,0.35,0.18,0.47,0.04,0.02,0.5699999999999998,0.0,0.53,0.84,0.3,0.0799999999999999,0.0,0.22,0.59,0.5299999999999999,0.3599999999999999,0.37,0.54,0.05,0.4499999999999999,0.03,0.4399999999999999,0.4600000000000001,0.22,0.24,0.2799999999999999,0.0,0.24,0.1,0.1599999999999999,0.25,0.1799999999999999,0.91,0.2799999999999999,0.3200000000000001,0.6699999999999999,0.1,0.17,0.4699999999999999,0.46,0.27,0.0099999999999999,0.13,0.4099999999999999,0.2599999999999999,0.2199999999999999,0.0999999999999999,0.32,0.4499999999999999,0.26,0.11,0.4800000000000001,0.5299999999999999,0.45,0.36,0.36,0.56,0.11,0.1299999999999999,0.74,0.24,0.1,0.1800000000000001,0.1099999999999999,0.62,
adult_sim2real,synthetic_ai,lime,faithful,28,18,0,8.08,0.53,6.84,0.58,0.05,0.0599999999999999,0.19,0.32,0.22,0.2,0.0,0.0399999999999999,0.2199999999999999,0.15,0.0199999999999999,0.62,0.17,0.62,0.48,0.42,0.1899999999999999,0.2199999999999999,0.27,0.1,0.13,0.55,0.41,0.1099999999999999,0.4299999999999999,0.56,0.7,0.24,0.23,0.21,0.2999999999999999,0.0099999999999999,0.07,0.01,0.16,0.55,0.2199999999999999,0.2,0.0999999999999999,0.5,0.09,0.1399999999999999,0.0199999999999999,0.6,0.4499999999999999,0.12,0.49,0.5,0.5,0.34,0.28,0.53,0.48,0.3499999999999999,0.26,0.43,0.0999999999999999,0.09,0.27,0.33,0.0099999999999999,0.34,0.42,0.24,
adult_sim2real,synthetic_ai,lime,robust,28,18,0,2.72,0.22,2.68,0.24,0.28,0.05,0.02,0.04,0.1,0.08,0.07,0.04,0.08,0.07,0.07,0.25,0.03,0.2,0.18,0.19,0.08,0.14,0.08,0.01,0.11,0.18,0.17,0.11,0.25,0.24,0.26,0.04,0.09,0.03,0.1,0.05,0.03,0.0,0.05,0.19,0.08,0.0,0.06,0.11,0.01,0.02,0.01,0.1,0.04,0.0,0.07,0.12,0.12,0.07,0.07,0.11,0.23,0.33,0.27,0.13,0.06,0.04,0.08,0.11,0.04,0.06,0.15,0.06,
adult_sim2real,synthetic_ai,lime,sparse,28,18,0,7.58,0.0299999999999999,6.34,0.08,0.0,0.0,0.0,0.0,0.0,0.0,0.0,0.0,0.0,0.0,0.0,0.12,0.0,0.1199999999999999,0.0,0.0,0.0,0.0,0.0,0.0,0.0,0.05,0.0,0.0,0.0,0.0599999999999999,0.2,0.0,0.0,0.0,0.0,0.0,0.0,0.0,0.0,0.05,0.0,0.0,0.0,0.0,0.0,0.0,0.0,0.1,0.0,0.0,0.0,0.0,0.0,0.0,0.0,0.03,0.0,0.0,0.0,0.0,0.0,0.0,0.0,0.0,0.0,0.0,0.0,0.0,
adult_sim2real,synthetic_ai,lime,sparse_robust,28,18,0,2.42,0.1,2.41,0.12,0.16,0.0,0.0,0.0,0.0,0.0,0.0,0.0,0.0,0.0,0.0,0.13,0.0,0.08,0.07,0.08,0.0,0.03,0.0,0.0,0.01,0.07,0.06,0.01,0.14,0.12,0.14,0.0,0.0,0.0,0.0,0.0,0.0,0.0,0.0,0.08,0.0,0.0,0.0,0.0,0.0,0.0,0.0,0.0,0.0,0.0,0.0,0.01,0.01,0.0,0.0,0.0,0.11,0.21,0.15,0.02,0.0,0.0,0.0,0.0,0.0,0.0,0.04,0.0,
adult_sim2real,synthetic_ai,lime,,28,18,0,4.36,0.41,2.99,0.0,0.38,0.2599999999999999,0.62,0.2700000000000001,0.27,0.4,0.02,0.2799999999999999,0.0499999999999999,0.17,0.41,0.43,0.06,0.47,0.58,0.4000000000000001,0.1699999999999999,0.18,0.32,0.62,0.18,0.0899999999999999,0.15,0.0,0.15,0.0,0.93,0.0899999999999999,0.66,0.9,0.0299999999999999,0.2700000000000001,0.3899999999999999,0.11,0.1699999999999999,0.4299999999999999,0.1799999999999999,0.0799999999999999,0.22,0.4299999999999999,0.0699999999999999,0.13,0.0799999999999998,0.2399999999999999,0.61,0.76,0.69,0.5199999999999999,0.9000000000000001,0.1999999999999999,0.02,0.0199999999999999,0.25,0.3,0.7,0.14,0.38,0.0399999999999999,0.86,0.02,0.15,0.5099999999999999,0.44,0.17,
adult_sim2real,synthetic_ai,lime,faithful,29,19,0,8.08,0.0099999999999999,0.04,0.0,0.0099999999999999,0.0,0.0,0.0,0.0,0.0,0.0,0.0,0.0,0.0,0.0,0.0,0.0,0.0,0.0,0.0,0.0,0.0,0.0,0.0,0.0,0.0,0.0,0.0,0.0,0.0,0.0,0.0,0.0,0.0,0.0,0.0,0.0,0.0,0.0,0.0,0.0,0.0,0.0,0.0,0.0,0.0,0.0,0.0,0.0,0.0,0.0,0.0,0.0,0.0,0.0,0.0,0.0,0.0099999999999999,0.01,0.0,0.0,0.0,0.0,0.0,0.0,0.0,0.0,0.0,
adult_sim2real,synthetic_ai,lime,robust,29,19,0,2.72,0.2,2.37,0.21,0.25,0.04,0.02,0.03,0.0899999999999999,0.07,0.07,0.03,0.07,0.06,0.06,0.22,0.02,0.17,0.16,0.17,0.07,0.13,0.07,0.01,0.1,0.16,0.15,0.11,0.23,0.21,0.22,0.03,0.08,0.03,0.09,0.04,0.03,0.0,0.04,0.17,0.07,0.0,0.05,0.09,0.01,0.01,0.01,0.08,0.03,0.01,0.06,0.1,0.1,0.06,0.06,0.1,0.2,0.3,0.24,0.11,0.05,0.03,0.07,0.09,0.04,0.05,0.13,0.05,
adult_sim2real,synthetic_ai,lime,sparse,29,19,0,7.58,0.0,0.0,0.0,0.0,0.0,0.0,0.0,0.0,0.0,0.0,0.0,0.0,0.0,0.0,0.0,0.0,0.0,0.0,0.0,0.0,0.0,0.0,0.0,0.0,0.0,0.0,0.0,0.0,0.0,0.0,0.0,0.0,0.0,0.0,0.0,0.0,0.0,0.0,0.0,0.0,0.0,0.0,0.0,0.0,0.0,0.0,0.0,0.0,0.0,0.0,0.0,0.0,0.0,0.0,0.0,0.0,0.0,0.0,0.0,0.0,0.0,0.0,0.0,0.0,0.0,0.0,0.0,
adult_sim2real,synthetic_ai,lime,sparse_robust,29,19,0,2.42,0.11,2.38,0.12,0.16,0.0,0.0,0.0,0.0,0.0,0.0,0.0,0.0,0.0,0.0,0.13,0.0,0.08,0.07,0.08,0.0,0.03,0.0,0.0,0.0,0.07,0.05,0.01,0.14,0.12,0.14,0.0,0.0,0.0,0.0,0.0,0.0,0.0,0.0,0.08,0.0,0.0,0.0,0.0,0.0,0.0,0.0,0.0,0.0,0.0,0.0,0.01,0.01,0.0,0.0,0.0,0.11,0.21,0.15,0.02,0.0,0.0,0.0,0.0,0.0,0.0,0.04,0.0,
adult_sim2real,synthetic_ai,lime,,29,19,0,4.36,0.14,0.13,0.0199999999999999,0.14,0.01,0.04,0.05,0.08,0.01,0.04,0.0399999999999999,0.0999999999999999,0.02,0.0399999999999999,0.02,0.0199999999999999,0.0399999999999999,0.0099999999999999,0.1,0.0,0.05,0.06,0.0099999999999999,0.0199999999999999,0.0399999999999999,0.0399999999999999,0.05,0.07,0.0,0.01,0.1,0.0799999999999999,0.04,0.07,0.0899999999999999,0.0599999999999999,0.02,0.03,0.1199999999999998,0.0099999999999999,0.0,0.05,0.0400000000000001,0.0199999999999999,0.03,0.0099999999999999,0.0099999999999999,0.02,0.02,0.03,0.0099999999999999,0.04,0.05,0.04,0.0,0.01,0.0299999999999999,0.04,0.04,0.04,0.07,0.0,0.0499999999999999,0.0299999999999999,0.0399999999999999,0.09,0.05,
adult_sim2real,synthetic_ai,lime,faithful,30,20,0,8.08,0.0099999999999999,0.03,0.0,0.0,0.0,0.0,0.0,0.0,0.0,0.0,0.0,0.0,0.0,0.0,0.0,0.0,0.0,0.0,0.0,0.0,0.0,0.0,0.0,0.0,0.0,0.0,0.0,0.0,0.0,0.0,0.0,0.0,0.0,0.0,0.0,0.0,0.0,0.0,0.0,0.0,0.0,0.0,0.0,0.0,0.0,0.0,0.0,0.0,0.0,0.0,0.0,0.0,0.0,0.0,0.0,0.0,0.0,0.0,0.0,0.0,0.0,0.0,0.0,0.0,0.0,0.0,0.0,
adult_sim2real,synthetic_ai,lime,robust,30,20,0,2.72,0.2,2.37,0.21,0.25,0.04,0.02,0.03,0.0899999999999999,0.07,0.06,0.03,0.07,0.06,0.06,0.22,0.02,0.17,0.16,0.17,0.07,0.13,0.07,0.01,0.1,0.16,0.15,0.1,0.23,0.21,0.22,0.03,0.08,0.03,0.09,0.04,0.03,0.0,0.04,0.17,0.07,0.0,0.05,0.1,0.01,0.01,0.01,0.08,0.03,0.01,0.06,0.11,0.1,0.06,0.06,0.1,0.2,0.3,0.24,0.11,0.06,0.03,0.06,0.09,0.04,0.05,0.13,0.05,
adult_sim2real,synthetic_ai,lime,sparse,30,20,0,7.58,0.0,0.0,0.0,0.0,0.0,0.0,0.0,0.0,0.0,0.0,0.0,0.0,0.0,0.0,0.0,0.0,0.0,0.0,0.0,0.0,0.0,0.0,0.0,0.0,0.0,0.0,0.0,0.0,0.0,0.0,0.0,0.0,0.0,0.0,0.0,0.0,0.0,0.0,0.0,0.0,0.0,0.0,0.0,0.0,0.0,0.0,0.0,0.0,0.0,0.0,0.0,0.0,0.0,0.0,0.0,0.0,0.0,0.0,0.0,0.0,0.0,0.0,0.0,0.0,0.0,0.0,0.0,
adult_sim2real,synthetic_ai,lime,sparse_robust,30,20,0,2.42,0.11,2.38,0.12,0.16,0.0,0.0,0.0,0.0,0.0,0.0,0.0,0.0,0.0,0.0,0.13,0.0,0.08,0.07,0.08,0.0,0.03,0.0,0.0,0.0,0.07,0.05,0.01,0.14,0.12,0.14,0.0,0.0,0.0,0.0,0.0,0.0,0.0,0.0,0.08,0.0,0.0,0.0,0.0,0.0,0.0,0.0,0.0,0.0,0.0,0.0,0.01,0.01,0.0,0.0,0.0,0.11,0.21,0.15,0.02,0.0,0.0,0.0,0.0,0.0,0.0,0.04,0.0,
adult_sim2real,synthetic_ai,lime,,30,20,0,4.36,0.06,0.09,0.0299999999999999,0.01,0.03,0.03,0.01,0.0099999999999998,0.03,0.03,0.0199999999999999,0.0,0.0699999999999999,0.0599999999999999,0.0099999999999999,0.0,0.0399999999999999,0.0099999999999999,0.0199999999999999,0.0399999999999999,0.0199999999999999,0.0,0.03,0.0399999999999999,0.05,0.0,0.0199999999999999,0.04,0.0,0.05,0.01,0.0299999999999998,0.02,0.0099999999999999,0.02,0.0399999999999999,0.0399999999999999,0.01,0.02,0.02,0.02,0.0199999999999999,0.0199999999999999,0.0299999999999999,0.01,0.0099999999999999,0.0,0.03,0.03,0.0099999999999999,0.03,0.0499999999999999,0.0199999999999999,0.0699999999999999,0.0399999999999999,0.02,0.0399999999999999,0.0199999999999999,0.0,0.0199999999999999,0.03,0.01,0.02,0.03,0.0199999999999999,0.0499999999999999,0.06,
adult_sim2real,synthetic_ai,lime,faithful,31,21,0,8.08,0.0099999999999999,0.03,0.0,0.0,0.0,0.0,0.0,0.0,0.0,0.0,0.0,0.0,0.0,0.0,0.0,0.0,0.0,0.0,0.0,0.0,0.0,0.0,0.0,0.0,0.0,0.0,0.0,0.0,0.0,0.0,0.0,0.0,0.0,0.0,0.0,0.0,0.0,0.0,0.0,0.0,0.0,0.0,0.0,0.0,0.0,0.0,0.0,0.0,0.0,0.0,0.0,0.0,0.0,0.0,0.0,0.0,0.0,0.0,0.0,0.0,0.0,0.0,0.0,0.0,0.0,0.0,0.0,
adult_sim2real,synthetic_ai,lime,robust,31,21,0,2.72,0.2,2.35,0.21,0.25,0.04,0.02,0.03,0.0899999999999999,0.06,0.07,0.03,0.07,0.06,0.06,0.22,0.02,0.17,0.16,0.17,0.07,0.13,0.07,0.01,0.1,0.16,0.15,0.11,0.23,0.21,0.22,0.03,0.07,0.03,0.09,0.04,0.03,0.0,0.04,0.17,0.07,0.0,0.05,0.09,0.01,0.01,0.01,0.08,0.03,0.01,0.06,0.1,0.1,0.06,0.06,0.1,0.2,0.29,0.24,0.11,0.05,0.03,0.07,0.09,0.04,0.05,0.13,0.05,
adult_sim2real,synthetic_ai,lime,sparse,31,21,0,7.58,0.0,0.0,0.0,0.0,0.0,0.0,0.0,0.0,0.0,0.0,0.0,0.0,0.0,0.0,0.0,0.0,0.0,0.0,0.0,0.0,0.0,0.0,0.0,0.0,0.0,0.0,0.0,0.0,0.0,0.0,0.0,0.0,0.0,0.0,0.0,0.0,0.0,0.0,0.0,0.0,0.0,0.0,0.0,0.0,0.0,0.0,0.0,0.0,0.0,0.0,0.0,0.0,0.0,0.0,0.0,0.0,0.0,0.0,0.0,0.0,0.0,0.0,0.0,0.0,0.0,0.0,0.0,
adult_sim2real,synthetic_ai,lime,sparse_robust,31,21,0,2.42,0.11,2.38,0.12,0.16,0.0,0.0,0.0,0.0,0.0,0.0,0.0,0.0,0.0,0.0,0.13,0.0,0.08,0.07,0.08,0.0,0.03,0.0,0.0,0.0,0.07,0.05,0.01,0.14,0.12,0.14,0.0,0.0,0.0,0.0,0.0,0.0,0.0,0.0,0.08,0.0,0.0,0.0,0.0,0.0,0.0,0.0,0.0,0.0,0.0,0.0,0.01,0.01,0.0,0.0,0.0,0.11,0.21,0.15,0.02,0.0,0.0,0.0,0.0,0.0,0.0,0.04,0.0,
adult_sim2real,synthetic_ai,lime,,31,21,0,4.36,0.0399999999999999,0.13,0.0,0.08,0.0199999999999999,0.0199999999999999,0.07,0.0600000000000001,0.0199999999999999,0.04,0.0,0.01,0.0299999999999999,0.03,0.0799999999999999,0.0099999999999999,0.0399999999999999,0.02,0.0299999999999999,0.03,0.0199999999999999,0.0399999999999999,0.1,0.0199999999999999,0.0,0.02,0.1199999999999999,0.0199999999999999,0.0,0.01,0.05,0.0099999999999999,0.0,0.02,0.0500000000000001,0.0100000000000001,0.0,0.0199999999999999,0.01,0.0599999999999999,0.02,0.0099999999999999,0.0,0.0099999999999999,0.0999999999999999,0.0300000000000001,0.0499999999999999,0.0399999999999999,0.01,0.06,0.0599999999999999,0.0899999999999999,0.0199999999999999,0.0099999999999999,0.0599999999999999,0.03,0.0399999999999999,0.03,0.07,0.06,0.03,0.03,0.0599999999999999,0.01,0.0699999999999999,0.03,0.0199999999999999,
adult_sim2real,synthetic_ai,lime,faithful,32,22,0,8.08,0.0199999999999999,0.09,0.01,0.0099999999999999,0.0,0.0,0.0,0.0,0.0,0.0,0.0,0.0,0.0,0.0,0.01,0.0,0.01,0.01,0.01,0.0,0.01,0.0,0.0,0.0,0.0099999999999999,0.01,0.0099999999999999,0.0099999999999999,0.0099999999999999,0.01,0.0,0.0,0.0,0.0,0.0,0.0,0.0,0.0,0.01,0.0,0.0,0.0,0.0,0.0,0.0,0.0,0.0,0.0,0.0,0.0,0.0,0.0,0.0,0.0,0.0,0.01,0.0099999999999999,0.01,0.0,0.0,0.0,0.0,0.0,0.0,0.0,0.0,0.0,
adult_sim2real,synthetic_ai,lime,robust,32,22,0,2.72,0.2,2.37,0.21,0.25,0.04,0.02,0.03,0.0899999999999999,0.07,0.06,0.03,0.07,0.06,0.06,0.22,0.02,0.17,0.16,0.17,0.07,0.13,0.07,0.01,0.1,0.16,0.15,0.1,0.23,0.21,0.23,0.03,0.08,0.03,0.09,0.04,0.03,0.0,0.04,0.17,0.07,0.0,0.05,0.1,0.01,0.01,0.01,0.08,0.03,0.01,0.06,0.11,0.1,0.06,0.06,0.1,0.2,0.3,0.24,0.11,0.06,0.03,0.06,0.09,0.04,0.05,0.13,0.05,
adult_sim2real,synthetic_ai,lime,sparse,32,22,0,7.58,0.0,0.0,0.0,0.0,0.0,0.0,0.0,0.0,0.0,0.0,0.0,0.0,0.0,0.0,0.0,0.0,0.0,0.0,0.0,0.0,0.0,0.0,0.0,0.0,0.0,0.0,0.0,0.0,0.0,0.0,0.0,0.0,0.0,0.0,0.0,0.0,0.0,0.0,0.0,0.0,0.0,0.0,0.0,0.0,0.0,0.0,0.0,0.0,0.0,0.0,0.0,0.0,0.0,0.0,0.0,0.0,0.0,0.0,0.0,0.0,0.0,0.0,0.0,0.0,0.0,0.0,0.0,
adult_sim2real,synthetic_ai,lime,sparse_robust,32,22,0,2.42,0.11,2.38,0.12,0.16,0.0,0.0,0.0,0.0,0.0,0.0,0.0,0.0,0.0,0.0,0.13,0.0,0.08,0.07,0.08,0.0,0.03,0.0,0.0,0.0,0.07,0.05,0.01,0.14,0.12,0.14,0.0,0.0,0.0,0.0,0.0,0.0,0.0,0.0,0.08,0.0,0.0,0.0,0.0,0.0,0.0,0.0,0.0,0.0,0.0,0.0,0.01,0.01,0.0,0.0,0.0,0.11,0.21,0.15,0.02,0.0,0.0,0.0,0.0,0.0,0.0,0.04,0.0,
adult_sim2real,synthetic_ai,lime,,32,22,0,4.36,0.1799999999999998,0.2,0.1899999999999999,0.1199999999999999,0.0699999999999999,0.13,0.1,0.0,0.01,0.0799999999999999,0.01,0.1299999999999999,0.18,0.3399999999999999,0.04,0.0699999999999999,0.0199999999999999,0.07,0.19,0.01,0.04,0.0699999999999999,0.02,0.14,0.0799999999999999,0.1399999999999999,0.1499999999999999,0.08,0.0,0.11,0.1299999999999999,0.07,0.04,0.0999999999999999,0.31,0.0500000000000001,0.0699999999999999,0.09,0.29,0.0899999999999999,0.09,0.05,0.0400000000000001,0.1199999999999999,0.01,0.15,0.0499999999999999,0.0599999999999999,0.1999999999999999,0.16,0.04,0.15,0.0299999999999999,0.0099999999999999,0.03,0.08,0.0799999999999999,0.08,0.06,0.0499999999999999,0.1099999999999999,0.1,0.1199999999999999,0.05,0.0499999999999999,0.1099999999999999,0.0299999999999998,
adult_sim2real,synthetic_ai,lime,faithful,33,23,0,8.08,0.03,0.14,0.01,0.02,0.0,0.0,0.0,0.01,0.01,0.0099999999999999,0.0,0.0,0.0,0.0,0.01,0.0,0.01,0.01,0.01,0.0,0.01,0.0099999999999999,0.01,0.01,0.0099999999999999,0.01,0.0099999999999999,0.02,0.0099999999999999,0.01,0.0,0.0,0.0,0.0,0.0,0.0,0.0,0.0,0.01,0.0,0.0,0.0,0.0,0.0,0.0,0.0,0.0,0.0,0.0,0.0,0.0,0.0099999999999999,0.0,0.0,0.0,0.01,0.0199999999999999,0.02,0.01,0.0,0.0,0.0,0.0,0.0,0.0,0.0099999999999999,0.0,
adult_sim2real,synthetic_ai,lime,robust,33,23,0,2.72,0.2,2.38,0.21,0.25,0.04,0.02,0.03,0.0899999999999999,0.07,0.07,0.03,0.07,0.06,0.06,0.22,0.02,0.17,0.16,0.17,0.07,0.13,0.07,0.01,0.1,0.16,0.15,0.11,0.23,0.21,0.23,0.03,0.08,0.03,0.09,0.04,0.03,0.0,0.04,0.17,0.07,0.0,0.05,0.1,0.01,0.01,0.01,0.08,0.03,0.01,0.06,0.11,0.1,0.06,0.06,0.1,0.2,0.3,0.24,0.11,0.05,0.03,0.07,0.09,0.04,0.05,0.13,0.05,
adult_sim2real,synthetic_ai,lime,sparse,33,23,0,7.58,0.0,0.0,0.0,0.0,0.0,0.0,0.0,0.0,0.0,0.0,0.0,0.0,0.0,0.0,0.0,0.0,0.0,0.0,0.0,0.0,0.0,0.0,0.0,0.0,0.0,0.0,0.0,0.0,0.0,0.0,0.0,0.0,0.0,0.0,0.0,0.0,0.0,0.0,0.0,0.0,0.0,0.0,0.0,0.0,0.0,0.0,0.0,0.0,0.0,0.0,0.0,0.0,0.0,0.0,0.0,0.0,0.0,0.0,0.0,0.0,0.0,0.0,0.0,0.0,0.0,0.0,0.0,
adult_sim2real,synthetic_ai,lime,sparse_robust,33,23,0,2.42,0.11,2.38,0.12,0.16,0.0,0.0,0.0,0.0,0.0,0.0,0.0,0.0,0.0,0.0,0.13,0.0,0.08,0.07,0.08,0.0,0.03,0.0,0.0,0.0,0.07,0.05,0.01,0.14,0.12,0.14,0.0,0.0,0.0,0.0,0.0,0.0,0.0,0.0,0.08,0.0,0.0,0.0,0.0,0.0,0.0,0.0,0.0,0.0,0.0,0.0,0.01,0.01,0.0,0.0,0.0,0.11,0.21,0.15,0.02,0.0,0.0,0.0,0.0,0.0,0.0,0.04,0.0,
adult_sim2real,synthetic_ai,lime,,33,23,0,4.36,0.13,0.25,0.0,0.04,0.2099999999999999,0.03,0.18,0.0499999999999999,0.07,0.02,0.05,0.0699999999999999,0.0299999999999999,0.05,0.05,0.06,0.18,0.0799999999999999,0.0099999999999999,0.03,0.0299999999999998,0.03,0.1,0.0199999999999999,0.01,0.05,0.18,0.05,0.0,0.01,0.12,0.0799999999999999,0.11,0.1300000000000001,0.01,0.2099999999999998,0.0399999999999999,0.01,0.07,0.0999999999999999,0.0,0.0900000000000001,0.05,0.2299999999999999,0.07,0.0599999999999999,0.0699999999999999,0.18,0.0899999999999999,0.02,0.0599999999999999,0.13,0.0099999999999999,0.0299999999999999,0.01,0.15,0.1899999999999999,0.05,0.11,0.03,0.0199999999999999,0.03,0.02,0.0399999999999999,0.14,0.1,0.0299999999999998,
adult_sim2real,synthetic_ai,lime,faithful,34,24,0,8.08,0.0,0.01,0.0,0.0,0.0,0.0,0.0,0.0,0.0,0.0,0.0,0.0,0.0,0.0,0.0,0.0,0.0,0.0,0.0,0.0,0.0,0.0,0.0,0.0,0.0,0.0,0.0,0.0,0.0,0.0,0.0,0.0,0.0,0.0,0.0,0.0,0.0,0.0,0.0,0.0,0.0,0.0,0.0,0.0,0.0,0.0,0.0,0.0,0.0,0.0,0.0,0.0,0.0,0.0,0.0,0.0,0.0,0.0,0.0,0.0,0.0,0.0,0.0,0.0,0.0,0.0,0.0,
adult_sim2real,synthetic_ai,lime,robust,34,24,0,2.72,0.19,2.25,0.2,0.23,0.04,0.02,0.03,0.0899999999999999,0.06,0.06,0.03,0.07,0.06,0.06,0.21,0.02,0.16,0.15,0.16,0.06,0.12,0.07,0.01,0.1,0.15,0.14,0.1,0.21,0.2,0.21,0.03,0.07,0.03,0.08,0.04,0.02,0.0,0.04,0.16,0.07,0.0,0.05,0.09,0.01,0.01,0.01,0.08,0.03,0.01,0.06,0.1,0.1,0.06,0.06,0.09,0.19,0.28,0.23,0.11,0.05,0.03,0.06,0.09,0.04,0.05,0.12,0.05,
adult_sim2real,synthetic_ai,lime,sparse,34,24,0,7.58,0.0,0.0,0.0,0.0,0.0,0.0,0.0,0.0,0.0,0.0,0.0,0.0,0.0,0.0,0.0,0.0,0.0,0.0,0.0,0.0,0.0,0.0,0.0,0.0,0.0,0.0,0.0,0.0,0.0,0.0,0.0,0.0,0.0,0.0,0.0,0.0,0.0,0.0,0.0,0.0,0.0,0.0,0.0,0.0,0.0,0.0,0.0,0.0,0.0,0.0,0.0,0.0,0.0,0.0,0.0,0.0,0.0,0.0,0.0,0.0,0.0,0.0,0.0,0.0,0.0,0.0,0.0,
adult_sim2real,synthetic_ai,lime,sparse_robust,34,24,0,2.42,0.11,2.38,0.12,0.16,0.0,0.0,0.0,0.0,0.0,0.0,0.0,0.0,0.0,0.0,0.13,0.0,0.08,0.07,0.08,0.0,0.03,0.0,0.0,0.0,0.07,0.05,0.01,0.14,0.12,0.14,0.0,0.0,0.0,0.0,0.0,0.0,0.0,0.0,0.08,0.0,0.0,0.0,0.0,0.0,0.0,0.0,0.0,0.0,0.0,0.0,0.01,0.01,0.0,0.0,0.0,0.11,0.21,0.15,0.02,0.0,0.0,0.0,0.0,0.0,0.0,0.04,0.0,
adult_sim2real,synthetic_ai,lime,,34,24,0,4.36,0.01,0.0099999999999999,0.0,0.01,0.0,0.0,0.0,0.0099999999999998,0.01,0.01,0.01,0.0,0.0,0.0,0.0099999999999999,0.0,0.0099999999999999,0.0,0.0099999999999999,0.01,0.0099999999999999,0.0099999999999999,0.0,0.0,0.0,0.0099999999999999,0.0,0.0099999999999999,0.0,0.01,0.01,0.0,0.0099999999999999,0.0099999999999999,0.0,0.0,0.0099999999999999,0.01,0.0,0.0,0.0,0.0,0.0,0.0,0.0,0.0,0.0,0.0,0.0,0.0099999999999999,0.0099999999999999,0.0099999999999998,0.0,0.0,0.0,0.01,0.01,0.0,0.0,0.0,0.01,0.0,0.0,0.0,0.0,0.0,0.0,
adult_sim2real,synthetic_ai,lime,faithful,35,25,0,8.08,0.74,4.43,0.26,0.7700000000000001,0.03,0.01,0.0599999999999999,0.23,0.19,0.2,0.1,0.18,0.17,0.1,0.47,0.0699999999999999,0.27,0.29,0.37,0.1899999999999999,0.28,0.06,0.16,0.3,0.25,0.17,0.34,0.53,0.45,0.46,0.02,0.14,0.01,0.2099999999999999,0.04,0.0399999999999999,0.01,0.02,0.3,0.1099999999999999,0.06,0.15,0.1,0.0999999999999999,0.0099999999999999,0.03,0.01,0.05,0.0399999999999999,0.0299999999999999,0.03,0.12,0.09,0.0699999999999999,0.12,0.38,0.59,0.37,0.28,0.03,0.06,0.1599999999999999,0.18,0.07,0.07,0.24,0.05,
adult_sim2real,synthetic_ai,lime,robust,35,25,0,2.72,0.21,2.51,0.22,0.26,0.04,0.02,0.04,0.1,0.07,0.07,0.03,0.07,0.07,0.06,0.23,0.02,0.18,0.17,0.18,0.07,0.13,0.07,0.01,0.11,0.17,0.16,0.11,0.24,0.22,0.24,0.04,0.08,0.03,0.09,0.04,0.03,0.0,0.04,0.18,0.08,0.0,0.06,0.1,0.01,0.02,0.01,0.09,0.04,0.01,0.07,0.11,0.11,0.06,0.07,0.1,0.21,0.31,0.25,0.12,0.06,0.03,0.07,0.1,0.04,0.06,0.14,0.05,
adult_sim2real,synthetic_ai,lime,sparse,35,25,0,7.58,0.24,3.93,0.0,0.27,0.0,0.0,0.0,0.0,0.0,0.0,0.0,0.0,0.0,0.0,0.0,0.0,0.0,0.0,0.0,0.0,0.0,0.0,0.0,0.0,0.0,0.0,0.0,0.03,0.0,0.0,0.0,0.0,0.0,0.0,0.0,0.0,0.0,0.0,0.0,0.0,0.0,0.0,0.0,0.0,0.0,0.0,0.0,0.0,0.0,0.0,0.0,0.0,0.0,0.0,0.0,0.0,0.0899999999999999,0.0,0.0,0.0,0.0,0.0,0.0,0.0,0.0,0.0,0.0,
adult_sim2real,synthetic_ai,lime,sparse_robust,35,25,0,2.42,0.11,2.4,0.12,0.16,0.0,0.0,0.0,0.0,0.0,0.0,0.0,0.0,0.0,0.0,0.13,0.0,0.08,0.07,0.08,0.0,0.03,0.0,0.0,0.01,0.07,0.06,0.01,0.14,0.12,0.14,0.0,0.0,0.0,0.0,0.0,0.0,0.0,0.0,0.08,0.0,0.0,0.0,0.0,0.0,0.0,0.0,0.0,0.0,0.0,0.0,0.01,0.01,0.0,0.0,0.0,0.11,0.21,0.15,0.02,0.0,0.0,0.0,0.0,0.0,0.0,0.04,0.0,
adult_sim2real,synthetic_ai,lime,,35,25,0,4.36,0.24,3.04,0.29,0.0499999999999999,0.1500000000000001,0.75,0.96,0.93,0.52,0.35,0.25,0.11,0.64,0.4699999999999999,0.07,0.9399999999999998,0.6299999999999999,0.5,1.15,0.49,0.25,0.7700000000000001,0.2899999999999998,0.71,0.2299999999999999,0.63,0.5,0.35,0.0,0.5499999999999999,0.49,0.7,0.12,0.5299999999999999,0.36,0.2999999999999999,0.87,0.06,0.76,0.49,0.0799999999999999,0.06,0.0799999999999999,1.36,0.2199999999999999,0.4499999999999999,0.1499999999999999,0.1499999999999999,0.06,0.5100000000000001,0.7100000000000001,0.53,0.48,0.2,0.3099999999999999,0.53,0.32,0.77,0.1300000000000001,0.0499999999999999,0.47,0.39,0.02,0.3299999999999999,0.24,0.7799999999999999,0.49,
adult_sim2real,synthetic_ai,lime,faithful,36,26,0,8.08,0.0199999999999999,0.11,0.01,0.0099999999999999,0.0,0.0,0.0,0.01,0.0,0.0,0.0,0.0,0.0,0.0,0.01,0.0,0.01,0.01,0.01,0.0,0.01,0.0,0.0,0.01,0.0099999999999999,0.01,0.0099999999999999,0.0099999999999999,0.0099999999999999,0.01,0.0,0.0,0.0,0.0,0.0,0.0,0.0,0.0,0.01,0.0,0.0,0.0,0.0,0.0,0.0,0.0,0.0,0.0,0.0,0.0,0.0,0.0099999999999999,0.0,0.0,0.0,0.01,0.0199999999999999,0.01,0.0,0.0,0.0,0.0,0.0,0.0,0.0,0.0099999999999999,0.0,
adult_sim2real,synthetic_ai,lime,robust,36,26,0,2.72,0.19,2.33,0.21,0.24,0.04,0.02,0.03,0.0899999999999999,0.07,0.06,0.03,0.07,0.06,0.06,0.22,0.02,0.17,0.16,0.17,0.07,0.12,0.07,0.01,0.1,0.16,0.15,0.1,0.22,0.21,0.22,0.03,0.07,0.03,0.09,0.04,0.03,0.0,0.04,0.17,0.07,0.0,0.05,0.09,0.01,0.01,0.01,0.08,0.03,0.01,0.06,0.11,0.1,0.06,0.06,0.09,0.2,0.29,0.23,0.11,0.06,0.03,0.07,0.09,0.04,0.05,0.13,0.05,
adult_sim2real,synthetic_ai,lime,sparse,36,26,0,7.58,0.0,0.0,0.0,0.0,0.0,0.0,0.0,0.0,0.0,0.0,0.0,0.0,0.0,0.0,0.0,0.0,0.0,0.0,0.0,0.0,0.0,0.0,0.0,0.0,0.0,0.0,0.0,0.0,0.0,0.0,0.0,0.0,0.0,0.0,0.0,0.0,0.0,0.0,0.0,0.0,0.0,0.0,0.0,0.0,0.0,0.0,0.0,0.0,0.0,0.0,0.0,0.0,0.0,0.0,0.0,0.0,0.0,0.0,0.0,0.0,0.0,0.0,0.0,0.0,0.0,0.0,0.0,
adult_sim2real,synthetic_ai,lime,sparse_robust,36,26,0,2.42,0.11,2.38,0.12,0.16,0.0,0.0,0.0,0.0,0.0,0.0,0.0,0.0,0.0,0.0,0.13,0.0,0.08,0.07,0.08,0.0,0.03,0.0,0.0,0.0,0.07,0.05,0.01,0.14,0.12,0.14,0.0,0.0,0.0,0.0,0.0,0.0,0.0,0.0,0.08,0.0,0.0,0.0,0.0,0.0,0.0,0.0,0.0,0.0,0.0,0.0,0.01,0.01,0.0,0.0,0.0,0.11,0.21,0.15,0.02,0.0,0.0,0.0,0.0,0.0,0.0,0.04,0.0,
adult_sim2real,synthetic_ai,lime,,36,26,0,4.36,0.02,0.14,0.0099999999999999,0.0499999999999999,0.0,0.04,0.0,0.0,0.03,0.01,0.01,0.02,0.0099999999999999,0.01,0.0299999999999999,0.05,0.0299999999999999,0.07,0.0099999999999999,0.0199999999999999,0.0099999999999999,0.0,0.02,0.0399999999999999,0.02,0.03,0.0,0.0099999999999999,0.0,0.0199999999999999,0.0299999999999999,0.0199999999999999,0.0299999999999999,0.0,0.0,0.0300000000000001,0.02,0.0199999999999999,0.02,0.0,0.01,0.0099999999999999,0.0299999999999998,0.0199999999999999,0.01,0.0300000000000001,0.0099999999999999,0.02,0.02,0.0,0.0199999999999998,0.02,0.0299999999999999,0.0299999999999999,0.01,0.03,0.01,0.0199999999999999,0.01,0.0,0.0,0.02,0.03,0.0,0.0399999999999999,0.0,0.0199999999999999,
adult_sim2real,synthetic_ai,lime,faithful,37,27,0,8.08,0.0199999999999999,0.07,0.01,0.0099999999999999,0.0,0.0,0.0,0.0,0.0,0.0,0.0,0.0,0.0,0.0,0.01,0.0,0.01,0.01,0.01,0.0,0.01,0.0,0.0,0.0,0.0099999999999999,0.0,0.0099999999999999,0.0099999999999999,0.0099999999999999,0.01,0.0,0.0,0.0,0.0,0.0,0.0,0.0,0.0,0.01,0.0,0.0,0.0,0.0,0.0,0.0,0.0,0.0,0.0,0.0,0.0,0.0,0.0,0.0,0.0,0.0,0.0,0.0099999999999999,0.01,0.0,0.0,0.0,0.0,0.0,0.0,0.0,0.0,0.0,
adult_sim2real,synthetic_ai,lime,robust,37,27,0,2.72,0.2,2.39,0.21,0.25,0.04,0.02,0.04,0.0899999999999999,0.07,0.07,0.03,0.07,0.06,0.06,0.22,0.02,0.17,0.16,0.17,0.07,0.13,0.07,0.01,0.1,0.16,0.15,0.11,0.23,0.21,0.23,0.03,0.08,0.03,0.09,0.04,0.03,0.0,0.04,0.17,0.07,0.0,0.05,0.1,0.01,0.01,0.01,0.08,0.03,0.01,0.06,0.11,0.1,0.06,0.06,0.1,0.2,0.3,0.25,0.11,0.06,0.03,0.07,0.09,0.04,0.06,0.13,0.05,
adult_sim2real,synthetic_ai,lime,sparse,37,27,0,7.58,0.0,0.0,0.0,0.0,0.0,0.0,0.0,0.0,0.0,0.0,0.0,0.0,0.0,0.0,0.0,0.0,0.0,0.0,0.0,0.0,0.0,0.0,0.0,0.0,0.0,0.0,0.0,0.0,0.0,0.0,0.0,0.0,0.0,0.0,0.0,0.0,0.0,0.0,0.0,0.0,0.0,0.0,0.0,0.0,0.0,0.0,0.0,0.0,0.0,0.0,0.0,0.0,0.0,0.0,0.0,0.0,0.0,0.0,0.0,0.0,0.0,0.0,0.0,0.0,0.0,0.0,0.0,
adult_sim2real,synthetic_ai,lime,sparse_robust,37,27,0,2.42,0.11,2.38,0.12,0.16,0.0,0.0,0.0,0.0,0.0,0.0,0.0,0.0,0.0,0.0,0.13,0.0,0.08,0.07,0.08,0.0,0.03,0.0,0.0,0.0,0.07,0.05,0.01,0.14,0.12,0.14,0.0,0.0,0.0,0.0,0.0,0.0,0.0,0.0,0.08,0.0,0.0,0.0,0.0,0.0,0.0,0.0,0.0,0.0,0.0,0.0,0.01,0.01,0.0,0.0,0.0,0.11,0.21,0.15,0.02,0.0,0.0,0.0,0.0,0.0,0.0,0.04,0.0,
adult_sim2real,synthetic_ai,lime,,37,27,0,4.36,0.01,0.12,0.0,0.01,0.0199999999999999,0.0199999999999999,0.0299999999999999,0.0099999999999998,0.01,0.01,0.0199999999999999,0.01,0.0099999999999999,0.01,0.02,0.0199999999999999,0.0199999999999999,0.0,0.0,0.0,0.0099999999999999,0.02,0.0,0.01,0.01,0.0099999999999999,0.01,0.0099999999999999,0.0,0.0,0.04,0.0199999999999999,0.04,0.0099999999999999,0.01,0.0300000000000001,0.02,0.0,0.02,0.0,0.0,0.0,0.0199999999999999,0.0199999999999999,0.0,0.0,0.0099999999999999,0.02,0.01,0.05,0.04,0.0099999999999998,0.0299999999999999,0.02,0.03,0.02,0.0,0.03,0.02,0.0,0.01,0.04,0.03,0.02,0.01,0.01,0.0,
adult_sim2real,synthetic_ai,lime,faithful,38,28,0,8.08,0.4399999999999999,7.9,0.69,1.37,0.1099999999999999,0.05,0.11,0.21,0.19,0.39,0.28,0.33,0.31,0.63,0.72,0.08,0.5,0.53,0.55,0.35,0.36,0.17,0.1499999999999999,0.42,0.34,0.5,0.41,0.6900000000000001,0.74,0.9,0.03,0.24,0.03,0.4599999999999999,0.17,0.07,0.08,0.14,0.53,0.27,0.14,0.35,0.28,0.08,0.1,0.07,0.1,0.0799999999999999,0.09,0.15,0.68,0.13,0.1,0.31,0.24,0.87,0.96,0.93,0.36,0.3999999999999999,0.1,0.49,0.27,0.14,0.14,0.41,0.21,
adult_sim2real,synthetic_ai,lime,robust,38,28,0,2.72,0.22,2.66,0.23,0.28,0.05,0.02,0.04,0.1,0.07,0.07,0.04,0.08,0.07,0.07,0.25,0.03,0.19,0.18,0.19,0.08,0.14,0.08,0.01,0.11,0.18,0.17,0.11,0.25,0.24,0.25,0.04,0.08,0.03,0.1,0.05,0.03,0.0,0.04,0.19,0.08,0.0,0.06,0.11,0.01,0.02,0.01,0.09,0.04,0.0,0.07,0.12,0.11,0.07,0.07,0.11,0.22,0.33,0.27,0.13,0.06,0.04,0.08,0.1,0.04,0.06,0.15,0.06,
adult_sim2real,synthetic_ai,lime,sparse,38,28,0,7.58,0.0,7.4,0.19,0.87,0.0,0.0,0.0,0.0,0.0,0.0,0.0,0.0,0.0,0.13,0.2199999999999999,0.0,0.0,0.03,0.05,0.0,0.0,0.0,0.0,0.0,0.0,0.0,0.0,0.19,0.2399999999999999,0.4,0.0,0.0,0.0,0.0,0.0,0.0,0.0,0.0,0.03,0.0,0.0,0.0,0.0,0.0,0.0,0.0,0.0,0.0,0.0,0.0,0.18,0.0,0.0,0.0,0.0,0.37,0.46,0.43,0.0,0.0,0.0,0.0,0.0,0.0,0.0,0.0,0.0,
adult_sim2real,synthetic_ai,lime,sparse_robust,38,28,0,2.42,0.11,2.41,0.12,0.16,0.0,0.0,0.0,0.0,0.0,0.0,0.0,0.0,0.0,0.0,0.13,0.0,0.08,0.07,0.08,0.0,0.03,0.0,0.0,0.01,0.07,0.06,0.01,0.14,0.12,0.14,0.0,0.0,0.0,0.0,0.0,0.0,0.0,0.0,0.08,0.0,0.0,0.0,0.0,0.0,0.0,0.0,0.0,0.0,0.0,0.0,0.01,0.01,0.0,0.0,0.0,0.11,0.21,0.16,0.02,0.0,0.0,0.0,0.0,0.0,0.0,0.04,0.0,
adult_sim2real,synthetic_ai,lime,,38,28,0,4.36,0.4,4.36,0.5500000000000002,0.2799999999999999,0.1699999999999999,0.0199999999999999,0.67,0.2,0.0599999999999999,0.57,0.36,0.1799999999999999,0.67,0.01,0.7099999999999999,0.04,0.0199999999999999,0.63,0.22,0.47,0.1999999999999999,0.3799999999999999,0.4,0.3,0.85,0.62,0.1599999999999999,0.26,0.0,0.77,0.67,0.21,0.19,0.12,0.18,0.09,0.22,0.6399999999999999,0.09,0.2900000000000001,0.68,0.36,0.05,0.2499999999999999,0.1199999999999998,0.6399999999999999,0.15,0.0599999999999999,0.1999999999999999,0.45,0.4500000000000001,0.53,0.2700000000000001,0.17,0.2000000000000001,1.27,0.15,0.51,0.3899999999999999,0.3399999999999999,0.07,0.2799999999999999,0.31,0.41,0.67,0.03,0.54,
