dataId,instanceId,x0,x1,x2,x3,x4,y
forest_cover,0,2207.0,121.0,42.0,976.0,250.0,1
forest_cover,1,2504.0,44.0,162.0,1567.0,212.0,0
forest_cover,2,2190.0,105.0,201.0,551.0,252.0,1
forest_cover,3,2249.0,105.0,0.0,390.0,239.0,1
forest_cover,4,2310.0,95.0,30.0,190.0,241.0,1
forest_cover,5,2063.0,120.0,0.0,933.0,241.0,1
forest_cover,6,2493.0,97.0,404.0,532.0,251.0,0
forest_cover,7,2299.0,349.0,124.0,319.0,163.0,0
forest_cover,8,2080.0,47.0,42.0,1015.0,221.0,1
forest_cover,9,2177.0,106.0,182.0,510.0,253.0,1
forest_cover,10,2292.0,136.0,256.0,1429.0,246.0,1
forest_cover,11,2154.0,126.0,67.0,1033.0,253.0,1
forest_cover,12,2366.0,39.0,255.0,1284.0,217.0,0
forest_cover,13,2354.0,129.0,361.0,849.0,251.0,1
forest_cover,14,2019.0,65.0,150.0,162.0,232.0,0
forest_cover,15,2504.0,42.0,577.0,726.0,221.0,0
forest_cover,16,2166.0,81.0,0.0,1316.0,244.0,1
forest_cover,17,2365.0,70.0,85.0,480.0,235.0,0
forest_cover,18,2289.0,291.0,108.0,513.0,153.0,0
forest_cover,19,2170.0,334.0,379.0,481.0,153.0,0
forest_cover,20,2063.0,25.0,228.0,268.0,194.0,0
forest_cover,21,2394.0,292.0,175.0,300.0,131.0,0
forest_cover,22,2336.0,65.0,511.0,1440.0,233.0,1
forest_cover,23,2759.0,239.0,335.0,3094.0,82.0,0
forest_cover,24,2620.0,197.0,313.0,828.0,216.0,0
forest_cover,25,2129.0,18.0,30.0,1203.0,195.0,0
forest_cover,26,2128.0,227.0,192.0,564.0,179.0,0
forest_cover,27,2194.0,128.0,127.0,1307.0,252.0,1
forest_cover,28,2293.0,32.0,242.0,750.0,216.0,0
forest_cover,29,2409.0,132.0,255.0,1528.0,251.0,0
forest_cover,30,2686.0,96.0,404.0,875.0,232.0,0
forest_cover,31,2346.0,291.0,90.0,1410.0,129.0,0
forest_cover,32,2209.0,128.0,60.0,933.0,252.0,1
forest_cover,33,2215.0,25.0,182.0,1087.0,193.0,0
forest_cover,34,2279.0,344.0,283.0,1082.0,131.0,0
forest_cover,35,2189.0,80.0,0.0,618.0,234.0,1
forest_cover,36,2484.0,303.0,324.0,124.0,178.0,0
forest_cover,37,2197.0,128.0,30.0,124.0,234.0,0
forest_cover,38,2281.0,139.0,216.0,1364.0,246.0,1
forest_cover,39,2371.0,54.0,0.0,671.0,224.0,1
forest_cover,40,2359.0,250.0,297.0,870.0,158.0,1
forest_cover,41,2125.0,109.0,0.0,1167.0,247.0,1
forest_cover,42,2270.0,305.0,108.0,300.0,107.0,0
forest_cover,43,2150.0,69.0,277.0,499.0,234.0,0
forest_cover,44,2279.0,115.0,150.0,216.0,252.0,0
forest_cover,45,2586.0,166.0,175.0,1865.0,228.0,0
forest_cover,46,2020.0,355.0,201.0,242.0,165.0,0
forest_cover,47,2548.0,355.0,67.0,1328.0,185.0,0
forest_cover,48,2409.0,106.0,175.0,973.0,253.0,0
forest_cover,49,2534.0,103.0,418.0,391.0,252.0,0
forest_cover,50,2331.0,98.0,301.0,674.0,249.0,1
forest_cover,51,2355.0,82.0,446.0,999.0,227.0,1
forest_cover,52,2110.0,283.0,0.0,1120.0,194.0,1
forest_cover,53,2200.0,131.0,30.0,955.0,247.0,1
forest_cover,54,2362.0,266.0,247.0,1099.0,164.0,1
forest_cover,55,2160.0,108.0,85.0,1006.0,254.0,1
forest_cover,56,2374.0,65.0,0.0,633.0,232.0,1
forest_cover,57,2288.0,18.0,295.0,437.0,196.0,0
forest_cover,58,2295.0,119.0,234.0,966.0,252.0,1
forest_cover,59,2345.0,45.0,0.0,1355.0,221.0,1
forest_cover,60,2161.0,100.0,150.0,470.0,252.0,1
forest_cover,61,2431.0,104.0,175.0,641.0,252.0,0
forest_cover,62,2164.0,291.0,162.0,573.0,144.0,0
forest_cover,63,2388.0,160.0,134.0,644.0,228.0,0
forest_cover,64,2245.0,302.0,446.0,450.0,150.0,0
forest_cover,65,2314.0,55.0,212.0,201.0,228.0,0
forest_cover,66,2179.0,204.0,0.0,1254.0,200.0,1
forest_cover,67,2191.0,342.0,42.0,1003.0,203.0,1
forest_cover,68,2280.0,59.0,60.0,360.0,229.0,1
forest_cover,69,2064.0,307.0,0.0,511.0,174.0,1
forest_cover,70,2070.0,157.0,120.0,402.0,236.0,0
forest_cover,71,2381.0,104.0,469.0,534.0,243.0,0
forest_cover,72,2381.0,250.0,300.0,828.0,161.0,1
forest_cover,73,2421.0,329.0,424.0,932.0,151.0,0
forest_cover,74,2559.0,235.0,323.0,2407.0,193.0,0
forest_cover,75,2457.0,303.0,120.0,309.0,143.0,0
forest_cover,76,2525.0,348.0,277.0,1110.0,152.0,0
forest_cover,77,2290.0,43.0,0.0,1072.0,222.0,1
forest_cover,78,2190.0,120.0,124.0,1266.0,254.0,1
forest_cover,79,2267.0,45.0,0.0,95.0,219.0,1
forest_cover,80,2163.0,130.0,0.0,1380.0,247.0,1
forest_cover,81,1974.0,125.0,85.0,124.0,250.0,0
forest_cover,82,2318.0,306.0,0.0,582.0,182.0,1
forest_cover,83,2356.0,124.0,330.0,1106.0,253.0,1
forest_cover,84,2616.0,127.0,85.0,2125.0,240.0,0
forest_cover,85,2176.0,102.0,0.0,1168.0,234.0,1
forest_cover,86,2285.0,122.0,484.0,1445.0,249.0,1
forest_cover,87,2306.0,47.0,0.0,1282.0,223.0,1
forest_cover,88,2368.0,102.0,242.0,1026.0,252.0,1
forest_cover,89,2208.0,340.0,0.0,430.0,180.0,1
forest_cover,90,2133.0,3.0,0.0,1298.0,199.0,1
forest_cover,91,2044.0,13.0,0.0,331.0,205.0,1
forest_cover,92,2230.0,42.0,30.0,1260.0,204.0,0
forest_cover,93,2268.0,165.0,234.0,1134.0,232.0,1
forest_cover,94,2123.0,354.0,0.0,1249.0,193.0,1
forest_cover,95,2803.0,157.0,579.0,2658.0,238.0,0
forest_cover,96,2178.0,131.0,108.0,1158.0,251.0,1
forest_cover,97,2324.0,116.0,297.0,999.0,253.0,1
forest_cover,98,2339.0,188.0,201.0,633.0,221.0,0
forest_cover,99,2517.0,312.0,488.0,511.0,182.0,0
forest_cover,100,2459.0,118.0,300.0,404.0,254.0,0
forest_cover,101,2415.0,96.0,331.0,850.0,251.0,0
forest_cover,102,2217.0,313.0,30.0,1236.0,159.0,0
forest_cover,103,2269.0,117.0,134.0,531.0,253.0,1
forest_cover,104,2369.0,144.0,242.0,234.0,246.0,1
forest_cover,105,2041.0,356.0,30.0,612.0,170.0,1
forest_cover,106,2305.0,41.0,30.0,1253.0,221.0,1
forest_cover,107,2125.0,34.0,190.0,571.0,202.0,0
forest_cover,108,2356.0,117.0,339.0,876.0,251.0,1
forest_cover,109,2232.0,325.0,42.0,366.0,146.0,0
forest_cover,110,2325.0,130.0,300.0,937.0,252.0,1
forest_cover,111,2280.0,114.0,0.0,1471.0,236.0,1
forest_cover,112,2546.0,184.0,402.0,808.0,219.0,0
forest_cover,113,2329.0,324.0,283.0,741.0,172.0,0
forest_cover,114,2043.0,43.0,67.0,511.0,218.0,1
forest_cover,115,2516.0,199.0,124.0,834.0,215.0,0
forest_cover,116,2387.0,76.0,85.0,658.0,239.0,0
forest_cover,117,2310.0,117.0,162.0,446.0,254.0,1
forest_cover,118,2286.0,331.0,443.0,600.0,157.0,0
forest_cover,119,2205.0,139.0,0.0,764.0,247.0,1
forest_cover,120,2292.0,104.0,268.0,1425.0,240.0,1
forest_cover,121,2187.0,14.0,242.0,691.0,180.0,0
forest_cover,122,1995.0,52.0,0.0,120.0,225.0,1
forest_cover,123,2278.0,74.0,30.0,390.0,240.0,1
forest_cover,124,2118.0,340.0,95.0,418.0,140.0,0
forest_cover,125,2126.0,128.0,30.0,1198.0,248.0,1
forest_cover,126,2302.0,103.0,382.0,960.0,248.0,0
forest_cover,127,2459.0,173.0,212.0,218.0,225.0,0
forest_cover,128,2279.0,246.0,446.0,828.0,138.0,0
forest_cover,129,2360.0,126.0,212.0,1129.0,244.0,0
forest_cover,130,2365.0,262.0,566.0,579.0,170.0,0
forest_cover,131,2188.0,325.0,0.0,616.0,190.0,1
forest_cover,132,2288.0,132.0,324.0,745.0,248.0,1
forest_cover,133,2369.0,57.0,0.0,560.0,229.0,1
forest_cover,134,2265.0,194.0,339.0,1104.0,213.0,1
forest_cover,135,2000.0,318.0,30.0,108.0,201.0,1
forest_cover,136,2367.0,168.0,162.0,1517.0,231.0,0
forest_cover,137,2550.0,171.0,297.0,691.0,228.0,0
forest_cover,138,2225.0,143.0,30.0,551.0,237.0,1
forest_cover,139,2140.0,22.0,42.0,1315.0,213.0,1
forest_cover,140,2206.0,85.0,60.0,745.0,239.0,1
forest_cover,141,2541.0,359.0,488.0,960.0,202.0,0
forest_cover,142,2680.0,63.0,295.0,1025.0,230.0,0
forest_cover,143,2207.0,118.0,192.0,808.0,254.0,1
forest_cover,144,2078.0,326.0,0.0,1342.0,198.0,1
forest_cover,145,2190.0,114.0,30.0,1040.0,247.0,1
forest_cover,146,2111.0,211.0,0.0,616.0,208.0,1
forest_cover,147,2407.0,122.0,390.0,1050.0,242.0,0
forest_cover,148,2214.0,333.0,150.0,1390.0,138.0,0
forest_cover,149,2274.0,75.0,323.0,595.0,239.0,1
forest_cover,150,2471.0,317.0,153.0,0.0,175.0,0
forest_cover,151,2015.0,93.0,0.0,330.0,239.0,1
forest_cover,152,2696.0,151.0,150.0,1952.0,228.0,0
forest_cover,153,2118.0,62.0,0.0,1115.0,225.0,1
forest_cover,154,2515.0,188.0,300.0,940.0,208.0,0
forest_cover,155,2390.0,264.0,90.0,450.0,167.0,0
forest_cover,156,2201.0,337.0,0.0,774.0,200.0,1
forest_cover,157,2625.0,186.0,90.0,1907.0,208.0,0
forest_cover,158,2099.0,8.0,60.0,134.0,174.0,0
forest_cover,159,2254.0,145.0,0.0,342.0,231.0,1
forest_cover,160,2621.0,63.0,170.0,1683.0,224.0,0
forest_cover,161,2234.0,126.0,0.0,450.0,248.0,1
forest_cover,162,2109.0,271.0,153.0,295.0,121.0,0
forest_cover,163,2608.0,170.0,342.0,2649.0,230.0,0
forest_cover,164,2039.0,123.0,30.0,631.0,248.0,1
forest_cover,165,2219.0,128.0,124.0,1406.0,250.0,1
forest_cover,166,2126.0,137.0,60.0,836.0,249.0,1
forest_cover,167,2165.0,90.0,150.0,443.0,247.0,1
forest_cover,168,2560.0,241.0,600.0,778.0,204.0,0
forest_cover,169,2578.0,139.0,451.0,752.0,242.0,0
forest_cover,170,2055.0,102.0,240.0,258.0,250.0,0
forest_cover,171,2577.0,192.0,60.0,1358.0,217.0,0
forest_cover,172,2115.0,163.0,42.0,1293.0,233.0,1
forest_cover,173,2224.0,133.0,0.0,1130.0,248.0,1
forest_cover,174,2667.0,94.0,127.0,2448.0,249.0,0
forest_cover,175,2275.0,127.0,180.0,722.0,253.0,1
forest_cover,176,2131.0,271.0,60.0,1063.0,179.0,1
forest_cover,177,2270.0,79.0,0.0,658.0,230.0,1
forest_cover,178,2526.0,126.0,258.0,95.0,223.0,1
forest_cover,179,2353.0,239.0,256.0,1123.0,191.0,1
forest_cover,180,2319.0,171.0,408.0,1298.0,229.0,1
forest_cover,181,2312.0,111.0,216.0,531.0,254.0,1
forest_cover,182,2165.0,358.0,30.0,1300.0,199.0,0
forest_cover,183,2747.0,152.0,408.0,2408.0,241.0,0
forest_cover,184,2205.0,128.0,150.0,1323.0,252.0,1
forest_cover,185,2596.0,168.0,108.0,1400.0,230.0,0
forest_cover,186,2084.0,113.0,0.0,182.0,243.0,1
forest_cover,187,2052.0,93.0,30.0,365.0,242.0,1
forest_cover,188,2553.0,199.0,90.0,1101.0,204.0,0
forest_cover,189,2413.0,1.0,335.0,1104.0,185.0,0
forest_cover,190,2105.0,136.0,0.0,1397.0,244.0,1
forest_cover,191,2161.0,203.0,30.0,1154.0,189.0,1
forest_cover,192,2279.0,130.0,242.0,1008.0,249.0,1
forest_cover,193,2411.0,56.0,192.0,582.0,222.0,0
forest_cover,194,2226.0,357.0,30.0,510.0,138.0,0
forest_cover,195,2167.0,129.0,153.0,765.0,252.0,1
forest_cover,196,2032.0,24.0,175.0,216.0,185.0,0
forest_cover,197,2358.0,65.0,426.0,973.0,230.0,1
forest_cover,198,2092.0,284.0,295.0,402.0,170.0,0
forest_cover,199,2095.0,207.0,0.0,1414.0,212.0,1
forest_cover,200,2621.0,43.0,402.0,1943.0,222.0,0
forest_cover,201,2009.0,51.0,108.0,134.0,205.0,0
forest_cover,202,2006.0,53.0,0.0,255.0,227.0,1
forest_cover,203,2444.0,90.0,60.0,878.0,237.0,0
forest_cover,204,2487.0,266.0,201.0,391.0,202.0,0
forest_cover,205,2017.0,70.0,212.0,212.0,238.0,0
forest_cover,206,2278.0,138.0,228.0,1429.0,247.0,1
forest_cover,207,2248.0,111.0,0.0,902.0,242.0,1
forest_cover,208,2377.0,127.0,42.0,781.0,251.0,0
forest_cover,209,2310.0,153.0,127.0,108.0,236.0,0
forest_cover,210,2321.0,2.0,216.0,511.0,195.0,0
forest_cover,211,2328.0,327.0,382.0,1291.0,208.0,0
forest_cover,212,2191.0,19.0,0.0,551.0,214.0,1
forest_cover,213,2188.0,90.0,218.0,525.0,248.0,0
forest_cover,214,2763.0,233.0,335.0,3203.0,152.0,0
forest_cover,215,2263.0,126.0,350.0,1189.0,253.0,1
forest_cover,216,2174.0,120.0,0.0,1379.0,251.0,1
forest_cover,217,2420.0,122.0,153.0,765.0,253.0,0
forest_cover,218,2236.0,118.0,108.0,955.0,254.0,1
forest_cover,219,2003.0,355.0,0.0,127.0,211.0,1
forest_cover,220,2320.0,102.0,361.0,1110.0,252.0,1
forest_cover,221,2449.0,236.0,90.0,990.0,179.0,0
forest_cover,222,2334.0,308.0,277.0,918.0,128.0,0
forest_cover,223,2564.0,48.0,379.0,1337.0,220.0,0
forest_cover,224,2102.0,347.0,0.0,1290.0,208.0,1
forest_cover,225,2301.0,122.0,0.0,1022.0,225.0,1
forest_cover,226,2104.0,62.0,108.0,192.0,227.0,0
forest_cover,227,2339.0,126.0,518.0,1476.0,250.0,1
forest_cover,228,2230.0,337.0,0.0,1136.0,189.0,1
forest_cover,229,2376.0,104.0,0.0,1020.0,243.0,1
forest_cover,230,2317.0,230.0,466.0,1276.0,165.0,1
forest_cover,231,2492.0,53.0,180.0,277.0,227.0,0
forest_cover,232,2151.0,126.0,0.0,1456.0,247.0,1
forest_cover,233,2344.0,322.0,60.0,85.0,150.0,0
forest_cover,234,2140.0,135.0,0.0,1273.0,228.0,1
forest_cover,235,2199.0,116.0,150.0,1008.0,254.0,1
forest_cover,236,2619.0,229.0,285.0,2012.0,180.0,0
forest_cover,237,2311.0,290.0,256.0,882.0,161.0,0
forest_cover,238,2039.0,329.0,30.0,270.0,131.0,0
forest_cover,239,1991.0,337.0,0.0,180.0,183.0,1
forest_cover,240,2334.0,138.0,175.0,679.0,245.0,0
forest_cover,241,2296.0,124.0,192.0,1595.0,253.0,0
forest_cover,242,2227.0,137.0,175.0,1040.0,248.0,1
forest_cover,243,2731.0,120.0,437.0,660.0,243.0,0
forest_cover,244,2614.0,234.0,0.0,2155.0,216.0,0
forest_cover,245,2295.0,107.0,212.0,900.0,253.0,1
forest_cover,246,2816.0,108.0,594.0,2675.0,249.0,0
forest_cover,247,2307.0,358.0,228.0,1082.0,156.0,0
forest_cover,248,2467.0,334.0,582.0,1218.0,182.0,0
forest_cover,249,2239.0,135.0,309.0,1191.0,250.0,1
forest_cover,250,2339.0,134.0,285.0,741.0,250.0,1
forest_cover,251,2154.0,187.0,0.0,1140.0,218.0,1
forest_cover,252,2222.0,5.0,67.0,957.0,153.0,0
forest_cover,253,2200.0,143.0,30.0,1252.0,246.0,1
forest_cover,254,2019.0,139.0,0.0,534.0,243.0,0
forest_cover,255,2219.0,159.0,0.0,1110.0,233.0,1
forest_cover,256,2428.0,121.0,0.0,900.0,241.0,0
forest_cover,257,2212.0,189.0,95.0,295.0,219.0,0
forest_cover,258,2304.0,124.0,361.0,930.0,245.0,0
forest_cover,259,2221.0,351.0,30.0,1114.0,154.0,0
forest_cover,260,2100.0,71.0,108.0,295.0,238.0,1
forest_cover,261,2456.0,145.0,420.0,722.0,228.0,0
forest_cover,262,2290.0,28.0,85.0,1425.0,195.0,0
forest_cover,263,2443.0,172.0,488.0,743.0,229.0,0
forest_cover,264,2311.0,113.0,108.0,633.0,240.0,0
forest_cover,265,2139.0,84.0,120.0,430.0,242.0,1
forest_cover,266,2468.0,20.0,212.0,690.0,214.0,0
forest_cover,267,2383.0,16.0,426.0,1477.0,213.0,0
forest_cover,268,2510.0,86.0,309.0,552.0,245.0,0
forest_cover,269,2140.0,333.0,0.0,960.0,170.0,1
forest_cover,270,2419.0,48.0,0.0,395.0,224.0,1
forest_cover,271,2672.0,139.0,180.0,1935.0,248.0,0
forest_cover,272,2456.0,106.0,192.0,720.0,248.0,0
forest_cover,273,2554.0,45.0,0.0,1421.0,223.0,0
forest_cover,274,2193.0,66.0,0.0,765.0,235.0,1
forest_cover,275,2284.0,109.0,42.0,1216.0,252.0,0
forest_cover,276,2149.0,108.0,124.0,646.0,253.0,1
forest_cover,277,2249.0,113.0,134.0,934.0,253.0,1
forest_cover,278,2057.0,264.0,270.0,330.0,150.0,0
forest_cover,279,2344.0,95.0,150.0,379.0,237.0,0
forest_cover,280,2016.0,5.0,0.0,240.0,187.0,1
forest_cover,281,2119.0,113.0,210.0,417.0,250.0,0
forest_cover,282,2405.0,71.0,0.0,691.0,238.0,1
forest_cover,283,2120.0,108.0,108.0,541.0,254.0,1
forest_cover,284,2259.0,131.0,283.0,750.0,251.0,1
forest_cover,285,2115.0,135.0,0.0,1142.0,244.0,1
forest_cover,286,2265.0,127.0,134.0,807.0,253.0,1
forest_cover,287,2306.0,276.0,0.0,1262.0,203.0,1
forest_cover,288,2304.0,119.0,108.0,750.0,253.0,0
forest_cover,289,2078.0,85.0,0.0,735.0,238.0,1
forest_cover,290,2128.0,331.0,30.0,1189.0,137.0,1
forest_cover,291,1980.0,96.0,60.0,90.0,245.0,0
forest_cover,292,2206.0,123.0,67.0,1040.0,252.0,1
forest_cover,293,2637.0,135.0,390.0,2078.0,219.0,0
forest_cover,294,2558.0,212.0,90.0,1722.0,172.0,0
forest_cover,295,2229.0,100.0,0.0,960.0,252.0,0
forest_cover,296,2255.0,6.0,277.0,470.0,188.0,0
forest_cover,297,2383.0,125.0,362.0,430.0,252.0,0
forest_cover,298,2337.0,127.0,268.0,782.0,252.0,1
forest_cover,299,2295.0,127.0,212.0,726.0,252.0,1
adult,0,46.0,13.0,3.0,1.0,0.0,1
adult,1,47.0,13.0,3.0,1.0,0.0,0
adult,2,55.0,13.0,1.0,1.0,10520.0,1
adult,3,32.0,13.0,3.0,1.0,0.0,1
adult,4,42.0,10.0,1.0,0.0,0.0,0
adult,5,71.0,9.0,3.0,1.0,0.0,0
adult,6,38.0,13.0,3.0,1.0,7688.0,1
adult,7,22.0,9.0,0.0,1.0,0.0,0
adult,8,56.0,10.0,3.0,1.0,0.0,1
adult,9,73.0,9.0,2.0,0.0,0.0,0
adult,10,41.0,10.0,3.0,1.0,0.0,1
adult,11,32.0,12.0,3.0,1.0,0.0,0
adult,12,40.0,15.0,3.0,1.0,0.0,1
adult,13,56.0,10.0,1.0,1.0,0.0,1
adult,14,45.0,12.0,1.0,0.0,0.0,1
adult,15,50.0,9.0,1.0,1.0,0.0,1
adult,16,39.0,13.0,3.0,1.0,0.0,0
adult,17,54.0,9.0,3.0,1.0,0.0,1
adult,18,25.0,9.0,0.0,1.0,0.0,0
adult,19,56.0,13.0,3.0,1.0,5178.0,1
adult,20,17.0,7.0,0.0,0.0,0.0,0
adult,21,22.0,9.0,0.0,1.0,0.0,0
adult,22,45.0,15.0,3.0,1.0,0.0,1
adult,23,42.0,10.0,3.0,1.0,0.0,1
adult,24,41.0,11.0,0.0,1.0,0.0,0
adult,25,39.0,13.0,0.0,1.0,0.0,0
adult,26,33.0,13.0,3.0,1.0,15024.0,1
adult,27,35.0,13.0,3.0,1.0,0.0,1
adult,28,30.0,14.0,3.0,1.0,15024.0,1
adult,29,60.0,9.0,3.0,1.0,0.0,0
adult,30,26.0,10.0,0.0,0.0,0.0,0
adult,31,26.0,9.0,0.0,1.0,0.0,0
adult,32,47.0,11.0,3.0,1.0,0.0,1
adult,33,23.0,13.0,0.0,0.0,0.0,0
adult,34,45.0,9.0,1.0,0.0,0.0,0
adult,35,33.0,7.0,1.0,0.0,0.0,0
adult,36,34.0,10.0,3.0,1.0,0.0,1
adult,37,36.0,10.0,3.0,0.0,0.0,1
adult,38,49.0,6.0,3.0,1.0,0.0,1
adult,39,40.0,13.0,3.0,1.0,7298.0,1
adult,40,35.0,9.0,3.0,1.0,0.0,0
adult,41,35.0,13.0,1.0,1.0,7430.0,1
adult,42,34.0,6.0,0.0,0.0,0.0,0
adult,43,31.0,10.0,3.0,1.0,0.0,1
adult,44,58.0,9.0,1.0,1.0,0.0,0
adult,45,33.0,9.0,3.0,1.0,0.0,0
adult,46,43.0,9.0,3.0,1.0,0.0,1
adult,47,30.0,13.0,1.0,1.0,0.0,0
adult,48,26.0,9.0,1.0,0.0,0.0,0
adult,49,36.0,9.0,3.0,1.0,7298.0,1
adult,50,42.0,13.0,3.0,1.0,15024.0,1
adult,51,67.0,10.0,3.0,1.0,20051.0,1
adult,52,31.0,10.0,3.0,1.0,0.0,0
adult,53,51.0,12.0,3.0,1.0,0.0,1
adult,54,34.0,13.0,3.0,1.0,0.0,0
adult,55,26.0,13.0,0.0,1.0,0.0,0
adult,56,62.0,10.0,3.0,1.0,0.0,0
adult,57,35.0,10.0,3.0,1.0,0.0,0
adult,58,27.0,11.0,3.0,0.0,0.0,1
adult,59,49.0,9.0,1.0,1.0,0.0,0
adult,60,38.0,13.0,3.0,1.0,0.0,1
adult,61,35.0,10.0,3.0,1.0,0.0,1
adult,62,35.0,9.0,0.0,1.0,0.0,0
adult,63,22.0,10.0,0.0,0.0,0.0,0
adult,64,48.0,12.0,3.0,1.0,0.0,1
adult,65,71.0,9.0,3.0,1.0,0.0,1
adult,66,54.0,14.0,3.0,1.0,0.0,1
adult,67,44.0,10.0,3.0,1.0,0.0,0
adult,68,38.0,9.0,3.0,0.0,0.0,1
adult,69,26.0,13.0,0.0,1.0,0.0,0
adult,70,62.0,13.0,3.0,1.0,0.0,1
adult,71,64.0,9.0,3.0,1.0,0.0,0
adult,72,34.0,7.0,0.0,1.0,0.0,0
adult,73,20.0,10.0,0.0,0.0,0.0,0
adult,74,32.0,13.0,1.0,0.0,0.0,0
adult,75,25.0,10.0,0.0,1.0,0.0,0
adult,76,37.0,16.0,1.0,0.0,0.0,0
adult,77,59.0,9.0,3.0,1.0,0.0,0
adult,78,69.0,9.0,3.0,1.0,0.0,1
adult,79,58.0,14.0,3.0,1.0,7688.0,1
adult,80,39.0,10.0,0.0,0.0,0.0,0
adult,81,47.0,13.0,3.0,1.0,0.0,1
adult,82,43.0,10.0,3.0,1.0,0.0,0
adult,83,26.0,13.0,0.0,0.0,0.0,0
adult,84,39.0,9.0,0.0,0.0,2202.0,0
adult,85,46.0,9.0,3.0,1.0,0.0,1
adult,86,36.0,13.0,3.0,1.0,0.0,1
adult,87,70.0,13.0,3.0,1.0,0.0,0
adult,88,42.0,10.0,1.0,0.0,0.0,0
adult,89,50.0,14.0,1.0,0.0,0.0,0
adult,90,37.0,13.0,3.0,1.0,3411.0,0
adult,91,42.0,15.0,3.0,1.0,0.0,1
adult,92,44.0,13.0,3.0,1.0,0.0,1
adult,93,28.0,9.0,1.0,0.0,0.0,0
adult,94,41.0,11.0,3.0,0.0,0.0,0
adult,95,32.0,14.0,0.0,0.0,0.0,0
adult,96,20.0,9.0,0.0,1.0,0.0,0
adult,97,48.0,10.0,1.0,1.0,15020.0,1
adult,98,47.0,9.0,1.0,0.0,0.0,0
adult,99,34.0,10.0,0.0,1.0,0.0,1
adult,100,46.0,9.0,3.0,1.0,0.0,0
adult,101,35.0,12.0,1.0,0.0,0.0,0
adult,102,40.0,13.0,3.0,1.0,7298.0,1
adult,103,55.0,9.0,1.0,0.0,0.0,0
adult,104,41.0,9.0,3.0,1.0,0.0,0
adult,105,45.0,10.0,3.0,1.0,0.0,1
adult,106,33.0,12.0,3.0,1.0,0.0,0
adult,107,26.0,9.0,0.0,0.0,0.0,0
adult,108,44.0,13.0,1.0,1.0,0.0,1
adult,109,21.0,10.0,0.0,0.0,0.0,0
adult,110,43.0,9.0,3.0,1.0,0.0,1
adult,111,34.0,14.0,1.0,0.0,0.0,1
adult,112,31.0,14.0,3.0,1.0,0.0,1
adult,113,38.0,14.0,1.0,0.0,0.0,0
adult,114,48.0,11.0,1.0,0.0,0.0,0
adult,115,40.0,9.0,1.0,0.0,0.0,0
adult,116,31.0,9.0,3.0,1.0,0.0,0
adult,117,49.0,9.0,3.0,1.0,4064.0,0
adult,118,22.0,9.0,1.0,1.0,0.0,0
adult,119,55.0,9.0,3.0,1.0,0.0,0
adult,120,41.0,9.0,3.0,1.0,5178.0,1
adult,121,45.0,9.0,1.0,1.0,10520.0,1
adult,122,31.0,7.0,3.0,1.0,0.0,0
adult,123,42.0,10.0,3.0,1.0,0.0,1
adult,124,62.0,14.0,3.0,0.0,0.0,0
adult,125,44.0,14.0,3.0,1.0,7298.0,1
adult,126,31.0,13.0,3.0,1.0,0.0,1
adult,127,34.0,13.0,3.0,0.0,0.0,1
adult,128,55.0,9.0,3.0,1.0,0.0,1
adult,129,35.0,10.0,3.0,1.0,0.0,0
adult,130,52.0,3.0,1.0,1.0,0.0,0
adult,131,57.0,9.0,3.0,1.0,0.0,1
adult,132,46.0,13.0,3.0,0.0,0.0,1
adult,133,27.0,13.0,0.0,0.0,0.0,0
adult,134,32.0,3.0,0.0,0.0,0.0,0
adult,135,38.0,9.0,1.0,1.0,2174.0,0
adult,136,44.0,10.0,3.0,1.0,0.0,1
adult,137,59.0,9.0,0.0,1.0,0.0,0
adult,138,29.0,13.0,0.0,1.0,0.0,1
adult,139,54.0,14.0,3.0,1.0,7688.0,1
adult,140,18.0,10.0,0.0,1.0,0.0,0
adult,141,22.0,9.0,1.0,0.0,0.0,0
adult,142,22.0,10.0,0.0,0.0,0.0,0
adult,143,33.0,11.0,3.0,1.0,0.0,1
adult,144,35.0,10.0,3.0,1.0,0.0,1
adult,145,44.0,10.0,1.0,1.0,0.0,0
adult,146,38.0,13.0,0.0,1.0,0.0,0
adult,147,26.0,9.0,3.0,1.0,0.0,1
adult,148,50.0,9.0,1.0,0.0,0.0,0
adult,149,33.0,3.0,3.0,1.0,0.0,0
adult,150,39.0,9.0,1.0,0.0,0.0,0
adult,151,18.0,7.0,0.0,0.0,0.0,0
adult,152,31.0,15.0,3.0,0.0,0.0,1
adult,153,20.0,10.0,3.0,1.0,0.0,0
adult,154,38.0,13.0,3.0,0.0,0.0,1
adult,155,49.0,9.0,3.0,1.0,0.0,1
adult,156,35.0,15.0,3.0,1.0,0.0,1
adult,157,65.0,13.0,3.0,1.0,0.0,0
adult,158,53.0,13.0,3.0,1.0,0.0,1
adult,159,36.0,10.0,3.0,1.0,0.0,1
adult,160,69.0,10.0,3.0,1.0,0.0,1
adult,161,21.0,10.0,0.0,0.0,0.0,0
adult,162,30.0,13.0,0.0,0.0,0.0,1
adult,163,46.0,13.0,0.0,0.0,0.0,1
adult,164,41.0,10.0,3.0,1.0,0.0,1
adult,165,34.0,9.0,3.0,1.0,0.0,1
adult,166,27.0,14.0,0.0,1.0,0.0,0
adult,167,49.0,9.0,3.0,1.0,0.0,1
adult,168,27.0,9.0,3.0,1.0,0.0,0
adult,169,34.0,11.0,3.0,1.0,7298.0,1
adult,170,48.0,10.0,3.0,1.0,0.0,1
adult,171,40.0,13.0,3.0,1.0,99999.0,1
adult,172,50.0,13.0,3.0,1.0,7298.0,1
adult,173,44.0,9.0,3.0,1.0,0.0,0
adult,174,51.0,12.0,1.0,0.0,0.0,0
adult,175,30.0,5.0,1.0,1.0,0.0,0
adult,176,25.0,10.0,0.0,0.0,0.0,0
adult,177,43.0,13.0,3.0,1.0,0.0,1
adult,178,51.0,11.0,3.0,1.0,0.0,1
adult,179,34.0,9.0,3.0,1.0,0.0,1
adult,180,38.0,10.0,3.0,0.0,0.0,1
adult,181,21.0,9.0,3.0,1.0,0.0,0
adult,182,30.0,13.0,3.0,1.0,0.0,1
adult,183,49.0,9.0,3.0,1.0,4064.0,0
adult,184,49.0,9.0,1.0,0.0,0.0,0
adult,185,31.0,10.0,1.0,0.0,0.0,0
adult,186,35.0,10.0,0.0,1.0,0.0,0
adult,187,33.0,13.0,0.0,0.0,0.0,0
adult,188,75.0,14.0,1.0,0.0,0.0,0
adult,189,27.0,9.0,3.0,1.0,0.0,0
adult,190,24.0,9.0,3.0,1.0,0.0,0
adult,191,25.0,7.0,1.0,1.0,0.0,0
adult,192,34.0,10.0,3.0,1.0,0.0,1
adult,193,54.0,13.0,3.0,1.0,0.0,1
adult,194,39.0,10.0,3.0,1.0,0.0,1
adult,195,43.0,10.0,3.0,1.0,0.0,1
adult,196,28.0,13.0,0.0,0.0,0.0,0
adult,197,24.0,13.0,0.0,1.0,0.0,0
adult,198,32.0,13.0,3.0,1.0,0.0,1
adult,199,21.0,9.0,0.0,0.0,0.0,0
adult,200,56.0,10.0,3.0,1.0,0.0,1
adult,201,19.0,9.0,0.0,1.0,0.0,0
adult,202,36.0,2.0,0.0,1.0,0.0,0
adult,203,25.0,13.0,0.0,1.0,0.0,0
adult,204,28.0,11.0,3.0,1.0,0.0,1
adult,205,50.0,7.0,3.0,1.0,0.0,1
adult,206,25.0,12.0,0.0,0.0,0.0,0
adult,207,36.0,13.0,1.0,0.0,0.0,0
adult,208,28.0,9.0,0.0,1.0,0.0,0
adult,209,44.0,9.0,0.0,1.0,14344.0,1
adult,210,60.0,9.0,3.0,1.0,0.0,1
adult,211,67.0,13.0,3.0,1.0,0.0,0
adult,212,49.0,9.0,0.0,1.0,0.0,0
adult,213,51.0,4.0,3.0,1.0,0.0,0
adult,214,39.0,9.0,3.0,1.0,0.0,1
adult,215,32.0,13.0,3.0,0.0,0.0,1
adult,216,34.0,13.0,3.0,1.0,0.0,1
adult,217,52.0,10.0,3.0,1.0,0.0,1
adult,218,17.0,7.0,0.0,0.0,0.0,0
adult,219,39.0,12.0,3.0,1.0,0.0,1
adult,220,29.0,10.0,3.0,1.0,3103.0,1
adult,221,30.0,13.0,0.0,0.0,8614.0,1
adult,222,19.0,10.0,0.0,0.0,0.0,0
adult,223,38.0,9.0,3.0,1.0,0.0,0
adult,224,36.0,14.0,3.0,0.0,0.0,1
adult,225,38.0,13.0,3.0,1.0,0.0,1
adult,226,40.0,14.0,3.0,1.0,99999.0,1
adult,227,29.0,14.0,0.0,1.0,0.0,0
adult,228,41.0,16.0,3.0,1.0,99999.0,1
adult,229,34.0,13.0,1.0,1.0,0.0,0
adult,230,31.0,9.0,0.0,1.0,0.0,0
adult,231,31.0,10.0,1.0,0.0,0.0,0
adult,232,39.0,14.0,0.0,1.0,0.0,0
adult,233,34.0,13.0,3.0,1.0,0.0,1
adult,234,34.0,9.0,3.0,1.0,0.0,0
adult,235,32.0,4.0,3.0,1.0,0.0,0
adult,236,24.0,13.0,0.0,0.0,0.0,0
adult,237,17.0,8.0,0.0,0.0,0.0,0
adult,238,49.0,9.0,3.0,1.0,0.0,1
adult,239,44.0,14.0,3.0,0.0,0.0,1
adult,240,43.0,13.0,3.0,0.0,0.0,1
adult,241,37.0,10.0,3.0,1.0,0.0,1
adult,242,27.0,9.0,1.0,0.0,0.0,0
adult,243,25.0,13.0,0.0,0.0,0.0,0
adult,244,50.0,14.0,3.0,1.0,0.0,1
adult,245,51.0,6.0,1.0,1.0,0.0,0
adult,246,44.0,14.0,3.0,0.0,4386.0,1
adult,247,22.0,9.0,0.0,1.0,0.0,0
adult,248,42.0,10.0,3.0,1.0,0.0,0
adult,249,32.0,2.0,0.0,1.0,0.0,0
adult,250,37.0,11.0,3.0,1.0,15024.0,1
adult,251,60.0,9.0,3.0,0.0,0.0,0
adult,252,62.0,13.0,3.0,1.0,0.0,1
adult,253,44.0,10.0,3.0,1.0,0.0,1
adult,254,69.0,10.0,2.0,0.0,0.0,0
adult,255,43.0,9.0,3.0,1.0,0.0,1
adult,256,40.0,9.0,3.0,1.0,0.0,1
adult,257,37.0,9.0,3.0,1.0,0.0,1
adult,258,79.0,16.0,2.0,1.0,0.0,1
adult,259,50.0,12.0,1.0,0.0,0.0,0
adult,260,30.0,10.0,3.0,1.0,0.0,0
adult,261,63.0,14.0,1.0,1.0,0.0,1
adult,262,41.0,15.0,3.0,1.0,0.0,1
adult,263,34.0,9.0,1.0,0.0,0.0,0
adult,264,41.0,3.0,3.0,1.0,0.0,0
adult,265,49.0,2.0,3.0,1.0,0.0,0
adult,266,37.0,13.0,3.0,0.0,0.0,1
adult,267,34.0,14.0,0.0,1.0,0.0,0
adult,268,63.0,13.0,3.0,1.0,0.0,1
adult,269,58.0,10.0,1.0,0.0,0.0,0
adult,270,41.0,14.0,3.0,1.0,0.0,1
adult,271,47.0,14.0,3.0,1.0,0.0,1
adult,272,35.0,10.0,3.0,1.0,0.0,1
adult,273,47.0,9.0,3.0,1.0,0.0,0
adult,274,31.0,12.0,3.0,1.0,0.0,0
adult,275,39.0,13.0,3.0,1.0,15024.0,1
adult,276,40.0,10.0,1.0,0.0,0.0,0
adult,277,50.0,13.0,3.0,0.0,0.0,1
adult,278,41.0,14.0,2.0,0.0,10520.0,1
adult,279,42.0,16.0,3.0,1.0,0.0,1
adult,280,43.0,9.0,3.0,1.0,0.0,1
adult,281,56.0,4.0,3.0,1.0,0.0,1
adult,282,60.0,6.0,1.0,0.0,0.0,0
adult,283,37.0,13.0,3.0,1.0,0.0,0
adult,284,29.0,10.0,0.0,1.0,0.0,0
adult,285,35.0,10.0,3.0,1.0,0.0,1
adult,286,39.0,9.0,3.0,1.0,0.0,0
adult,287,43.0,13.0,3.0,1.0,7688.0,1
adult,288,54.0,13.0,3.0,1.0,3103.0,1
adult,289,68.0,9.0,3.0,1.0,0.0,1
adult,290,31.0,13.0,3.0,0.0,0.0,1
adult,291,53.0,9.0,1.0,0.0,0.0,0
adult,292,32.0,9.0,1.0,0.0,0.0,0
adult,293,45.0,9.0,3.0,1.0,15024.0,1
adult,294,38.0,9.0,3.0,1.0,7688.0,1
adult,295,62.0,13.0,3.0,1.0,0.0,0
adult,296,30.0,12.0,0.0,1.0,0.0,0
adult,297,17.0,6.0,0.0,1.0,0.0,0
adult,298,57.0,9.0,3.0,1.0,3137.0,0
adult,299,48.0,13.0,3.0,1.0,0.0,1
wine_quality,0,0.5,17.0,3.32,0.71,10.5,0
wine_quality,1,0.58,55.0,3.46,0.59,10.2,0
wine_quality,2,0.46,98.0,3.33,0.62,9.8,0
wine_quality,3,0.6,10.0,3.18,0.63,10.4,0
wine_quality,4,0.33,80.0,3.3,0.76,10.7,1
wine_quality,5,0.59,22.0,3.37,0.58,10.3,0
wine_quality,6,0.85,88.0,3.56,0.82,12.9,1
wine_quality,7,0.33,12.0,3.35,0.61,10.7,0
wine_quality,8,0.19,135.0,3.32,0.44,9.5,0
wine_quality,9,0.3,9.0,3.14,0.57,11.5,1
wine_quality,10,0.32,17.0,3.33,0.78,11.0,1
wine_quality,11,0.63,88.0,3.53,0.58,9.8,0
wine_quality,12,0.765,14.0,3.29,0.54,9.7,0
wine_quality,13,0.32,47.0,3.05,0.61,10.6,0
wine_quality,14,0.51,28.0,3.52,0.73,9.5,0
wine_quality,15,0.5,22.0,3.25,0.63,9.2,0
wine_quality,16,0.56,108.0,3.32,0.54,9.5,0
wine_quality,17,0.28,10.0,3.33,0.7,12.8,1
wine_quality,18,0.41,42.0,3.24,0.77,12.6,1
wine_quality,19,0.31,10.0,3.02,0.83,10.9,1
wine_quality,20,0.41,14.0,3.21,0.49,11.8,1
wine_quality,21,0.28,34.0,3.28,0.9,11.3,1
wine_quality,22,0.48,10.0,3.21,0.59,12.1,1
wine_quality,23,0.26,24.0,3.18,1.04,10.9,1
wine_quality,24,0.615,72.0,3.31,0.53,9.7,0
wine_quality,25,0.31,47.0,3.12,1.02,10.6,1
wine_quality,26,0.33,37.0,3.18,0.89,11.1,1
wine_quality,27,0.29,160.0,3.33,0.54,10.3,0
wine_quality,28,0.3,17.0,3.15,0.92,11.7,1
wine_quality,29,0.42,34.0,3.24,0.77,12.1,1
wine_quality,30,0.3,24.0,3.27,0.64,12.1,1
wine_quality,31,0.615,42.0,3.07,0.73,10.0,1
wine_quality,32,0.29,11.0,3.39,0.54,13.5,0
wine_quality,33,0.53,25.0,3.27,0.61,9.4,0
wine_quality,34,0.66,15.0,3.52,0.58,12.9,0
wine_quality,35,0.39,27.0,3.06,0.84,11.4,0
wine_quality,36,0.74,46.0,4.01,0.59,12.5,0
wine_quality,37,0.41,25.0,3.34,0.79,13.3,1
wine_quality,38,0.48,61.0,3.34,0.6,10.4,0
wine_quality,39,0.715,52.0,3.23,0.77,9.5,0
wine_quality,40,0.53,52.0,3.19,0.76,11.6,1
wine_quality,41,0.685,43.0,2.95,0.68,11.2,1
wine_quality,42,0.57,36.0,3.47,0.71,11.3,1
wine_quality,43,0.59,53.0,3.41,0.67,9.7,0
wine_quality,44,0.58,46.0,3.02,0.47,9.2,0
wine_quality,45,0.26,47.0,3.4,0.78,11.3,1
wine_quality,46,0.28,103.0,3.3,0.75,10.5,1
wine_quality,47,0.57,27.0,3.57,0.84,12.5,1
wine_quality,48,0.61,38.0,3.48,0.65,9.8,0
wine_quality,49,0.31,31.0,3.33,0.86,12.0,1
wine_quality,50,0.58,47.0,3.25,0.57,9.0,0
wine_quality,51,0.38,10.0,3.13,0.58,11.9,1
wine_quality,52,0.58,53.0,3.35,0.76,11.6,1
wine_quality,53,0.52,38.0,3.43,0.65,9.0,0
wine_quality,54,0.66,129.0,3.08,0.53,9.0,0
wine_quality,55,0.47,38.0,3.16,0.85,11.1,0
wine_quality,56,0.28,21.0,2.98,0.66,9.9,1
wine_quality,57,0.37,28.0,3.23,0.73,11.3,1
wine_quality,58,0.33,25.0,3.36,0.76,12.4,1
wine_quality,59,0.21,24.0,3.07,0.84,9.2,1
wine_quality,60,0.67,20.0,3.4,0.63,10.1,0
wine_quality,61,0.6,41.0,3.39,0.62,10.1,0
wine_quality,62,0.66,59.0,3.37,0.71,11.5,1
wine_quality,63,0.36,24.0,3.24,0.7,11.4,1
wine_quality,64,0.55,15.0,3.35,0.58,11.0,1
wine_quality,65,0.96,16.0,3.5,0.44,11.9,0
wine_quality,66,0.49,85.0,3.41,0.58,9.0,0
wine_quality,67,0.615,42.0,3.07,0.73,10.0,1
wine_quality,68,0.59,18.0,3.41,0.59,10.8,1
wine_quality,69,0.26,38.0,3.29,0.47,10.8,0
wine_quality,70,0.39,24.0,3.45,0.87,11.2,1
wine_quality,71,0.43,58.0,3.31,0.64,10.3,0
wine_quality,72,0.585,30.0,3.2,0.48,9.8,0
wine_quality,73,0.65,94.0,3.38,0.77,9.4,0
wine_quality,74,1.025,84.0,3.06,0.57,10.1,0
wine_quality,75,0.36,44.0,3.4,0.85,11.0,1
wine_quality,76,0.28,68.0,3.36,0.66,11.2,0
wine_quality,77,0.33,22.0,3.26,0.74,11.2,1
wine_quality,78,0.78,45.0,3.31,0.62,10.7,0
wine_quality,79,0.27,8.0,3.16,0.51,11.8,0
wine_quality,80,0.78,19.0,3.4,0.47,10.0,0
wine_quality,81,0.39,18.0,3.16,0.49,9.5,0
wine_quality,82,0.41,23.0,3.3,0.58,11.2,0
wine_quality,83,0.35,16.0,3.15,0.65,11.0,1
wine_quality,84,0.605,25.0,3.56,0.55,12.9,0
wine_quality,85,0.42,42.0,3.71,0.74,14.0,1
wine_quality,86,0.6,105.0,3.3,0.49,9.9,0
wine_quality,87,0.32,13.0,3.23,0.82,12.6,1
wine_quality,88,0.36,55.0,3.18,0.82,11.0,1
wine_quality,89,0.16,31.0,3.35,0.54,12.4,0
wine_quality,90,0.49,67.0,3.17,0.53,9.4,0
wine_quality,91,0.4,47.0,3.38,0.77,10.5,1
wine_quality,92,0.28,10.0,3.33,0.7,12.8,1
wine_quality,93,0.45,78.0,3.38,0.62,9.5,0
wine_quality,94,0.38,42.0,3.34,0.72,12.9,1
wine_quality,95,0.42,16.0,3.27,0.74,12.3,0
wine_quality,96,0.645,57.0,3.37,0.46,10.3,0
wine_quality,97,0.49,14.0,3.3,0.47,10.5,0
wine_quality,98,0.835,93.0,3.57,0.85,13.0,1
wine_quality,99,0.36,8.0,3.36,0.55,12.8,1
wine_quality,100,0.66,11.0,3.71,0.63,12.8,1
wine_quality,101,0.8,12.0,3.52,0.5,12.2,0
wine_quality,102,0.5,99.0,3.63,0.63,13.0,0
wine_quality,103,0.635,60.0,3.29,0.75,10.9,0
wine_quality,104,0.12,21.0,3.41,0.76,11.9,1
wine_quality,105,0.31,29.0,2.88,0.82,9.8,1
wine_quality,106,0.58,18.0,3.32,0.56,10.5,1
wine_quality,107,0.5,17.0,3.27,0.77,10.8,0
wine_quality,108,0.53,44.0,3.38,0.59,10.7,0
wine_quality,109,0.63,119.0,3.09,0.52,9.3,0
wine_quality,110,0.51,101.0,3.46,0.87,12.9,1
wine_quality,111,0.38,17.0,3.3,1.05,9.4,0
wine_quality,112,0.46,44.0,3.5,0.53,11.2,0
wine_quality,113,0.5,45.0,3.24,0.6,9.7,1
wine_quality,114,0.22,60.0,3.39,0.53,9.4,0
wine_quality,115,0.46,98.0,3.32,0.63,9.5,0
wine_quality,116,0.31,28.0,3.24,0.83,11.2,1
wine_quality,117,0.27,10.0,3.25,1.08,9.9,1
wine_quality,118,0.31,33.0,3.27,0.66,10.0,0
wine_quality,119,0.49,34.0,3.29,0.48,9.2,0
