dataId,modelName,expMethod,instanceId,pred,i_max,a0_i,a1_i,a2_i,a3_i,a4_i,intercept
forest_cover,xgboost,shap,0,1,0.0933726893485189,0.0863404071137826,0.0102273578654589,0.0,0.0396112062671435,0.0633781701439395,-0.013858024781407
forest_cover,xgboost,shap,1,0,0.0933726893485189,0.1366082149096628,0.0246962528424126,0.0324546987746924,0.0,0.0,-0.013858024781407
forest_cover,xgboost,shap,2,1,0.0933726893485189,0.0643225294715666,0.0035673814727758,0.0,0.0,0.1267479941126827,-0.013858024781407
forest_cover,xgboost,shap,3,1,0.0933726893485189,0.0470536410743762,0.0108003834370993,0.1376060340770528,0.0,0.0287769612459869,-0.013858024781407
forest_cover,xgboost,shap,4,1,0.0933726893485189,0.0586880601378922,0.0,0.0514622773232184,0.0,0.035964890521074,-0.013858024781407
forest_cover,xgboost,shap,5,1,0.0933726893485189,0.0780078251891343,0.0004345495027752,0.0663191227409626,0.0267796428349701,0.0276372618634181,-0.013858024781407
forest_cover,xgboost,shap,6,0,0.0933726893485189,0.1706355603276163,0.0,0.0252354482803675,0.0275516011803426,0.0,-0.013858024781407
forest_cover,xgboost,shap,7,0,0.0933726893485189,0.0,0.012188100094928,0.0365383885561226,0.055439054156114,0.1066996511841994,-0.013858024781407
forest_cover,xgboost,shap,8,0,0.0933726893485189,0.0,0.1163638594941593,0.0470055667425786,0.0,0.0,-0.013858024781407
forest_cover,xgboost,shap,9,1,0.0933726893485189,0.0602091359455306,0.0035652860663047,0.0,0.0,0.1338523244162762,-0.013858024781407
forest_cover,xgboost,shap,10,1,0.0933726893485189,0.071171458376252,0.0139004038462964,0.0,0.0391958366848926,0.067411483965157,-0.013858024781407
forest_cover,xgboost,shap,11,1,0.0933726893485189,0.0848145049900225,0.0100342557843907,0.0,0.045389107296629,0.0672061792522078,-0.013858024781407
forest_cover,xgboost,shap,12,0,0.0933726893485189,0.0,0.0883187557799698,0.0514469238013197,0.0,0.0,-0.013858024781407
forest_cover,xgboost,shap,13,1,0.0933726893485189,0.0471979315501175,0.0083775366633877,0.0006734250621226,0.0361479807096536,0.075725779683302,-0.013858024781407
forest_cover,xgboost,shap,14,0,0.0933726893485189,0.0,0.0266137655488363,0.0600726619973163,0.0812325863500687,0.0,-0.013858024781407
forest_cover,xgboost,shap,15,0,0.0933726893485189,0.1474912168657026,0.0355244722948213,0.0254097238570319,0.0,0.0,-0.013858024781407
forest_cover,xgboost,shap,16,1,0.0933726893485189,0.0588441793493395,0.0053214515392098,0.0759158390170282,0.0262360618095605,0.0312800360273895,-0.013858024781407
forest_cover,xgboost,shap,17,0,0.0933726893485189,0.0,0.0227635854936557,0.0529797061668967,0.0682953820247383,0.0,-0.013858024781407
forest_cover,xgboost,shap,18,0,0.0933726893485189,0.0,0.0073393465639136,0.0355663743445764,0.054254982502932,0.1140358359454965,-0.013858024781407
forest_cover,xgboost,shap,19,0,0.0933726893485189,0.0,0.0137329127213052,0.0340328716635282,0.0641453886687948,0.0933391036358767,-0.013858024781407
forest_cover,xgboost,shap,20,0,0.0933726893485189,0.0,0.0462520513469563,0.0653581389465631,0.0587402268416854,0.0,-0.013858024781407
forest_cover,xgboost,shap,21,0,0.0933726893485189,0.0104399087853898,0.0032748792850951,0.0399651835420888,0.0249431419442483,0.058840183387616,-0.013858024781407
forest_cover,xgboost,shap,22,1,0.0933726893485189,0.0551885318778104,0.0,0.0,0.0458603720712658,0.0283759230093783,-0.013858024781407
forest_cover,xgboost,shap,23,0,0.0933726893485189,0.1728685647320049,0.0,0.0098481052641042,0.0,0.0315028783615111,-0.013858024781407
forest_cover,xgboost,shap,24,0,0.0933726893485189,0.2102140787529267,0.0,0.0145627165240353,0.0,0.0,-0.013858024781407
forest_cover,xgboost,shap,25,1,0.0933726893485189,0.0812532603021854,0.0,0.0883117891388453,0.0316356267478667,0.0408146993983477,-0.013858024781407
forest_cover,xgboost,shap,26,0,0.0933726893485189,0.0,0.0,0.0502933915623111,0.0878165854974483,0.0825505950647891,-0.013858024781407
forest_cover,xgboost,shap,27,1,0.0933726893485189,0.0860808012936216,0.0108250190089472,0.0,0.0442952978189636,0.067234908195339,-0.013858024781407
forest_cover,xgboost,shap,28,0,0.0933726893485189,0.0,0.1245300327279998,0.0571089613760751,0.0,0.0,-0.013858024781407
forest_cover,xgboost,shap,29,0,0.0933726893485189,0.1998914537108939,0.0,0.0211141893603993,0.0,0.0,-0.013858024781407
forest_cover,xgboost,shap,30,0,0.0933726893485189,0.2040281366819099,0.0033099515906092,0.0155935482950851,0.0,0.0,-0.013858024781407
forest_cover,xgboost,shap,31,0,0.0933726893485189,0.0,0.0456664336842264,0.0512387653609321,0.0,0.1208674428621337,-0.013858024781407
forest_cover,xgboost,shap,32,1,0.0933726893485189,0.086103839652679,0.0102272185301077,0.0,0.0411499412555524,0.0649169051323483,-0.013858024781407
forest_cover,xgboost,shap,33,0,0.0933726893485189,0.0,0.1365529712242853,0.0629158745631334,0.0,0.0,-0.013858024781407
forest_cover,xgboost,shap,34,0,0.0933726893485189,0.0,0.0629451853993218,0.0423625977113118,0.0,0.1338184740909746,-0.013858024781407
forest_cover,xgboost,shap,35,1,0.0933726893485189,0.0398587738682175,0.0097819324234699,0.136781892066966,0.0,0.025140896581059,-0.013858024781407
forest_cover,xgboost,shap,36,0,0.0933726893485189,0.0865884149597782,0.0038062871798487,0.0251239159158024,0.029648556116016,0.039968364699186,-0.013858024781407
forest_cover,xgboost,shap,37,1,0.0933726893485189,0.0612102035136174,0.0032210660094703,0.0617230675986463,0.0,0.0374537259160954,-0.013858024781407
forest_cover,xgboost,shap,38,1,0.0933726893485189,0.0751925346742965,0.0132722400080617,0.0,0.037616462316997,0.0660717803787464,-0.013858024781407
forest_cover,xgboost,shap,39,1,0.0933726893485189,0.0132349603072497,0.0,0.1412874201297589,0.0112600551903079,0.0226128285934599,-0.013858024781407
forest_cover,xgboost,shap,40,0,0.0933726893485189,0.0,0.0,0.0123527904339496,0.0423937244007732,0.1551946004644687,-0.013858024781407
forest_cover,xgboost,shap,41,1,0.0933726893485189,0.0767109796068778,0.0020804312476484,0.0584673463585438,0.0221900316871535,0.0397296132310369,-0.013858024781407
forest_cover,xgboost,shap,42,0,0.0933726893485189,0.0,0.0076255851905961,0.0350654828949894,0.0599119951571774,0.111937801597013,-0.013858024781407
forest_cover,xgboost,shap,43,0,0.0933726893485189,0.0,0.0167493216135813,0.0514053731674515,0.0963014857890234,0.0,-0.013858024781407
forest_cover,xgboost,shap,44,1,0.0933726893485189,0.0570239578611834,0.0040663109115749,0.0,0.0,0.0796327848869004,-0.013858024781407
forest_cover,xgboost,shap,45,0,0.0933726893485189,0.1727041137755868,0.0,0.0245970790313623,0.0049819174264845,0.0,-0.013858024781407
forest_cover,xgboost,shap,46,0,0.0933726893485189,0.0,0.0117204757122485,0.0375654256314907,0.0638190043427073,0.0921206774544212,-0.013858024781407
forest_cover,xgboost,shap,47,0,0.0933726893485189,0.1263523681398215,0.0142863046727519,0.0262144688513841,0.0,0.0348930326367285,-0.013858024781407
forest_cover,xgboost,shap,48,0,0.0933726893485189,0.2186008309098531,0.0,0.0190922371681454,0.0,0.0,-0.013858024781407
forest_cover,xgboost,shap,49,0,0.0933726893485189,0.1623462263181274,0.0,0.0265852494243665,0.033575254841783,0.0,-0.013858024781407
forest_cover,xgboost,shap,50,1,0.0933726893485189,0.0516975634475163,0.0063215131298744,0.0,0.0341134790748562,0.0767541828669281,-0.013858024781407
forest_cover,xgboost,shap,51,1,0.0933726893485189,0.0382444100113868,0.0,0.0,0.0492426333951982,0.0306977975421847,-0.013858024781407
forest_cover,xgboost,shap,52,1,0.0933726893485189,0.0794722173857263,0.0,0.0672618254499275,0.0345441529063152,0.0223252919253902,-0.013858024781407
forest_cover,xgboost,shap,53,1,0.0933726893485189,0.0915002604878678,0.002407809958754,0.0171039849200246,0.0356009893506633,0.0525653574139507,-0.013858024781407
forest_cover,xgboost,shap,54,1,0.0933726893485189,0.0375950478240365,0.0431315498944962,0.0,0.0762918893898863,0.0,-0.013858024781407
forest_cover,xgboost,shap,55,1,0.0933726893485189,0.0848145049900225,0.0100342557843907,0.0,0.045389107296629,0.0672061792522078,-0.013858024781407
forest_cover,xgboost,shap,56,1,0.0933726893485189,0.0206399048570074,0.0035124787584573,0.1472929288313684,0.0,0.0258916827955532,-0.013858024781407
forest_cover,xgboost,shap,57,0,0.0933726893485189,0.0,0.0554938543997825,0.0567296673798433,0.0477650627510434,0.0,-0.013858024781407
forest_cover,xgboost,shap,58,1,0.0933726893485189,0.0776858318410211,0.0139011489785002,0.0,0.0386080719043823,0.0667723924513833,-0.013858024781407
forest_cover,xgboost,shap,59,1,0.0933726893485189,0.0196604914315238,0.0,0.1380645789569213,0.0150793267724414,0.0183220676811031,-0.013858024781407
forest_cover,xgboost,shap,60,1,0.0933726893485189,0.0478885392002868,0.0008227456629299,0.0,0.0,0.1260444132142479,-0.013858024781407
forest_cover,xgboost,shap,61,0,0.0933726893485189,0.2146164848461661,0.0,0.0195124694262255,0.0,0.0,-0.013858024781407
forest_cover,xgboost,shap,62,0,0.0933726893485189,0.0,0.0075551671586315,0.0360923544649926,0.0570478016433748,0.1081359430104735,-0.013858024781407
forest_cover,xgboost,shap,63,1,0.0933726893485189,0.0123134721147384,0.0046504335230801,0.0,0.0339009875823474,0.0449474242285291,-0.013858024781407
forest_cover,xgboost,shap,64,0,0.0933726893485189,0.0,0.0095076838139034,0.0310197746225943,0.0616529849710539,0.1118704686000111,-0.013858024781407
forest_cover,xgboost,shap,65,0,0.0933726893485189,0.0,0.0363124855189707,0.0588296014515676,0.0574594696478851,0.0,-0.013858024781407
forest_cover,xgboost,shap,66,1,0.0933726893485189,0.0788873738068242,0.0,0.063973748064404,0.0358203817357861,0.0248917504510628,-0.013858024781407
forest_cover,xgboost,shap,67,1,0.0933726893485189,0.0833304426233467,0.0,0.0,0.0498630604993032,0.045055550707709,-0.013858024781407
forest_cover,xgboost,shap,68,0,0.0933726893485189,0.0,0.0331410148779297,0.0249259420170246,0.0527701846540914,0.0,-0.013858024781407
forest_cover,xgboost,shap,69,1,0.0933726893485189,0.053776356264117,0.0029701992964318,0.1886686796545498,0.0,0.0,-0.013858024781407
forest_cover,xgboost,shap,70,0,0.0933726893485189,0.0,0.0,0.0529770813106249,0.1214912057014838,0.0,-0.013858024781407
forest_cover,xgboost,shap,71,0,0.0933726893485189,0.0,0.0,0.0310138657256586,0.0823299011217073,0.0,-0.013858024781407
forest_cover,xgboost,shap,72,0,0.0933726893485189,0.0,0.0,0.0123527904339496,0.0423937244007732,0.1551946004644687,-0.013858024781407
forest_cover,xgboost,shap,73,0,0.0933726893485189,0.1198264265407334,0.0125214343307341,0.0189179397698998,0.0,0.0537445099377842,-0.013858024781407
forest_cover,xgboost,shap,74,0,0.0933726893485189,0.181117750650338,0.0,0.017616957298278,0.003571415930673,0.0,-0.013858024781407
forest_cover,xgboost,shap,75,0,0.0933726893485189,0.079442983787977,0.0032397149227149,0.022792534520066,0.0300867865986302,0.0495735190412433,-0.013858024781407
forest_cover,xgboost,shap,76,0,0.0933726893485189,0.1171808040357257,0.0146590305771075,0.0200810486438735,0.0,0.0526719811384515,-0.013858024781407
forest_cover,xgboost,shap,77,1,0.0933726893485189,0.0422837281726227,0.0,0.1351205622718569,0.0166759206221702,0.0220751906912411,-0.013858024781407
forest_cover,xgboost,shap,78,1,0.0933726893485189,0.0860808012936216,0.0108250190089472,0.0,0.0442952978189636,0.067234908195339,-0.013858024781407
forest_cover,xgboost,shap,79,1,0.0933726893485189,0.0297574330609545,0.0,0.1602262103883396,0.0,0.0196127821836005,-0.013858024781407
forest_cover,xgboost,shap,80,1,0.0933726893485189,0.0789515085177778,0.0004966494716209,0.0570209825085927,0.0228422304761558,0.0398670311571132,-0.013858024781407
forest_cover,xgboost,shap,81,0,0.0933726893485189,0.0,0.0,0.0271954141026755,0.1145376497783175,0.0,-0.013858024781407
forest_cover,xgboost,shap,82,1,0.0933726893485189,0.0239418517728864,0.0,0.1679526423408519,0.0,0.0,-0.013858024781407
forest_cover,xgboost,shap,83,1,0.0933726893485189,0.0487318454512234,0.0138197462175427,0.0019653186839509,0.0465599028811063,0.0570458404347601,-0.013858024781407
forest_cover,xgboost,shap,84,0,0.0933726893485189,0.1739858270428386,0.0,0.0238105450865351,0.0057234245662888,0.0,-0.013858024781407
forest_cover,xgboost,shap,85,1,0.0933726893485189,0.074887952456118,0.0020179178032264,0.068684969311369,0.0270469267664231,0.0265406357941238,-0.013858024781407
forest_cover,xgboost,shap,86,1,0.0933726893485189,0.070944991765821,0.0155613885717737,0.0,0.0509900155183362,0.0577026069958462,-0.013858024781407
forest_cover,xgboost,shap,87,1,0.0933726893485189,0.0422837281726227,0.0,0.1351205622718569,0.0166759206221702,0.0220751906912411,-0.013858024781407
forest_cover,xgboost,shap,88,1,0.0933726893485189,0.0268864680462874,0.0123175261864697,0.0,0.0273471865394607,0.0600091009308858,-0.013858024781407
forest_cover,xgboost,shap,89,1,0.0933726893485189,0.0535923857779866,0.0001514699986705,0.1908642434304078,0.0,0.0,-0.013858024781407
forest_cover,xgboost,shap,90,1,0.0933726893485189,0.0472612479317354,0.0,0.1440564563809847,0.0170113598317523,0.021067993460422,-0.013858024781407
forest_cover,xgboost,shap,91,1,0.0933726893485189,0.0286791613895121,0.0,0.1814929336113521,0.0,0.0186578840177059,-0.013858024781407
forest_cover,xgboost,shap,92,1,0.0933726893485189,0.0823164219518935,0.0,0.087627080863667,0.0342976900215433,0.0288853948004543,-0.013858024781407
forest_cover,xgboost,shap,93,1,0.0933726893485189,0.0842023626424998,0.0098748265396393,0.0,0.0606273299580421,0.0393628082967523,-0.013858024781407
forest_cover,xgboost,shap,94,1,0.0933726893485189,0.0807281561432447,0.0,0.0735261226615424,0.0336721730817857,0.0234901949862759,-0.013858024781407
forest_cover,xgboost,shap,95,0,0.0933726893485189,0.1817423889939416,0.0,0.0173783513376772,0.0038724879306232,0.0,-0.013858024781407
forest_cover,xgboost,shap,96,1,0.0933726893485189,0.0847976545236618,0.0108244104961892,0.0,0.0450567235876308,0.0679963339640062,-0.013858024781407
forest_cover,xgboost,shap,97,1,0.0933726893485189,0.0499716931520011,0.0135142283417694,0.0010947772473531,0.0462282629126025,0.0573136920148573,-0.013858024781407
forest_cover,xgboost,shap,98,0,0.0933726893485189,0.0,0.0,0.0374865791154572,0.0242707039121068,0.0,-0.013858024781407
forest_cover,xgboost,shap,99,0,0.0933726893485189,0.0884011784395123,0.0037488365161585,0.0246737469127853,0.0265306488232548,0.0417811281789202,-0.013858024781407
forest_cover,xgboost,shap,100,0,0.0933726893485189,0.1625600358510454,0.0,0.0260156193944026,0.0337172658059107,0.0,-0.013858024781407
forest_cover,xgboost,shap,101,0,0.0933726893485189,0.2129794316244246,0.0031729261301953,0.015699827287973,0.0,0.0,-0.013858024781407
forest_cover,xgboost,shap,102,1,0.0933726893485189,0.059867278891721,0.0021382461805319,0.0559402264931923,0.0652699265731528,0.0,-0.013858024781407
forest_cover,xgboost,shap,103,1,0.0933726893485189,0.0664063137705801,0.0036902465783722,0.0,0.0,0.1270979192998549,-0.013858024781407
forest_cover,xgboost,shap,104,1,0.0933726893485189,0.0362597508042519,0.0011606107357419,0.0,0.0,0.077532852666368,-0.013858024781407
forest_cover,xgboost,shap,105,0,0.0933726893485189,0.0,0.0052026219937262,0.0,0.0623186219272633,0.1482982813909614,-0.013858024781407
forest_cover,xgboost,shap,106,1,0.0933726893485189,0.0639322112323444,0.0,0.0716168318442626,0.0291483728266336,0.0279332903697544,-0.013858024781407
forest_cover,xgboost,shap,107,0,0.0933726893485189,0.0,0.0536143506794238,0.0634922660537618,0.0505612468940709,0.0,-0.013858024781407
forest_cover,xgboost,shap,108,1,0.0933726893485189,0.0471979315501175,0.0083775366633877,0.0006734250621226,0.0361479807096536,0.075725779683302,-0.013858024781407
forest_cover,xgboost,shap,109,0,0.0933726893485189,0.0,0.0093019085577583,0.0066958270391335,0.0557372888263832,0.1125289893395668,-0.013858024781407
forest_cover,xgboost,shap,110,1,0.0933726893485189,0.0499716931520011,0.0135142283417694,0.0010947772473531,0.0462282629126025,0.0573136920148573,-0.013858024781407
forest_cover,xgboost,shap,111,1,0.0933726893485189,0.0639102324306916,0.0009064008077925,0.0826365387787541,0.0079478990511132,0.026635988899823,-0.013858024781407
forest_cover,xgboost,shap,112,0,0.0933726893485189,0.2103247314980885,0.0,0.0144661076611035,0.0,0.0,-0.013858024781407
forest_cover,xgboost,shap,113,0,0.0933726893485189,0.0,0.0101131156189397,0.0212669503070341,0.0062640392435503,0.1663334426079789,-0.013858024781407
forest_cover,xgboost,shap,114,0,0.0933726893485189,0.0,0.0428558306203413,0.0585032548515795,0.0495815511187085,0.0,-0.013858024781407
forest_cover,xgboost,shap,115,0,0.0933726893485189,0.2032832571315882,0.0,0.0206690036556096,0.0,0.0,-0.013858024781407
forest_cover,xgboost,shap,116,1,0.0933726893485189,0.0077518741586652,0.0,0.0,0.026144114583821,0.0443933074858376,-0.013858024781407
forest_cover,xgboost,shap,117,1,0.0933726893485189,0.0646530587599885,0.0040445416624745,0.0,0.0,0.1218325569749504,-0.013858024781407
forest_cover,xgboost,shap,118,0,0.0933726893485189,0.0,0.0159670618441088,0.030078860624425,0.04065689860171,0.1245537714642385,-0.013858024781407
forest_cover,xgboost,shap,119,1,0.0933726893485189,0.080181112206574,0.0,0.0603920877371645,0.0162213868102886,0.0436189854309613,-0.013858024781407
forest_cover,xgboost,shap,120,1,0.0933726893485189,0.0684843195749983,0.0136200561530249,0.0,0.0551353550995292,0.0412409488361895,-0.013858024781407
forest_cover,xgboost,shap,121,0,0.0933726893485189,0.0,0.047477824533129,0.0515268723902361,0.0049806817024825,0.1081443255224708,-0.013858024781407
forest_cover,xgboost,shap,122,1,0.0933726893485189,0.0156554285510712,0.0,0.1682110860806656,0.0,0.0260385999104918,-0.013858024781407
forest_cover,xgboost,shap,123,1,0.0933726893485189,0.0659923387619041,0.0,0.0604811457651862,0.0,0.0437097655678572,-0.013858024781407
forest_cover,xgboost,shap,124,0,0.0933726893485189,0.0,0.0117749863610117,0.0372131014348257,0.0630474419209466,0.0947379594344742,-0.013858024781407
forest_cover,xgboost,shap,125,1,0.0933726893485189,0.091274138436951,0.0024074611201291,0.0173722416801455,0.0355800964153737,0.0525444644786611,-0.013858024781407
forest_cover,xgboost,shap,126,1,0.0933726893485189,0.070944991765821,0.0155613885717737,0.0,0.0509900155183362,0.0577026069958462,-0.013858024781407
forest_cover,xgboost,shap,127,0,0.0933726893485189,0.1333901183412961,0.0001523858505907,0.0264469522288112,0.0390671165393285,0.0,-0.013858024781407
forest_cover,xgboost,shap,128,0,0.0933726893485189,0.0,0.0,0.017408817331834,0.0410273957920704,0.1657794812302374,-0.013858024781407
forest_cover,xgboost,shap,129,1,0.0933726893485189,0.0235912636478512,0.0116374726253516,0.0,0.0438942685219968,0.0447176455899856,-0.013858024781407
forest_cover,xgboost,shap,130,0,0.0933726893485189,0.0,0.0,0.0195891030211134,0.09637427013066,0.0969169572419201,-0.013858024781407
forest_cover,xgboost,shap,131,1,0.0933726893485189,0.0566714317471536,0.0,0.1104220605779342,0.0,0.0170784041582392,-0.013858024781407
forest_cover,xgboost,shap,132,1,0.0933726893485189,0.0697665798223146,0.0101191790176187,0.0,0.0392726854602038,0.0773115795919472,-0.013858024781407
forest_cover,xgboost,shap,133,1,0.0933726893485189,0.0105907205077835,0.0087000083583663,0.1576711875895899,0.0,0.0208843662460789,-0.013858024781407
forest_cover,xgboost,shap,134,1,0.0933726893485189,0.0794380531849755,0.0122642843305919,0.0,0.0617374059459356,0.0338514164142901,-0.013858024781407
forest_cover,xgboost,shap,135,1,0.0933726893485189,0.0503636709200428,0.0,0.0581025723948121,0.0,0.0327022469656776,-0.013858024781407
forest_cover,xgboost,shap,136,0,0.0933726893485189,0.0,0.0,0.0469158013105621,0.0,0.0,-0.013858024781407
forest_cover,xgboost,shap,137,0,0.0933726893485189,0.2113771117830339,0.0,0.0144638568565286,0.0,0.0,-0.013858024781407
forest_cover,xgboost,shap,138,1,0.0933726893485189,0.0654796458929957,0.0,0.0491459798852951,0.0,0.0360583231656308,-0.013858024781407
forest_cover,xgboost,shap,139,0,0.0933726893485189,0.0,0.1274923214413115,0.0399633569962384,0.0,0.0,-0.013858024781407
forest_cover,xgboost,shap,140,1,0.0933726893485189,0.0835567591238682,0.0,0.0,0.0390200933863478,0.0557872006267272,-0.013858024781407
forest_cover,xgboost,shap,141,0,0.0933726893485189,0.2005770832595555,0.006169324979174,0.0174501634795146,0.0,0.0,-0.013858024781407
forest_cover,xgboost,shap,142,0,0.0933726893485189,0.1778783216344607,0.0190710554609202,0.0222679230084637,0.0,0.0,-0.013858024781407
forest_cover,xgboost,shap,143,1,0.0933726893485189,0.0846998089451257,0.0065723542417897,0.0,0.0351714388928511,0.0819962546135929,-0.013858024781407
forest_cover,xgboost,shap,144,1,0.0933726893485189,0.0817673328667155,0.0,0.0673829543880491,0.0341515114047176,0.0222793148806421,-0.013858024781407
forest_cover,xgboost,shap,145,1,0.0933726893485189,0.0915002604878678,0.002407809958754,0.0171039849200246,0.0356009893506633,0.0525653574139507,-0.013858024781407
forest_cover,xgboost,shap,146,1,0.0933726893485189,0.0561331632994658,0.0,0.1083039064887114,0.0,0.0208772372139443,-0.013858024781407
forest_cover,xgboost,shap,147,0,0.0933726893485189,0.2026736326762821,0.0,0.0144302904925349,0.0,0.0,-0.013858024781407
forest_cover,xgboost,shap,148,0,0.0933726893485189,0.0,0.0519812872550452,0.0505646713408053,0.0,0.1432922650906212,-0.013858024781407
forest_cover,xgboost,shap,149,0,0.0933726893485189,0.0,0.0001698158631662,0.0415114776838667,0.069994892165348,0.0,-0.013858024781407
forest_cover,xgboost,shap,150,0,0.0933726893485189,0.083175375026087,0.0025294646771449,0.026524925758176,0.0348959398692516,0.0380098335399717,-0.013858024781407
forest_cover,xgboost,shap,151,1,0.0933726893485189,0.0274440669231599,0.0076630440224142,0.1525084692430244,0.0,0.028168372352062,-0.013858024781407
forest_cover,xgboost,shap,152,0,0.0933726893485189,0.1727041137755868,0.0,0.0245970790313623,0.0049819174264845,0.0,-0.013858024781407
forest_cover,xgboost,shap,153,1,0.0933726893485189,0.0492285036698923,0.0,0.1166678246478383,0.0209722734516047,0.0232880989608014,-0.013858024781407
forest_cover,xgboost,shap,154,0,0.0933726893485189,0.2140629329961274,0.0,0.0142133154680283,0.0,0.0,-0.013858024781407
forest_cover,xgboost,shap,155,0,0.0933726893485189,0.0,0.0,0.0300027311585156,0.0846621659554202,0.0924987830274398,-0.013858024781407
forest_cover,xgboost,shap,156,1,0.0933726893485189,0.0811620210853486,0.0,0.0759056019761017,0.0291591992247608,0.0242631466263561,-0.013858024781407
forest_cover,xgboost,shap,157,0,0.0933726893485189,0.1720550352710518,0.0,0.0242420839751591,0.0051027008746736,0.0,-0.013858024781407
forest_cover,xgboost,shap,158,0,0.0933726893485189,0.0,0.0305175428201886,0.0409536729313578,0.0466520519241461,0.0892746330544798,-0.013858024781407
forest_cover,xgboost,shap,159,1,0.0933726893485189,0.0529498023647079,0.0,0.1170802113939147,0.0,0.0201156014415305,-0.013858024781407
forest_cover,xgboost,shap,160,0,0.0933726893485189,0.1415869532208768,0.0166545421694342,0.0320858203022346,0.0051557022012758,0.0,-0.013858024781407
forest_cover,xgboost,shap,161,1,0.0933726893485189,0.0542533756093601,0.0069410526980329,0.1082880289257656,0.0,0.0512970437744819,-0.013858024781407
forest_cover,xgboost,shap,162,0,0.0933726893485189,0.0,0.0,0.0337365995528942,0.0864176664218112,0.0898476734700158,-0.013858024781407
forest_cover,xgboost,shap,163,0,0.0933726893485189,0.1817423889939416,0.0,0.0173783513376772,0.0038724879306232,0.0,-0.013858024781407
forest_cover,xgboost,shap,164,1,0.0933726893485189,0.0615779632613555,0.0011583036842566,0.0186012913154974,0.0,0.080826819470321,-0.013858024781407
forest_cover,xgboost,shap,165,1,0.0933726893485189,0.0860808012936216,0.0108250190089472,0.0,0.0442952978189636,0.067234908195339,-0.013858024781407
forest_cover,xgboost,shap,166,1,0.0933726893485189,0.0858252376477719,0.0065396867513138,0.0,0.0328232939810187,0.0775493896647709,-0.013858024781407
forest_cover,xgboost,shap,167,1,0.0933726893485189,0.0489762357998228,0.0,0.0,0.0,0.1259417013944846,-0.013858024781407
forest_cover,xgboost,shap,168,0,0.0933726893485189,0.2105930395507249,0.0,0.0145701876118128,0.0,0.0,-0.013858024781407
forest_cover,xgboost,shap,169,0,0.0933726893485189,0.2124399052608853,0.0,0.0144086951192493,0.0,0.0,-0.013858024781407
forest_cover,xgboost,shap,170,1,0.0933726893485189,0.0453731207559818,0.002979458078537,0.0,0.0,0.107857085023871,-0.013858024781407
forest_cover,xgboost,shap,171,0,0.0933726893485189,0.2088673019371805,0.0,0.0157363932864578,0.0,0.0,-0.013858024781407
forest_cover,xgboost,shap,172,1,0.0933726893485189,0.0830843817638564,0.0080399118906375,0.0,0.0554315034526137,0.037387828107224,-0.013858024781407
forest_cover,xgboost,shap,173,1,0.0933726893485189,0.0797344591946289,0.0004969983102458,0.0567598826701007,0.0225811306376638,0.0396059313186212,-0.013858024781407
forest_cover,xgboost,shap,174,0,0.0933726893485189,0.1791727822720038,0.0009401127152013,0.0230511800669327,0.0104190363078514,0.0,-0.013858024781407
forest_cover,xgboost,shap,175,1,0.0933726893485189,0.0871390952017387,0.0066952193473861,0.0,0.0310965810827067,0.0832752131483242,-0.013858024781407
forest_cover,xgboost,shap,176,0,0.0933726893485189,0.0,0.0,0.0336087681692165,0.0,0.1073589205032088,-0.013858024781407
forest_cover,xgboost,shap,177,1,0.0933726893485189,0.0519573561383055,0.0062289372707406,0.0849427608892164,0.0210848052661963,0.0333837081780687,-0.013858024781407
forest_cover,xgboost,shap,178,0,0.0933726893485189,0.1336252345331313,0.0,0.0215320680035778,0.0448924940876651,0.0,-0.013858024781407
forest_cover,xgboost,shap,179,1,0.0933726893485189,0.0402688061306102,0.0137986209944288,0.0,0.053541008510678,0.0253173954136862,-0.013858024781407
forest_cover,xgboost,shap,180,1,0.0933726893485189,0.0474327216283522,0.0123877576300663,0.001284988763257,0.0541078939030253,0.0341294178959211,-0.013858024781407
forest_cover,xgboost,shap,181,1,0.0933726893485189,0.0620314094928185,0.0041150245859218,0.0,0.0,0.1267936823867007,-0.013858024781407
forest_cover,xgboost,shap,182,1,0.0933726893485189,0.0920733526356601,0.0,0.0350933306754044,0.0448601049877414,0.0340352489219671,-0.013858024781407
forest_cover,xgboost,shap,183,0,0.0933726893485189,0.1824647427688752,0.0,0.0172466826824091,0.0045948417055569,0.0,-0.013858024781407
forest_cover,xgboost,shap,184,1,0.0933726893485189,0.0860808012936216,0.0108250190089472,0.0,0.0442952978189636,0.067234908195339,-0.013858024781407
forest_cover,xgboost,shap,185,0,0.0933726893485189,0.2070883229055401,0.0,0.0211155314058741,0.0,0.0,-0.013858024781407
forest_cover,xgboost,shap,186,1,0.0933726893485189,0.0499307810315338,0.0063102329003663,0.1542869201906529,0.0,0.0245832280527112,-0.013858024781407
forest_cover,xgboost,shap,187,1,0.0933726893485189,0.0600729922432463,0.0001014040052155,0.0656454779935583,0.0,0.042894078086923,-0.013858024781407
forest_cover,xgboost,shap,188,0,0.0933726893485189,0.2064510263591509,0.0,0.0207736592766947,0.0,0.0,-0.013858024781407
forest_cover,xgboost,shap,189,0,0.0933726893485189,0.1165416090077084,0.0338657061815032,0.0204968397442288,0.0,0.0293734688335927,-0.013858024781407
forest_cover,xgboost,shap,190,1,0.0933726893485189,0.0796760242391666,3.886076374565173e-05,0.0608959162118015,0.0271715243027507,0.031396076613796,-0.013858024781407
forest_cover,xgboost,shap,191,1,0.0933726893485189,0.0907307721439349,5.127123789112897e-05,0.0251489471216176,0.0466351101185499,0.0366123015092668,-0.013858024781407
forest_cover,xgboost,shap,192,1,0.0933726893485189,0.0776858318410211,0.0139011489785002,0.0,0.0386080719043823,0.0667723924513833,-0.013858024781407
forest_cover,xgboost,shap,193,0,0.0933726893485189,0.1243394514444829,0.0166441265600628,0.0311444371427834,0.0245128395555776,0.0,-0.013858024781407
forest_cover,xgboost,shap,194,0,0.0933726893485189,0.0,0.0,0.0,0.0694169352331399,0.1339661881785755,-0.013858024781407
forest_cover,xgboost,shap,195,1,0.0933726893485189,0.0837721641327654,0.0065717457290317,0.0,0.0346274567748386,0.0836867137298192,-0.013858024781407
forest_cover,xgboost,shap,196,0,0.0933726893485189,0.0,0.0382580313799921,0.0635923300381496,0.0481121434965757,0.0513312329719006,-0.013858024781407
forest_cover,xgboost,shap,197,1,0.0933726893485189,0.05411568878107,0.0,0.0,0.0461279685410118,0.0281367519823684,-0.013858024781407
forest_cover,xgboost,shap,198,0,0.0933726893485189,0.0,0.0090075031659809,0.0342060381627994,0.0674914263545996,0.0957182343386138,-0.013858024781407
forest_cover,xgboost,shap,199,1,0.0933726893485189,0.0792996275850531,0.0,0.0638363301383277,0.0356829638097098,0.0247543325249865,-0.013858024781407
forest_cover,xgboost,shap,200,0,0.0933726893485189,0.1452369242303771,0.0208071993361001,0.026128869084792,0.0002313840872093,0.0,-0.013858024781407
forest_cover,xgboost,shap,201,0,0.0933726893485189,0.0,0.0401586866637685,0.0636138042857008,0.0608760406547994,0.0,-0.013858024781407
forest_cover,xgboost,shap,202,1,0.0933726893485189,0.0154334243533162,0.0,0.1679890818829106,0.0,0.0266960052458394,-0.013858024781407
forest_cover,xgboost,shap,203,0,0.0933726893485189,0.1994059789627427,0.003334042630505,0.0167177455668552,0.0,0.0,-0.013858024781407
forest_cover,xgboost,shap,204,0,0.0933726893485189,0.1340842996054843,0.0,0.026548778193831,0.0386970974951018,0.0,-0.013858024781407
forest_cover,xgboost,shap,205,0,0.0933726893485189,0.0,0.0107827209308443,0.0564019866180711,0.1090572286956312,0.0,-0.013858024781407
forest_cover,xgboost,shap,206,1,0.0933726893485189,0.088164585592635,0.0109478841145436,0.0,0.0415258478954988,0.0675848333825112,-0.013858024781407
forest_cover,xgboost,shap,207,1,0.0933726893485189,0.0779426295189698,0.0010385723660992,0.0638356911913645,0.0249782761094737,0.0313832329453533,-0.013858024781407
forest_cover,xgboost,shap,208,1,0.0933726893485189,0.0230440492975347,0.0075887685361345,0.0,0.0148773341738049,0.0648289159389399,-0.013858024781407
forest_cover,xgboost,shap,209,0,0.0933726893485189,0.0,0.0,0.0459803629919742,0.0986261671384898,0.0,-0.013858024781407
forest_cover,xgboost,shap,210,0,0.0933726893485189,0.0,0.0519494499999149,0.0595759442268982,0.0313419400617889,0.0,-0.013858024781407
forest_cover,xgboost,shap,211,1,0.0933726893485189,0.037274415500034,0.0,0.0,0.0463410495557372,0.0419786041685377,-0.013858024781407
forest_cover,xgboost,shap,212,1,0.0933726893485189,0.0334182703731925,0.0,0.1723260466536824,0.0,0.0184060971710746,-0.013858024781407
forest_cover,xgboost,shap,213,1,0.0933726893485189,0.0605293627760543,0.0,0.0,0.0,0.1335834171083487,-0.013858024781407
forest_cover,xgboost,shap,214,0,0.0933726893485189,0.1731171745027814,0.0,0.0100967150348808,0.0,0.031005658819958,-0.013858024781407
forest_cover,xgboost,shap,215,1,0.0933726893485189,0.0800929723654098,0.0126615873815244,0.0,0.0540552225928379,0.0585999346383422,-0.013858024781407
forest_cover,xgboost,shap,216,1,0.0933726893485189,0.0789515085177778,0.0004966494716209,0.0570209825085927,0.0228422304761558,0.0398670311571132,-0.013858024781407
forest_cover,xgboost,shap,217,0,0.0933726893485189,0.2149563347660064,0.0,0.018828651020424,0.0,0.0,-0.013858024781407
forest_cover,xgboost,shap,218,1,0.0933726893485189,0.088164585592635,0.0109478841145436,0.0,0.0415258478954988,0.0675848333825112,-0.013858024781407
forest_cover,xgboost,shap,219,1,0.0933726893485189,0.0346002644619642,0.0,0.1254112668873433,0.0,0.0175129718290382,-0.013858024781407
forest_cover,xgboost,shap,220,1,0.0933726893485189,0.0499716931520011,0.0135142283417694,0.0010947772473531,0.0462282629126025,0.0573136920148573,-0.013858024781407
forest_cover,xgboost,shap,221,0,0.0933726893485189,0.1669371634905607,0.0,0.0202858144736888,0.0,0.0366781333514148,-0.013858024781407
forest_cover,xgboost,shap,222,0,0.0933726893485189,0.0,0.0460881313447716,0.0325155332711642,0.0,0.1401322400103953,-0.013858024781407
forest_cover,xgboost,shap,223,0,0.0933726893485189,0.1551589899596947,0.0307292650654176,0.0244862539747965,0.0,0.0,-0.013858024781407
forest_cover,xgboost,shap,224,1,0.0933726893485189,0.0807281561432447,0.0,0.0735261226615424,0.0336721730817857,0.0234901949862759,-0.013858024781407
forest_cover,xgboost,shap,225,1,0.0933726893485189,0.0669531702068498,0.0008705864047095,0.0643782760515434,0.022686326440912,0.0271487008641598,-0.013858024781407
forest_cover,xgboost,shap,226,0,0.0933726893485189,0.0,0.0266095996787621,0.0623282520623401,0.0819561711092053,0.0,-0.013858024781407
forest_cover,xgboost,shap,227,1,0.0933726893485189,0.0410027466043769,0.014010968584941,0.0,0.002969496735013,0.0511064182795149,-0.013858024781407
forest_cover,xgboost,shap,228,1,0.0933726893485189,0.0816449767394551,0.0,0.073756273907781,0.0331354824238393,0.0221138185580354,-0.013858024781407
forest_cover,xgboost,shap,229,1,0.0933726893485189,0.0356982745065935,0.0049905876699882,0.0740040331415856,0.0180213689781472,0.0293614385551607,-0.013858024781407
forest_cover,xgboost,shap,230,1,0.0933726893485189,0.0495326951322444,0.0489153071662296,0.007224210896484,0.0885275709154957,0.0,-0.013858024781407
forest_cover,xgboost,shap,231,0,0.0933726893485189,0.120135407083936,0.0151094632179545,0.0320259938911688,0.0313685882178023,0.0,-0.013858024781407
forest_cover,xgboost,shap,232,1,0.0933726893485189,0.0793637622960067,0.0004966494716209,0.0568835645825164,0.0227048125500795,0.0397296132310369,-0.013858024781407
forest_cover,xgboost,shap,233,0,0.0933726893485189,0.0,0.0091289136611515,0.0251443781599125,0.0637899774783757,0.0996468194317325,-0.013858024781407
forest_cover,xgboost,shap,234,1,0.0933726893485189,0.0789485760843892,0.0,0.0665060705268713,0.027420950744265,0.02632636783093,-0.013858024781407
forest_cover,xgboost,shap,235,1,0.0933726893485189,0.0860808012936216,0.0108250190089472,0.0,0.0442952978189636,0.067234908195339,-0.013858024781407
forest_cover,xgboost,shap,236,0,0.0933726893485189,0.1702000117459873,0.0,0.0139249126297274,0.0,0.0270237655443678,-0.013858024781407
forest_cover,xgboost,shap,237,0,0.0933726893485189,0.0,0.0051104673725464,0.0274638223707446,0.0,0.1787218760063082,-0.013858024781407
forest_cover,xgboost,shap,238,0,0.0933726893485189,0.0,0.00423442287036,0.0,0.0790463744087029,0.1357266993195565,-0.013858024781407
forest_cover,xgboost,shap,239,1,0.0933726893485189,0.0029975832968914,0.0002099472652626,0.1373323693060733,0.0,0.0,-0.013858024781407
forest_cover,xgboost,shap,240,1,0.0933726893485189,0.0236365017496217,0.0071491157360266,0.0,0.0331978791726385,0.0606461355265253,-0.013858024781407
forest_cover,xgboost,shap,241,1,0.0933726893485189,0.064052712453927,0.0115819814911829,0.0,0.0,0.0557381882817517,-0.013858024781407
forest_cover,xgboost,shap,242,1,0.0933726893485189,0.0860808012936216,0.0108250190089472,0.0,0.0442952978189636,0.067234908195339,-0.013858024781407
forest_cover,xgboost,shap,243,0,0.0933726893485189,0.2177537258456739,0.0,0.0136621230155302,0.0,0.0,-0.013858024781407
forest_cover,xgboost,shap,244,0,0.0933726893485189,0.1911991335769576,0.0201154953464082,0.0,0.0174254378862981,0.0,-0.013858024781407
forest_cover,xgboost,shap,245,1,0.0933726893485189,0.0746496282344605,0.0128249440464254,0.0,0.0369978583753893,0.0672617239310951,-0.013858024781407
forest_cover,xgboost,shap,246,0,0.0933726893485189,0.191077850999847,0.0,0.0177965876221367,0.0068629088357971,0.0,-0.013858024781407
forest_cover,xgboost,shap,247,0,0.0933726893485189,0.0,0.051184537330594,0.0517390749497115,0.0,0.131506431720319,-0.013858024781407
forest_cover,xgboost,shap,248,0,0.0933726893485189,0.1198497604396386,0.0154536353172523,0.0212258113652142,0.0,0.0464660372740278,-0.013858024781407
forest_cover,xgboost,shap,249,1,0.0933726893485189,0.0800929723654098,0.0126615873815244,0.0,0.0540552225928379,0.0585999346383422,-0.013858024781407
forest_cover,xgboost,shap,250,1,0.0933726893485189,0.0473256535407661,0.0070967847482877,0.0080064190964555,0.0237420000583475,0.0819517962247265,-0.013858024781407
forest_cover,xgboost,shap,251,1,0.0933726893485189,0.0788873738068242,0.0,0.0639596729885943,0.0358569098625959,0.0248833724758723,-0.013858024781407
forest_cover,xgboost,shap,252,0,0.0933726893485189,0.0,0.084045159540359,0.032734955159471,0.0,0.0871145245147429,-0.013858024781407
forest_cover,xgboost,shap,253,1,0.0933726893485189,0.0925897072131132,0.0010038028480214,0.0163074587944979,0.0368686835159484,0.0524087497596795,-0.013858024781407
forest_cover,xgboost,shap,254,1,0.0933726893485189,0.0448888015217513,0.0061006790516795,0.1310560286150563,0.0,0.0270878169589154,-0.013858024781407
forest_cover,xgboost,shap,255,1,0.0933726893485189,0.0796254043090593,0.0,0.062778252251838,0.0352532040107766,0.0259750093077234,-0.013858024781407
forest_cover,xgboost,shap,256,0,0.0933726893485189,0.2117530588898505,0.0183360663747481,0.0,0.0008446293554501,0.0,-0.013858024781407
forest_cover,xgboost,shap,257,0,0.0933726893485189,0.0,0.0,0.0490185770522622,0.1146094610537838,0.0,-0.013858024781407
forest_cover,xgboost,shap,258,1,0.0933726893485189,0.0708353486288832,0.0155619301739778,0.0,0.0576174315987426,0.0484975488244595,-0.013858024781407
forest_cover,xgboost,shap,259,1,0.0933726893485189,0.0600729763730878,0.0,0.0578059431248341,0.0649855670903456,0.0,-0.013858024781407
forest_cover,xgboost,shap,260,0,0.0933726893485189,0.0,0.0107829166921368,0.0586528485157138,0.1097760852873866,0.0,-0.013858024781407
forest_cover,xgboost,shap,261,0,0.0933726893485189,0.2114826084411488,0.0,0.0145693535146433,0.0,0.0,-0.013858024781407
forest_cover,xgboost,shap,262,0,0.0933726893485189,0.0,0.1183959077329382,0.0575258293127321,0.0,0.0036105524334139,-0.013858024781407
forest_cover,xgboost,shap,263,0,0.0933726893485189,0.2113771117830339,0.0,0.0144638568565286,0.0,0.0,-0.013858024781407
forest_cover,xgboost,shap,264,1,0.0933726893485189,0.0552381522959537,0.0039630953749961,0.0,0.0,0.0504225448158217,-0.013858024781407
forest_cover,xgboost,shap,265,0,0.0933726893485189,0.0,0.0013505304471852,0.0550102817622528,0.1086118676755455,0.0,-0.013858024781407
forest_cover,xgboost,shap,266,0,0.0933726893485189,0.1376073265113659,0.0392876395606058,0.0308306240720801,0.0,0.0,-0.013858024781407
forest_cover,xgboost,shap,267,0,0.0933726893485189,0.0,0.0936749607622984,0.0351143412563262,0.0,0.0025514596386007,-0.013858024781407
forest_cover,xgboost,shap,268,0,0.0933726893485189,0.150940135834003,0.000823680105586,0.0227514293139746,0.0325650934393677,0.0,-0.013858024781407
forest_cover,xgboost,shap,269,1,0.0933726893485189,0.0719107520228559,0.0,0.1546297857809124,0.0236724311567264,0.0,-0.013858024781407
forest_cover,xgboost,shap,270,1,0.0933726893485189,0.0,0.044773186174821,0.2202476340767994,0.0059733942524804,0.0099503121097666,-0.013858024781407
forest_cover,xgboost,shap,271,0,0.0933726893485189,0.1846101002112138,0.0,0.0223922184101851,0.0104325737005467,0.0,-0.013858024781407
forest_cover,xgboost,shap,272,0,0.0933726893485189,0.2146164848461661,0.0,0.0195124694262255,0.0,0.0,-0.013858024781407
forest_cover,xgboost,shap,273,1,0.0933726893485189,0.0,0.0493890690656444,0.1691128020158222,0.0,0.0105247266436882,-0.013858024781407
forest_cover,xgboost,shap,274,1,0.0933726893485189,0.0489910030051836,0.0,0.1197474685808022,0.014106651873578,0.0285741922612871,-0.013858024781407
forest_cover,xgboost,shap,275,1,0.0933726893485189,0.0754597648052938,0.0126744971185633,0.0,0.0329316325814232,0.0622006136354384,-0.013858024781407
forest_cover,xgboost,shap,276,1,0.0933726893485189,0.0843140935987944,0.0065717457290317,0.0,0.0343603631609622,0.0834196201159428,-0.013858024781407
forest_cover,xgboost,shap,277,1,0.0933726893485189,0.088164585592635,0.0109478841145436,0.0,0.0415258478954988,0.0675848333825112,-0.013858024781407
forest_cover,xgboost,shap,278,0,0.0933726893485189,0.0,0.0,0.030281043402296,0.100249245432341,0.0864097496579043,-0.013858024781407
forest_cover,xgboost,shap,279,0,0.0933726893485189,0.0,0.0020131795438048,0.0490644644927775,0.0673118968794128,0.0,-0.013858024781407
forest_cover,xgboost,shap,280,1,0.0933726893485189,0.015553696988253,0.0,0.1732942776205951,0.0,0.0245304513017384,-0.013858024781407
forest_cover,xgboost,shap,281,1,0.0933726893485189,0.0491979384353281,0.0029452086203282,0.0,0.0,0.1259435150885357,-0.013858024781407
forest_cover,xgboost,shap,282,1,0.0933726893485189,0.0,0.0730729471061763,0.1839264140182556,0.0260102012594047,0.01509468789125,-0.013858024781407
forest_cover,xgboost,shap,283,1,0.0933726893485189,0.0607510654115596,0.0035652860663047,0.0,0.0,0.1335852308023998,-0.013858024781407
forest_cover,xgboost,shap,284,1,0.0933726893485189,0.0793067758120776,0.0070651202325477,0.0,0.0315017673758108,0.0836691818026747,-0.013858024781407
forest_cover,xgboost,shap,285,1,0.0933726893485189,0.0796760242391666,3.886076374565173e-05,0.0608959162118015,0.0271715243027507,0.031396076613796,-0.013858024781407
forest_cover,xgboost,shap,286,1,0.0933726893485189,0.0867835932441392,0.0066952193473861,0.0,0.0324019889693863,0.0823461798007651,-0.013858024781407
forest_cover,xgboost,shap,287,1,0.0933726893485189,0.0674622805914193,0.0,0.0628644162147007,0.0303133099547868,0.0252068819624332,-0.013858024781407
forest_cover,xgboost,shap,288,1,0.0933726893485189,0.0741670442834002,0.0090195752409042,0.0,0.0271871955042049,0.0817621601445593,-0.013858024781407
forest_cover,xgboost,shap,289,1,0.0933726893485189,0.0516987322612656,0.0055268953573923,0.0879114929910652,0.0223340058116044,0.0301264413212001,-0.013858024781407
forest_cover,xgboost,shap,290,1,0.0933726893485189,0.0603494815385228,0.0,0.0591376151050166,0.0637169773505041,0.0,-0.013858024781407
forest_cover,xgboost,shap,291,0,0.0933726893485189,0.0,0.0038486244765782,0.0202914482036841,0.1260590367356741,0.0,-0.013858024781407
forest_cover,xgboost,shap,292,1,0.0933726893485189,0.0860976517599823,0.0100348642971487,0.0,0.0446276815279618,0.0664447534835406,-0.013858024781407
forest_cover,xgboost,shap,293,0,0.0933726893485189,0.180152157690183,0.0,0.0177104342526916,0.0042767451571235,0.0,-0.013858024781407
forest_cover,xgboost,shap,294,0,0.0933726893485189,0.1431912526027162,0.0,0.0200114916181222,0.0,0.0372597761841002,-0.013858024781407
forest_cover,xgboost,shap,295,1,0.0933726893485189,0.0759734296196208,0.0,0.0616119646910325,0.0211984662548564,0.039341055622029,-0.013858024781407
forest_cover,xgboost,shap,296,0,0.0933726893485189,0.0,0.0569762607911318,0.0576884512685564,0.0479788119980046,0.0,-0.013858024781407
forest_cover,xgboost,shap,297,0,0.0933726893485189,0.0,0.0,0.0500044658683649,0.0722601778597289,0.0,-0.013858024781407
forest_cover,xgboost,shap,298,1,0.0933726893485189,0.048642690552091,0.0076704374907845,0.0046806254916942,0.0253800837946965,0.0817488163393171,-0.013858024781407
forest_cover,xgboost,shap,299,1,0.0933726893485189,0.0741670442834002,0.0090195752409042,0.0,0.0271871955042049,0.0817621601445593,-0.013858024781407
adult,xgboost,lime,0,1,0.2144387666053612,0.0437718137904833,0.0329269418111209,0.1269255048441834,0.0137130096636482,0.0,0.0447748674491521
adult,xgboost,lime,1,1,0.2144387666053612,0.0459014302057412,0.0335003183235647,0.1258547836446053,0.0166822080064076,0.0,0.041318361476067
adult,xgboost,lime,2,1,0.2144387666053612,0.0331285797300649,0.0290696621441713,0.0,0.012457496013759,0.1984343869417122,-0.0566763507386205
adult,xgboost,lime,3,1,0.2144387666053612,0.0147397502991073,0.0349961082712225,0.1293426485235801,0.0082966014355686,0.0,0.0577333301106978
adult,xgboost,lime,4,0,0.2144387666053612,0.0,0.0,0.0870257687269581,0.0169220036294183,0.2091376246435262,0.1642328769186796
adult,xgboost,lime,5,0,0.2144387666053612,0.0,0.1029963184983993,0.0,0.0,0.2046444634046431,0.1094206232069181
adult,xgboost,lime,6,1,0.2144387666053612,0.0156620947919688,0.0316557294434537,0.1232300237174233,0.0074254509060543,0.1931843213480881,-0.138439702345849
adult,xgboost,lime,7,0,0.2144387666053612,0.0750943687408866,0.0939269186845812,0.090060640789911,0.0,0.2247974241867799,0.2453305486719732
adult,xgboost,lime,8,1,0.2144387666053612,0.0331702328677913,0.0158680373320166,0.1286002115466245,0.0099915316585683,0.0,0.0538080968161081
adult,xgboost,lime,9,0,0.2144387666053612,0.0,0.0965805973806259,0.0686106119112805,0.0085737704259635,0.2181802196717898,0.2027705995313922
adult,xgboost,lime,10,1,0.2144387666053612,0.0437054106350916,0.0169756675862755,0.1264293209618185,0.0137729675155703,0.0,0.0521414212619439
adult,xgboost,lime,11,1,0.2144387666053612,0.014563508566272,0.0407701611880556,0.1291462192611332,0.0127536943310419,0.0,0.0494073008101342
adult,xgboost,lime,12,1,0.2144387666053612,0.012416707070761,0.1236062247423045,0.126266413287629,0.0112796152722318,0.0,0.0498734473433484
adult,xgboost,lime,13,0,0.2144387666053612,0.0,0.0,0.0917409473909461,0.0,0.2028755142467269,0.1543950070341944
adult,xgboost,lime,14,0,0.2144387666053612,0.0,0.0,0.091590392151538,0.0127877040333935,0.201783026024377,0.1530292273064184
adult,xgboost,lime,15,0,0.2144387666053612,0.0,0.0971894161941769,0.0833709713957812,0.0,0.2118161836945906,0.1959875915500541
adult,xgboost,lime,16,1,0.2144387666053612,0.0137493584990697,0.0362780998343253,0.1294112834974332,0.0099746749249237,0.0,0.0559803492479088
adult,xgboost,lime,17,1,0.2144387666053612,0.0345466994441875,0.0,0.1184691811281992,0.0088187658877826,0.0,0.1072961982995555
adult,xgboost,lime,18,0,0.2144387666053612,0.0789991959150053,0.0937097805170769,0.0949540130415322,0.0,0.2156871719960517,0.2376932357057579
adult,xgboost,lime,19,1,0.2144387666053612,0.0350085215199635,0.0312758348015568,0.1283724907451406,0.008433877447707,0.1994983120674172,-0.1475283207259466
adult,xgboost,lime,20,0,0.2144387666053612,0.0659831476260384,0.0943306396434749,0.0900007691845811,0.0132731449920098,0.213923119159769,0.2263918156532662
adult,xgboost,lime,21,0,0.2144387666053612,0.0787911245448471,0.0919999958817377,0.091335937172958,0.0,0.2144697155172636,0.2340255657439955
adult,xgboost,lime,22,1,0.2144387666053612,0.0397178618558953,0.124540832976704,0.1262162194704945,0.0057386409268665,0.0,0.0424038340034008
adult,xgboost,lime,23,1,0.2144387666053612,0.0484436848348964,0.0155003010723558,0.1281222116734367,0.0068306359566385,0.0,0.0526582074823829
adult,xgboost,lime,24,0,0.2144387666053612,0.0,0.0,0.1030793867113595,0.0,0.2085223497718429,0.1554227414566581
adult,xgboost,lime,25,0,0.2144387666053612,0.0,0.0,0.1032023711719597,0.0,0.2079243830213057,0.1696795373941002
adult,xgboost,lime,26,1,0.2144387666053612,0.0185881786646239,0.039492349930399,0.1280214638333147,0.0135361576406019,0.1944164773579212,-0.1499625213857703
adult,xgboost,lime,27,1,0.2144387666053612,0.0122991604078378,0.0407178989928447,0.1316720078289802,0.0130714728393349,0.0,0.0497293650263015
adult,xgboost,lime,28,1,0.2144387666053612,0.0,0.1260247423941773,0.1161323299701869,0.0079879868738062,0.2130793860392963,-0.1171848941043165
adult,xgboost,lime,29,0,0.2144387666053612,0.0,0.1021469424478389,0.0,0.0,0.2007514737218436,0.1101513372623896
adult,xgboost,lime,30,0,0.2144387666053612,0.0820552789553774,0.0,0.1008351785960731,0.0112887421671646,0.2109896909253162,0.2118103814852923
adult,xgboost,lime,31,0,0.2144387666053612,0.0789492480249235,0.0922052001564361,0.0861346869039482,0.0,0.2228939386943995,0.2393964721617201
adult,xgboost,lime,32,1,0.2144387666053612,0.0445642969168027,0.0352472671418479,0.12685870765482,0.0109853038212113,0.0,0.0492670427888579
adult,xgboost,lime,33,0,0.2144387666053612,0.0812736184267557,0.0,0.1016495152479729,0.0114101967496474,0.2138869803804177,0.2060561982729805
adult,xgboost,lime,34,0,0.2144387666053612,0.0,0.0968337031554152,0.083606955511533,0.0149116519322763,0.2157068819445305,0.2123076159002134
adult,xgboost,lime,35,0,0.2144387666053612,0.0,0.0968762732092731,0.0865185174548969,0.0135464408181143,0.2080397999649861,0.2088992015812311
adult,xgboost,lime,36,1,0.2144387666053612,0.0178646909262148,0.0185418763787406,0.1320596756887782,0.0081694990609117,0.0,0.0550447292698569
adult,xgboost,lime,37,1,0.2144387666053612,0.0190329320594845,0.01580361818159,0.1328753002939655,0.0,0.0,0.0585658934584458
adult,xgboost,lime,38,0,0.2144387666053612,0.0,0.1045391539859874,0.0,0.0,0.2001086697283549,0.1046763216110612
adult,xgboost,lime,39,1,0.2144387666053612,0.0095630082553428,0.0353032264481086,0.124086633013223,0.0063782767572407,0.1975259669852825,-0.1364703196991619
adult,xgboost,lime,40,0,0.2144387666053612,0.0,0.1047182066807594,0.0,0.0,0.2043402502834495,0.1131786778194846
adult,xgboost,lime,41,1,0.2144387666053612,0.0098553491052192,0.035909669798611,0.0,0.0085347300460501,0.2028551121020808,-0.0525165149072369
adult,xgboost,lime,42,0,0.2144387666053612,0.0,0.0988494197423455,0.0974518905818525,0.0132248083361841,0.2128843279548354,0.2263641459935228
adult,xgboost,lime,43,1,0.2144387666053612,0.0,0.0165067703040223,0.1286373939968203,0.0131598124714246,0.0,0.0850299306589104
adult,xgboost,lime,44,0,0.2144387666053612,0.0,0.0954422984706106,0.084125632099742,0.0,0.2102906420831699,0.194826406337452
adult,xgboost,lime,45,0,0.2144387666053612,0.0,0.1090171954275731,0.0,0.0,0.208332689095578,0.1182322097725701
adult,xgboost,lime,46,1,0.2144387666053612,0.0418827967303121,0.0,0.1199865101123104,0.0096584502898757,0.0,0.1153793449099045
adult,xgboost,lime,47,0,0.2144387666053612,0.0837467367509332,0.0,0.0918067429863796,0.0,0.2102788239639986,0.1799051901441538
adult,xgboost,lime,48,0,0.2144387666053612,0.0772667495834211,0.0950866007416418,0.0864725069207158,0.0101980364278073,0.2252500745628713,0.2482593371828598
adult,xgboost,lime,49,1,0.2144387666053612,0.0072803150232376,0.0,0.121124421294733,0.0107987635664264,0.2072372477775986,-0.0911600433567063
adult,xgboost,lime,50,1,0.2144387666053612,0.0423325690633013,0.0334841699899979,0.1274490250513667,0.0128311339534031,0.1907663739217694,-0.1485029777512428
adult,xgboost,lime,51,1,0.2144387666053612,0.0341904695900862,0.0128393228370703,0.1234503414485089,0.0140953704839841,0.19541982180739,-0.1387823664453165
adult,xgboost,lime,52,1,0.2144387666053612,0.0,0.0194861636043459,0.1253705982998159,0.0083111121784624,0.0,0.0917118567969603
adult,xgboost,lime,53,1,0.2144387666053612,0.0317413252177035,0.0316386062225155,0.1294255933133061,0.0092805308103144,0.0,0.043325424180217
adult,xgboost,lime,54,1,0.2144387666053612,0.0108288209502455,0.0379552956200182,0.1294332261572295,0.0088430317473976,0.0,0.0579906269644266
adult,xgboost,lime,55,0,0.2144387666053612,0.0796649500341329,0.0,0.0989675268456235,0.0,0.2129082730403516,0.1978452108724786
adult,xgboost,lime,56,1,0.2144387666053612,0.0333082347477734,0.0183789134200858,0.1268345907330526,0.0113420766089736,0.0,0.0588812333096259
adult,xgboost,lime,57,1,0.2144387666053612,0.0062980819540591,0.018223645800934,0.1323680426711178,0.0090049417668945,0.0,0.0573180819001004
adult,xgboost,lime,58,0,0.2144387666053612,0.086429901398753,0.0,0.0,0.0102861597256664,0.1961872455434987,0.0889808390558555
adult,xgboost,lime,59,0,0.2144387666053612,0.0,0.0992647543023734,0.0837045636942933,0.0,0.2145493438389107,0.1967389882907075
adult,xgboost,lime,60,1,0.2144387666053612,0.0124006144912786,0.0395315350013219,0.1292186754255044,0.0103821205031665,0.0,0.0511576373608113
adult,xgboost,lime,61,1,0.2144387666053612,0.0088033316922857,0.0217041024051117,0.1258386116086615,0.0168397692330001,0.0,0.0633068779715468
adult,xgboost,lime,62,0,0.2144387666053612,0.0,0.0956343659463442,0.0959982128412816,0.0,0.213682685552264,0.2137958996063849
adult,xgboost,lime,63,0,0.2144387666053612,0.0784377914876008,0.0,0.0960479512011722,0.016464092270987,0.2188373228758926,0.2179926373079176
adult,xgboost,lime,64,1,0.2144387666053612,0.0412705644853951,0.0364127477547264,0.1306902658865887,0.0131829850046272,0.0,0.0480643544468134
adult,xgboost,lime,65,0,0.2144387666053612,0.0,0.1027703318095217,0.0,0.0,0.2010856967246434,0.1018995264900194
adult,xgboost,lime,66,1,0.2144387666053612,0.0335956394041703,0.1287527147131729,0.1231485745309564,0.0102783633229359,0.0,0.046524491841661
adult,xgboost,lime,67,1,0.2144387666053612,0.0392647214233585,0.019410399491611,0.1311203222383295,0.0133461610931758,0.0,0.0537351340395398
adult,xgboost,lime,68,1,0.2144387666053612,0.0127934670793985,0.0,0.1254172378702747,0.0,0.0,0.1277847792022066
adult,xgboost,lime,69,0,0.2144387666053612,0.0793670898616968,0.0,0.0954853916014785,0.0,0.2112535378819439,0.1878253524015113
adult,xgboost,lime,70,1,0.2144387666053612,0.0310278794833143,0.0371195466129971,0.1278382751196177,0.0101169463386557,0.0,0.0519217128927462
adult,xgboost,lime,71,0,0.2144387666053612,0.0,0.1043861961117994,0.0,0.0,0.2061086349466062,0.1100525452280083
adult,xgboost,lime,72,0,0.2144387666053612,0.0,0.0958071852610447,0.0915404668362142,0.0,0.2106283681976892,0.2054862874207224
adult,xgboost,lime,73,0,0.2144387666053612,0.0793880359371687,0.0,0.1005944715243975,0.0124904868358709,0.2164323675255934,0.2147553020339589
adult,xgboost,lime,74,0,0.2144387666053612,0.0,0.0,0.096791506059947,0.0101597398483713,0.2045930103061154,0.1628166933983366
adult,xgboost,lime,75,0,0.2144387666053612,0.0828270653491835,0.0,0.0974100133934154,0.0,0.2126657565793394,0.1947748012104695
adult,xgboost,lime,76,1,0.2144387666053612,0.0122650864766445,0.1252601366698159,0.0,0.0,0.0,0.147548497340088
adult,xgboost,lime,77,1,0.2144387666053612,0.0349966100671087,0.0,0.118734808474627,0.0115045786847838,0.0,0.1146167861229054
adult,xgboost,lime,78,0,0.2144387666053612,0.0,0.1040900412898607,0.0,0.0,0.2106218366080925,0.1173231505058911
adult,xgboost,lime,79,1,0.2144387666053612,0.0330242198769041,0.122209680984444,0.1176912689908563,0.0075254969721929,0.1952208136518087,-0.1442150471095843
adult,xgboost,lime,80,0,0.2144387666053612,0.0,0.0,0.099466507323208,0.011066468010359,0.2012466103865452,0.1742822176574774
adult,xgboost,lime,81,1,0.2144387666053612,0.0464192779158142,0.0371996604340838,0.1287667267967902,0.0128664676076888,0.0,0.0496527639617863
adult,xgboost,lime,82,1,0.2144387666053612,0.0425444708467253,0.0180543527190288,0.132000231512963,0.0113746813946642,0.0,0.051801600464031
adult,xgboost,lime,83,0,0.2144387666053612,0.0827098335509025,0.0,0.1062366707683927,0.0181609552454326,0.2085574733767737,0.208387749576986
adult,xgboost,lime,84,0,0.2144387666053612,0.0,0.0928807546448592,0.0951870221662285,0.0159480015544695,0.0,0.010316622899798
adult,xgboost,lime,85,1,0.2144387666053612,0.0430081862399966,0.0,0.1217663666461214,0.0103976103456971,0.0,0.1158044640589198
adult,xgboost,lime,86,1,0.2144387666053612,0.0058647325763226,0.0386922491406941,0.1337720014450463,0.0152387600771351,0.0,0.0499605447126938
adult,xgboost,lime,87,1,0.2144387666053612,0.0383614271898705,0.0337679198493273,0.1308091274207207,0.010058105035952,0.0,0.038668881994842
adult,xgboost,lime,88,0,0.2144387666053612,0.0,0.0,0.0955719800720531,0.0148221875279131,0.2018423519963249,0.1583058279616199
adult,xgboost,lime,89,0,0.2144387666053612,0.0,0.0,0.0889205047993973,0.0099879656606124,0.2076529320497367,0.1501505498472631
adult,xgboost,lime,90,1,0.2144387666053612,0.0086941548022168,0.0341876216753587,0.1269036479163875,0.0114533111226594,0.195145916264,-0.1424143118758378
adult,xgboost,lime,91,1,0.2144387666053612,0.0400385969245395,0.1238422479555496,0.124791452632822,0.0124315346298134,0.0,0.0515559134089332
adult,xgboost,lime,92,1,0.2144387666053612,0.042422848441879,0.0357817344497816,0.1226984332765415,0.0114552403535195,0.0,0.0522191040587909
adult,xgboost,lime,93,0,0.2144387666053612,0.0766378322868458,0.09751413100431,0.0888917950437065,0.0119821814992233,0.2213238497332335,0.2475084297140029
adult,xgboost,lime,94,1,0.2144387666053612,0.0422353562779577,0.0380325990654893,0.1307441637576477,0.0,0.0,0.0556253123775606
adult,xgboost,lime,95,0,0.2144387666053612,0.0,0.0,0.1009313316995018,0.0125806325191855,0.2074736097901861,0.1658781244729489
adult,xgboost,lime,96,0,0.2144387666053612,0.0797588515655281,0.0962152529113747,0.0903968502470475,0.0,0.2132930087989591,0.2380592988261241
adult,xgboost,lime,97,1,0.2144387666053612,0.0446289366429166,0.0117389480146345,0.0,0.0122487339884764,0.2056221301193389,-0.0570004440884958
adult,xgboost,lime,98,0,0.2144387666053612,0.0,0.1003847042878335,0.0845417476386563,0.0152140909034238,0.2132072246146582,0.210922840630134
adult,xgboost,lime,99,0,0.2144387666053612,0.0,0.0,0.0960104197584274,0.0,0.2113217280268933,0.1703565441815254
adult,xgboost,lime,100,1,0.2144387666053612,0.0411832824129477,0.0,0.1178199010710597,0.0115267593815224,0.0,0.1152139608667675
adult,xgboost,lime,101,0,0.2144387666053612,0.0,0.0,0.0933663740166647,0.0141085741870813,0.1983690879297243,0.1606976321881577
adult,xgboost,lime,102,1,0.2144387666053612,0.0151143620998465,0.0340828615423619,0.1243819918010268,0.0078457554069095,0.1971074079478432,-0.1398676080020377
adult,xgboost,lime,103,0,0.2144387666053612,0.0,0.0968018636588781,0.0847497198558253,0.0110074998231543,0.21786801749482,0.2125082144474839
adult,xgboost,lime,104,1,0.2144387666053612,0.0414058920538312,0.0,0.1194511523878834,0.0101707739914968,0.0,0.1113760797557895
adult,xgboost,lime,105,1,0.2144387666053612,0.0478942637368509,0.0176091325340295,0.1280969704923986,0.0099417485966364,0.0,0.0499043516804155
adult,xgboost,lime,106,1,0.2144387666053612,0.0174463153648372,0.0369258950859561,0.1287480185288198,0.0094997431440923,0.0,0.053670923112661
adult,xgboost,lime,107,0,0.2144387666053612,0.0780969070916648,0.0908626574262658,0.0928271944991242,0.0151295216463489,0.2234686737306692,0.254518752186757
adult,xgboost,lime,108,0,0.2144387666053612,0.0,0.0,0.0956232193256192,0.0,0.2043919966747252,0.1418153963463267
adult,xgboost,lime,109,0,0.2144387666053612,0.0848788862046177,0.0,0.1024970890751411,0.0095187802892092,0.2081650984052572,0.2093457901256329
adult,xgboost,lime,110,1,0.2144387666053612,0.0413752564964972,0.0,0.1216049396145068,0.0129153871463116,0.0,0.1049944971512267
adult,xgboost,lime,111,0,0.2144387666053612,0.0,0.0,0.0858253493581624,0.0143076374807365,0.2055537684308219,0.1577016834348921
adult,xgboost,lime,112,1,0.2144387666053612,0.0,0.1262399782202806,0.1226990230009057,0.012976958064927,0.0,0.0770314184829253
adult,xgboost,lime,113,0,0.2144387666053612,0.0,0.0,0.0899226978510864,0.0166186083102417,0.2060298871041189,0.1583024099702533
adult,xgboost,lime,114,0,0.2144387666053612,0.0,0.0,0.0840450146567382,0.0111680963209791,0.2096510475359763,0.1591382971873716
adult,xgboost,lime,115,0,0.2144387666053612,0.0,0.095339237393157,0.08968877564759,0.0115570949761066,0.2104184339693437,0.2127405958276154
adult,xgboost,lime,116,0,0.2144387666053612,0.0814953115807822,0.1031752737898578,0.0,0.0,0.20650145211654,0.1419247908871663
adult,xgboost,lime,117,1,0.2144387666053612,0.0396356054141087,0.0,0.1175632000293138,0.0119811744240122,0.2058856164363887,-0.0968923611749933
adult,xgboost,lime,118,0,0.2144387666053612,0.0742795143950818,0.0959651677060425,0.0830110777282114,0.0,0.2161777756635325,0.2272368901853989
adult,xgboost,lime,119,1,0.2144387666053612,0.0343461968553606,0.0,0.1186057873297681,0.0151512679841935,0.0,0.104184907023759
adult,xgboost,lime,120,1,0.2144387666053612,0.0407857882002587,0.0,0.1139230519654465,0.0100512818672903,0.1992024293141019,-0.0917442896753141
adult,xgboost,lime,121,1,0.2144387666053612,0.0391364578620002,0.0,0.0,0.0099854923668606,0.2064806711311069,-0.0150515083192358
adult,xgboost,lime,122,0,0.2144387666053612,0.0788532588298731,0.1010634010895589,0.0,0.0,0.2082911110678175,0.1425060031326382
adult,xgboost,lime,123,1,0.2144387666053612,0.0447906450027531,0.0183682024411611,0.1292451154853536,0.0160999123110194,0.0,0.0515917176136516
adult,xgboost,lime,124,1,0.2144387666053612,0.0332043088544868,0.1233387803324693,0.1264702285786831,0.0,0.0,0.054346925419954
adult,xgboost,lime,125,1,0.2144387666053612,0.0376783235381947,0.1147693626559708,0.1199107699564728,0.0063326638724537,0.1932392755524939,-0.1449041904151211
adult,xgboost,lime,126,1,0.2144387666053612,0.0,0.0343960719119412,0.12529795993424,0.0102877542329925,0.0,0.0805179206674533
adult,xgboost,lime,127,1,0.2144387666053612,0.0135181071620409,0.0367136539922856,0.1311584577273416,0.0,0.0,0.0525060755452142
adult,xgboost,lime,128,1,0.2144387666053612,0.0366133820581059,0.0,0.1174993799188568,0.0133546174725285,0.0,0.1094127966841274
adult,xgboost,lime,129,1,0.2144387666053612,0.0102467361398842,0.0168375577765556,0.1223820898786913,0.0069007081378908,0.0,0.0781151382251096
adult,xgboost,lime,130,0,0.2144387666053612,0.0,0.0964550118051466,0.0811404050960011,0.0,0.2126997501951166,0.1924884001978285
adult,xgboost,lime,131,1,0.2144387666053612,0.0336055421222897,0.0,0.1191073439812494,0.0096432499675397,0.0,0.1059081983301331
adult,xgboost,lime,132,1,0.2144387666053612,0.0464442845245392,0.038252301583329,0.1355250797143276,0.0,0.0,0.0483786660721858
adult,xgboost,lime,133,0,0.2144387666053612,0.0838590269856314,0.0,0.1044738592689125,0.0119764303059946,0.2119441887152018,0.2086641496360376
adult,xgboost,lime,134,0,0.2144387666053612,0.0,0.0922176730883211,0.099497091481991,0.0121820734452499,0.2149523403129728,0.2266302935234551
adult,xgboost,lime,135,0,0.2144387666053612,0.0,0.0963114158235094,0.0809284409815916,0.0,0.0,-0.0124944970257833
adult,xgboost,lime,136,1,0.2144387666053612,0.0448122132757324,0.0175575621250155,0.1255383863638041,0.0105284604147197,0.0,0.0577594368275931
adult,xgboost,lime,137,0,0.2144387666053612,0.0,0.0961632875460808,0.0949362103696953,0.0,0.2061260047188733,0.1981876922373194
adult,xgboost,lime,138,0,0.2144387666053612,0.0856806637931717,0.0,0.097107089101877,0.0,0.2160965431097993,0.1944776802728627
adult,xgboost,lime,139,1,0.2144387666053612,0.0322106225612794,0.1183539320006942,0.1193386312737776,0.0102185399469321,0.1901684470344812,-0.1475165283320764
adult,xgboost,lime,140,0,0.2144387666053612,0.0833202372981054,0.0,0.0970335285111725,0.0,0.2159816542950794,0.2022346330053096
adult,xgboost,lime,141,0,0.2144387666053612,0.07613190729145,0.0949414080118823,0.0798423725759714,0.0061627910120992,0.2222190036688023,0.2427326631651704
adult,xgboost,lime,142,0,0.2144387666053612,0.0773302090837675,0.0,0.1040264266042199,0.010212313660439,0.2100788994385631,0.2082563829955798
adult,xgboost,lime,143,1,0.2144387666053612,0.0102852981307622,0.0359142418760531,0.1279737007367267,0.0094088286972767,0.0,0.0610435816159424
adult,xgboost,lime,144,1,0.2144387666053612,0.0131404103027667,0.0178541094908302,0.1276851464347392,0.0150802336112594,0.0,0.0644360805363214
adult,xgboost,lime,145,0,0.2144387666053612,0.0,0.0,0.0866650246602856,0.0,0.2071181930299216,0.1441530348652522
adult,xgboost,lime,146,0,0.2144387666053612,0.0,0.0,0.1021748689591187,0.0,0.2033778836766852,0.1588156139098538
adult,xgboost,lime,147,0,0.2144387666053612,0.079356931384744,0.101700403256915,0.0,0.0,0.206927360131616,0.1422257218983528
adult,xgboost,lime,148,0,0.2144387666053612,0.0,0.0998826202480938,0.0863823050524131,0.0124874476495965,0.212997409430884,0.2099395510468975
adult,xgboost,lime,149,0,0.2144387666053612,0.0,0.1072591953157885,0.0,0.0,0.2037282045345451,0.113274537810176
adult,xgboost,lime,150,0,0.2144387666053612,0.0,0.1035319247669412,0.0882004985900914,0.0102763539207231,0.213564029329798,0.2189840257945565
adult,xgboost,lime,151,0,0.2144387666053612,0.0799589868640613,0.0947184188476769,0.0995103366035323,0.0140433616789415,0.2150633886754532,0.2503051242359182
adult,xgboost,lime,152,1,0.2144387666053612,0.0,0.128259593057691,0.1248526183010967,0.0,0.0,0.0963910729887173
adult,xgboost,lime,153,0,0.2144387666053612,0.0867034167191155,0.0,0.0,0.0,0.2005322730934743,0.0919537102790699
adult,xgboost,lime,154,1,0.2144387666053612,0.0118099671298151,0.0384731294108122,0.1321725483607773,0.0,0.0,0.0594280325086468
adult,xgboost,lime,155,1,0.2144387666053612,0.0441872717943808,0.0,0.118978178541094,0.0104512072778645,0.0,0.1089928126082746
adult,xgboost,lime,156,1,0.2144387666053612,0.0107993979142239,0.1251646276874701,0.1285977423446596,0.00916984054457,0.0,0.0503792638542172
adult,xgboost,lime,157,1,0.2144387666053612,0.0343726037598312,0.03514747593399,0.1339758849244587,0.0095203396547217,0.0,0.0400753430920286
adult,xgboost,lime,158,1,0.2144387666053612,0.0373733824692113,0.0357740008834171,0.1282375271149335,0.0106198316066561,0.0,0.0425298543167272
adult,xgboost,lime,159,1,0.2144387666053612,0.0120476878504494,0.0186392281037879,0.128927226410448,0.0077165783591737,0.0,0.0587288302293541
adult,xgboost,lime,160,1,0.2144387666053612,0.0359466514317656,0.0160554158698249,0.1306849143211619,0.0126153460240519,0.0,0.0479771565468066
adult,xgboost,lime,161,0,0.2144387666053612,0.0789803977264881,0.0,0.1016198256682862,0.0128406588471316,0.2152362233821844,0.2102177423582338
adult,xgboost,lime,162,0,0.2144387666053612,0.0750618987779738,0.0,0.1021244115254123,0.0102561864719719,0.2161805345009212,0.2061476698200006
adult,xgboost,lime,163,0,0.2144387666053612,0.0,0.0,0.1031120882401556,0.0114331662308093,0.2137448261112603,0.1752362586968687
adult,xgboost,lime,164,1,0.2144387666053612,0.0425506389781036,0.0163386561302764,0.1299892581412555,0.0121638390717961,0.0,0.0501515054829438
adult,xgboost,lime,165,0,0.2144387666053612,0.0,0.1047378110182242,0.0,0.0,0.2059781433291346,0.1135004089238127
adult,xgboost,lime,166,0,0.2144387666053612,0.0845803270140363,0.0,0.0972852456608648,0.0,0.2018425641238289,0.1736801673180159
adult,xgboost,lime,167,1,0.2144387666053612,0.0427268307256692,0.0,0.1198936995664211,0.0087845855652749,0.0,0.1003976226860657
adult,xgboost,lime,168,0,0.2144387666053612,0.0754868479177006,0.099544597455069,0.0,0.0,0.2170205843893752,0.1511855195723543
adult,xgboost,lime,169,1,0.2144387666053612,0.0163594513952091,0.0353181605900261,0.1257998294470702,0.0053937003297982,0.1969075729873654,-0.1399343618738233
adult,xgboost,lime,170,1,0.2144387666053612,0.0445079957842137,0.0164779817690213,0.1323911305123933,0.0134215646179881,0.0,0.0470620264264258
adult,xgboost,lime,171,1,0.2144387666053612,0.0126173510173709,0.0334409929342611,0.1251361085321174,0.005646505879274,0.1972410957904444,-0.138413769847206
adult,xgboost,lime,172,1,0.2144387666053612,0.032012403920046,0.0356437574988509,0.1245877935895148,0.010826023078713,0.1981785689417029,-0.1443589839654552
adult,xgboost,lime,173,1,0.2144387666053612,0.0445815802379439,0.0,0.1211265041880528,0.0097738034196191,0.0,0.1106799982092204
adult,xgboost,lime,174,0,0.2144387666053612,0.0,0.0,0.09379829836301,0.0119858159814956,0.2024265796421039,0.1563419642987906
adult,xgboost,lime,175,0,0.2144387666053612,0.0795090426772468,0.0921973467239593,0.0830713348345061,0.0,0.2110831260532641,0.2192164232954778
adult,xgboost,lime,176,0,0.2144387666053612,0.0793942271305618,0.0,0.1008737103995933,0.0116504886741218,0.2082100257258326,0.2039188462785648
adult,xgboost,lime,177,1,0.2144387666053612,0.0493660074854295,0.0389686820316631,0.1301222232948503,0.0103230388908292,0.0,0.0425445240059678
adult,xgboost,lime,178,1,0.2144387666053612,0.0350300030518407,0.0357319896418964,0.1274910906515663,0.0042990297345703,0.0,0.0544206497855479
adult,xgboost,lime,179,0,0.2144387666053612,0.0,0.1057556058923732,0.0,0.0,0.2077488234402115,0.1168167570996349
adult,xgboost,lime,180,1,0.2144387666053612,0.0093054367308146,0.0196479335443618,0.128966261861867,0.0,0.0,0.0724002392597316
adult,xgboost,lime,181,0,0.2144387666053612,0.075200402749929,0.1034494331051315,0.0,0.0,0.2148362617172343,0.1497471733538784
adult,xgboost,lime,182,1,0.2144387666053612,0.0,0.0392934757854299,0.1274406276745857,0.007481923310737,0.0,0.0868085613271649
adult,xgboost,lime,183,1,0.2144387666053612,0.041256482107362,0.0,0.1154084997936907,0.008171108205877,0.2074563211521871,-0.0926947454731405
adult,xgboost,lime,184,0,0.2144387666053612,0.0,0.0945286445185793,0.0839087141045978,0.0143721295923639,0.2176505477433448,0.2098098944631728
adult,xgboost,lime,185,0,0.2144387666053612,0.0843661297221321,0.0,0.0895546314127156,0.0153429577003591,0.2093649716873666,0.1985640045393204
adult,xgboost,lime,186,0,0.2144387666053612,0.0,0.0,0.1018860244472745,0.0,0.2007837811200666,0.1656487748141056
adult,xgboost,lime,187,0,0.2144387666053612,0.0,0.0,0.1012548598714183,0.0144129960191234,0.2162150860737373,0.1835105528209282
adult,xgboost,lime,188,0,0.2144387666053612,0.0,0.0,0.0869662935096544,0.0106517309238581,0.2078274361273892,0.151597315682374
adult,xgboost,lime,189,0,0.2144387666053612,0.0822778370586712,0.1013784351172848,0.0,0.0,0.1989024814999774,0.1354405262002479
adult,xgboost,lime,190,0,0.2144387666053612,0.0831549265674936,0.1008382705172397,0.0,0.0,0.21075872047734,0.1453802425371757
adult,xgboost,lime,191,0,0.2144387666053612,0.0793758698742444,0.0948496113496648,0.0800599500591712,0.0,0.2093804429700941,0.2231574531455671
adult,xgboost,lime,192,1,0.2144387666053612,0.0124365078163381,0.0132695753798663,0.1289111911272732,0.010659408602635,0.0,0.0584295251894043
adult,xgboost,lime,193,1,0.2144387666053612,0.0347915680915357,0.0384101437564489,0.130923638999721,0.0086059214792662,0.0,0.0424669237022142
adult,xgboost,lime,194,1,0.2144387666053612,0.0134054451065069,0.018085414972143,0.1241914532908826,0.0105931354314669,0.0,0.0584924720577214
adult,xgboost,lime,195,1,0.2144387666053612,0.045682914750386,0.0130738241857139,0.1254012585774736,0.0128755656598985,0.0,0.0479683109354104
adult,xgboost,lime,196,0,0.2144387666053612,0.0778487923814893,0.0,0.1020796997951001,0.0101897639730073,0.2054123232148209,0.1994936749052147
adult,xgboost,lime,197,0,0.2144387666053612,0.0829114155322021,0.0,0.100986259944814,0.0,0.2062085653503123,0.1910781348227445
adult,xgboost,lime,198,1,0.2144387666053612,0.0163473605065679,0.0334505101323122,0.131027147626584,0.0133963118199544,0.0,0.0474529727611512
adult,xgboost,lime,199,0,0.2144387666053612,0.0776845997003204,0.0911548056615639,0.0950626798875485,0.01432191996652,0.2130195216593081,0.2475863061113946
adult,xgboost,lime,200,1,0.2144387666053612,0.0323520505463773,0.0177465822647881,0.1254461129197166,0.0101506193250622,0.0,0.0594988577230589
adult,xgboost,lime,201,0,0.2144387666053612,0.074104631027641,0.0922138361675724,0.0959973824400013,0.0,0.2177800268411885,0.2368014973257861
adult,xgboost,lime,202,0,0.2144387666053612,0.0,0.0957176584044657,0.0927514883171441,0.0,0.2069309853805452,0.2065948247712066
adult,xgboost,lime,203,0,0.2144387666053612,0.0766996832786831,0.0,0.1002714883548165,0.0,0.2125664570862645,0.1929527136851674
adult,xgboost,lime,204,1,0.2144387666053612,0.0,0.033711180174535,0.1283896734347054,0.0116603664656365,0.0,0.0831093431579714
adult,xgboost,lime,205,0,0.2144387666053612,0.0,0.1025453952488213,0.0,0.0,0.2075742643855826,0.1136711315800417
adult,xgboost,lime,206,0,0.2144387666053612,0.0788429248100779,0.0,0.1042791332356641,0.0148248070133546,0.2000411996854358,0.1952182260225602
adult,xgboost,lime,207,0,0.2144387666053612,0.0,0.0,0.0904130354405445,0.0193525713537719,0.2116186156141757,0.1680744362657508
adult,xgboost,lime,208,0,0.2144387666053612,0.077430835528264,0.0887587497954663,0.0923468719894366,0.0,0.2138276969805827,0.2335671066426321
adult,xgboost,lime,209,1,0.2144387666053612,0.0418977907863415,0.0,0.0,0.0151040560677523,0.2081907441293116,-0.0074266229910336
adult,xgboost,lime,210,0,0.2144387666053612,0.0,0.1051984382064064,0.0,0.0,0.2046084406083888,0.1114590683032192
adult,xgboost,lime,211,1,0.2144387666053612,0.0380329349528973,0.0368277877550802,0.1306661254478079,0.0133127378072756,0.0,0.0399354410102081
adult,xgboost,lime,212,0,0.2144387666053612,0.0,0.0956577051635541,0.0951170496259404,0.0,0.2122077050567924,0.2039522501114956
adult,xgboost,lime,213,0,0.2144387666053612,0.0,0.1024743887251709,0.0,0.0,0.2063583784894948,0.109157743072885
adult,xgboost,lime,214,1,0.2144387666053612,0.0131401578386403,0.0,0.1188960409875534,0.0106227396156493,0.0,0.1183203665665425
adult,xgboost,lime,215,1,0.2144387666053612,0.0101066345107548,0.0420244639060935,0.1321291247620711,0.0,0.0,0.0548596205660537
adult,xgboost,lime,216,1,0.2144387666053612,0.011528026818022,0.0399971939136698,0.1323267559325815,0.0094432468134838,0.0,0.0508617295708527
adult,xgboost,lime,217,1,0.2144387666053612,0.0323725323176285,0.017108940677065,0.1297818079068434,0.0084722279136746,0.0,0.0623700833280355
adult,xgboost,lime,218,0,0.2144387666053612,0.0453660362273184,0.0928971011435491,0.0944284009373962,0.0148221588085493,0.2135920483488993,0.2262454507890432
adult,xgboost,lime,219,1,0.2144387666053612,0.012978562437771,0.0375753902433478,0.1296058743435297,0.0086230755907843,0.0,0.0588322490708593
adult,xgboost,lime,220,1,0.2144387666053612,0.0,0.0155248207656346,0.1198100960564003,0.0080091983823663,0.2006661976491426,-0.1058631132135324
adult,xgboost,lime,221,1,0.2144387666053612,0.0,0.0295457134576056,0.0,0.0,0.2114807386974774,-0.0107319295491509
adult,xgboost,lime,222,0,0.2144387666053612,0.0790813785900573,0.0,0.1039878855964909,0.0083357667007866,0.2053861014428483,0.2050673047341572
adult,xgboost,lime,223,1,0.2144387666053612,0.0105624678008532,0.0,0.1196666029437735,0.0104664348483443,0.0,0.1197058277456866
adult,xgboost,lime,224,1,0.2144387666053612,0.0110363831064636,0.1290268315470496,0.1307575266388567,0.0,0.0,0.0545954993781121
adult,xgboost,lime,225,1,0.2144387666053612,0.0168969492794264,0.034609070426127,0.1279767951997625,0.0079123861814429,0.0,0.0482492033490439
adult,xgboost,lime,226,1,0.2144387666053612,0.0130359522297239,0.1162423776336116,0.1207619598635324,0.0141327020743128,0.2024134622555672,-0.1467867438099226
adult,xgboost,lime,227,0,0.2144387666053612,0.0834568907396569,0.0,0.0969980140491564,0.0,0.2067396282410769,0.1814391056430915
adult,xgboost,lime,228,1,0.2144387666053612,0.0386122833796801,0.1141547255818132,0.120440534474179,0.0097522313091904,0.1981312473762147,-0.1466932826794457
adult,xgboost,lime,229,0,0.2144387666053612,0.0,0.0,0.0884111646266387,0.0,0.2057453167190833,0.1504469917564415
adult,xgboost,lime,230,0,0.2144387666053612,0.0768239222004555,0.09297687662676,0.090463025250149,0.0,0.2209192127125518,0.2395825424923205
adult,xgboost,lime,231,0,0.2144387666053612,0.0775433997357325,0.0,0.0866651359387025,0.010374541037059,0.2092358181219857,0.1948482846831202
adult,xgboost,lime,232,1,0.2144387666053612,0.0106004193274802,0.1330432549152976,0.0,0.0122729114944068,0.0,0.1494244369687053
adult,xgboost,lime,233,1,0.2144387666053612,0.0139808013332199,0.0362808517152051,0.1358735213238095,0.0073280659381,0.0,0.0526388266903267
adult,xgboost,lime,234,0,0.2144387666053612,0.0,0.1073921235413324,0.0,0.0,0.2041369190712547,0.11382079130637
adult,xgboost,lime,235,0,0.2144387666053612,0.0,0.1057825048377393,0.0,0.0,0.2014268056742073,0.1113767501066606
adult,xgboost,lime,236,0,0.2144387666053612,0.0796394032449003,0.0,0.0995755303760144,0.0180654790717048,0.2172540970055192,0.2099570641912007
adult,xgboost,lime,237,0,0.2144387666053612,0.0498642730208911,0.0947991383991693,0.0969912727438586,0.0132144190976117,0.2124608722236128,0.2272936480176288
adult,xgboost,lime,238,1,0.2144387666053612,0.0442957421329679,0.0,0.1189288929272395,0.0092680388655588,0.0,0.1129140003211858
adult,xgboost,lime,239,1,0.2144387666053612,0.0424204223503556,0.1274702773610075,0.1285582659397207,0.0,0.0,0.0499651622116181
adult,xgboost,lime,240,1,0.2144387666053612,0.0423243858899456,0.0410187591024041,0.1320298214034581,0.0,0.0,0.0515815530323839
adult,xgboost,lime,241,1,0.2144387666053612,0.0164424707113934,0.014322273888358,0.1270312011886153,0.0118830745789571,0.0,0.057532436391432
adult,xgboost,lime,242,0,0.2144387666053612,0.0763298389743832,0.0961825679776472,0.0858211980728069,0.0118825452889604,0.2188782217341703,0.2416873731665485
adult,xgboost,lime,243,0,0.2144387666053612,0.0793019297999867,0.0,0.1016899442547054,0.0071226330517446,0.2144312820031188,0.2038954370201787
adult,xgboost,lime,244,1,0.2144387666053612,0.0365267168395337,0.123287220547243,0.1258976492556839,0.0128636237386608,0.0,0.0440919893405893
adult,xgboost,lime,245,0,0.2144387666053612,0.0,0.0989026504815469,0.0800119293594528,0.0,0.2076177051197866,0.1893905319406132
adult,xgboost,lime,246,1,0.2144387666053612,0.0419960871128919,0.1223497824027983,0.1226054993597064,0.0,0.1968826972105192,-0.1416226468593809
adult,xgboost,lime,247,0,0.2144387666053612,0.0774260335851595,0.0965162976564815,0.0908164468472617,0.0,0.2151197732697772,0.2370977506953492
adult,xgboost,lime,248,1,0.2144387666053612,0.0440871621445408,0.0216485058739526,0.1257386108056107,0.0118906088671224,0.0,0.0543777974237935
adult,xgboost,lime,249,0,0.2144387666053612,0.0,0.1027777059738605,0.0976256238185358,0.0,0.2057514377980357,0.2144035960021837
adult,xgboost,lime,250,1,0.2144387666053612,0.0071678743121365,0.0378146579164007,0.1233112548681654,0.0109978388373315,0.1984585664964665,-0.1418031419806672
adult,xgboost,lime,251,0,0.2144387666053612,0.0,0.1061090055667752,0.0,0.0120422865819329,0.2053108827639029,0.1190320987424321
adult,xgboost,lime,252,1,0.2144387666053612,0.0335253901100395,0.0396912626061308,0.1260897670261465,0.0092454131098529,0.0,0.0502324437331017
adult,xgboost,lime,253,1,0.2144387666053612,0.0396401289743533,0.0156646332957741,0.1343759923805393,0.0140976220734863,0.0,0.0456017708657733
adult,xgboost,lime,254,0,0.2144387666053612,0.0,0.0,0.0842932150944885,0.0117022166392636,0.2069985230683729,0.1535526295882164
adult,xgboost,lime,255,1,0.2144387666053612,0.0409000073933179,0.0,0.1238705713349219,0.0092477877919835,0.0,0.1061352643294678
adult,xgboost,lime,256,1,0.2144387666053612,0.0097996161719083,0.0,0.1223759807636926,0.0070054549728349,0.0,0.121801950360485
adult,xgboost,lime,257,1,0.2144387666053612,0.0118323619371383,0.0,0.122894182841422,0.0101785318115565,0.0,0.1148857049709407
adult,xgboost,lime,258,1,0.2144387666053612,0.0305505502436554,0.1332885333118906,0.0,0.0207394066895611,0.0,0.1181859706409695
adult,xgboost,lime,259,0,0.2144387666053612,0.0,0.0,0.0942197702860607,0.011625940829922,0.2040069111562457,0.1548869453147219
adult,xgboost,lime,260,1,0.2144387666053612,0.0,0.0192373542075387,0.1212732755626814,0.00828400675245,0.0,0.1025956159147875
adult,xgboost,lime,261,1,0.2144387666053612,0.0312457747632065,0.127537583272558,0.0,0.0142119927635459,0.0,0.1296778792623408
adult,xgboost,lime,262,1,0.2144387666053612,0.0386772312084129,0.1256462197241781,0.1279773792818261,0.0108680581275806,0.0,0.0409938026011589
adult,xgboost,lime,263,0,0.2144387666053612,0.0,0.0957720485288542,0.0950783810613219,0.0176559725747432,0.2103306734700431,0.2158853422016604
adult,xgboost,lime,264,0,0.2144387666053612,0.0,0.1064755437029902,0.0,0.0,0.2003834085398509,0.1032330013829855
adult,xgboost,lime,265,0,0.2144387666053612,0.0,0.1028742815410115,0.0,0.0,0.1966026630149868,0.0993894079581825
adult,xgboost,lime,266,1,0.2144387666053612,0.0137560245614532,0.0396709592188858,0.1327269430239872,0.0,0.0,0.0645935666170536
adult,xgboost,lime,267,1,0.2144387666053612,0.0079723952149172,0.1263892355525284,0.0,0.0111028623245804,0.0,0.1569038524211086
adult,xgboost,lime,268,1,0.2144387666053612,0.0344432534613588,0.0378153390521705,0.1273680140116693,0.01463334078731,0.0,0.0468155336645615
adult,xgboost,lime,269,0,0.2144387666053612,0.0,0.0,0.092347368085056,0.0146701428756828,0.2090954670249587,0.1666535451395228
adult,xgboost,lime,270,1,0.2144387666053612,0.0433175648737111,0.1261223199211484,0.1277553340740021,0.0108666189898346,0.0,0.0367298976468388
adult,xgboost,lime,271,1,0.2144387666053612,0.041787483198659,0.125752592712992,0.124434485108664,0.0088424428795296,0.0,0.0369001749307995
adult,xgboost,lime,272,1,0.2144387666053612,0.0162472401704108,0.0174410029354318,0.1315938355385124,0.0101046662429541,0.0,0.0567745834390791
adult,xgboost,lime,273,1,0.2144387666053612,0.0441536687634701,0.0,0.1164773220677471,0.0074299360802536,0.0,0.10968512928685
adult,xgboost,lime,274,1,0.2144387666053612,0.0,0.0368744459245935,0.1279671496148664,0.0126205078565619,0.0,0.0802696600206904
adult,xgboost,lime,275,1,0.2144387666053612,0.013603666305956,0.0371711115477456,0.1265577431050598,0.0132080056903721,0.1977857581041115,-0.1453189296584613
adult,xgboost,lime,276,0,0.2144387666053612,0.0,0.0,0.0925385687035631,0.0170892097960711,0.2069722199342889,0.1686226195179373
adult,xgboost,lime,277,1,0.2144387666053612,0.0348532411818481,0.037352618160272,0.1293073095661805,0.0,0.0,0.0582695822703605
adult,xgboost,lime,278,1,0.2144387666053612,0.0355428021897172,0.1227315183739803,0.0,0.0,0.198792984807719,-0.0713937440698054
adult,xgboost,lime,279,1,0.2144387666053612,0.0427935319290713,0.1240276067351513,0.1233190306889283,0.0104875977476062,0.0,0.043331302893145
adult,xgboost,lime,280,1,0.2144387666053612,0.0427567399114467,0.0,0.1189417889688821,0.0118190326379055,0.0,0.111024996696417
adult,xgboost,lime,281,0,0.2144387666053612,0.0,0.1063667065771022,0.0,0.0,0.1994813222205999,0.1018699842318159
adult,xgboost,lime,282,0,0.2144387666053612,0.0,0.0948270446264151,0.0850063195069135,0.0145715294585819,0.2187601962174964,0.2150632249900863
adult,xgboost,lime,283,1,0.2144387666053612,0.0115646988788723,0.039948627164887,0.1318337023136324,0.0120091813977078,0.0,0.0528876862988462
adult,xgboost,lime,284,0,0.2144387666053612,0.0839870547981337,0.0,0.1028108822976181,0.0,0.2070239417974364,0.1954682287741879
adult,xgboost,lime,285,1,0.2144387666053612,0.012689264132286,0.0162707445167599,0.1293335084864517,0.0084342532439333,0.0,0.0610238669924489
adult,xgboost,lime,286,1,0.2144387666053612,0.0079033513385144,0.0,0.1194589264608174,0.0104924971951578,0.0,0.1161817074242168
adult,xgboost,lime,287,1,0.2144387666053612,0.0403636085411373,0.0422293363161092,0.1255915008770539,0.0168223752654517,0.1877220095124037,-0.1535912632514501
adult,xgboost,lime,288,1,0.2144387666053612,0.0356511698665441,0.0339093932624475,0.1200511776636441,0.0096175499883635,0.1975116843836167,-0.1427196746344093
adult,xgboost,lime,289,0,0.2144387666053612,0.0,0.1031432630902303,0.0,0.0,0.2029938504111248,0.1095965937448403
adult,xgboost,lime,290,1,0.2144387666053612,0.0,0.0321456593187034,0.1254149919346808,0.0,0.0,0.0961288109728957
adult,xgboost,lime,291,0,0.2144387666053612,0.0,0.0984631971816524,0.0849066616907496,0.0107017051542037,0.2023328241140446,0.2000937112759174
adult,xgboost,lime,292,0,0.2144387666053612,0.0,0.0955475824762799,0.0910022705409145,0.0105381288195681,0.2078873452297667,0.2088559849056248
adult,xgboost,lime,293,1,0.2144387666053612,0.0417817699986452,0.0,0.117354741115026,0.012008265534896,0.2086255913890434,-0.0982465418744108
adult,xgboost,lime,294,1,0.2144387666053612,0.0146609079496957,0.0,0.12003425216664,0.0105674241651325,0.2044886164822658,-0.0948811368984372
adult,xgboost,lime,295,1,0.2144387666053612,0.0378712878457172,0.0352510904054266,0.1309244807633147,0.0103596677112779,0.0,0.0413058040952124
adult,xgboost,lime,296,0,0.2144387666053612,0.0821405944362744,0.0,0.1032725779680435,0.0,0.2122047683694346,0.1940332867023314
adult,xgboost,lime,297,0,0.2144387666053612,0.0687226673726818,0.0938691141771855,0.0922661640736755,0.0,0.2180408036040192,0.2180232713773704
adult,xgboost,lime,298,1,0.2144387666053612,0.0362368950073376,0.0,0.1130032473277089,0.0060821769229056,0.2000269286181521,-0.0876957261167779
adult,xgboost,lime,299,1,0.2144387666053612,0.0450847329510193,0.0399227365835811,0.1272940672271712,0.0104182482203403,0.0,0.0464511379200035
wine_quality,mlp,lime,0,1,0.2301344090700536,0.0,0.0746887520414288,0.0027627011997478,0.0337717703040668,0.0,0.0101566454540721
wine_quality,mlp,lime,1,0,0.2301344090700536,0.0590662783392162,0.1214116395184805,0.0279383304745,0.0642832285601573,0.1256173311118016,0.0967682563044273
wine_quality,mlp,lime,2,0,0.2301344090700536,0.0,0.1200290592496664,0.0,0.0529962842167071,0.2898330363042504,0.0870676272726598
wine_quality,mlp,lime,3,0,0.2301344090700536,0.0578062648231819,0.0,0.0,0.0652707518575731,0.1230711787186131,0.0409295950813693
wine_quality,mlp,lime,4,1,0.2301344090700536,0.1813981544643594,0.0,0.0159971690494882,0.0345854630490411,0.0,1.9912105528874235e-06
wine_quality,mlp,lime,5,0,0.2301344090700536,0.0525476170999429,0.0,0.0057262052745298,0.0633976027203175,0.1132437258610195,0.0391537848832919
wine_quality,mlp,lime,6,1,0.2301344090700536,0.0,0.0,0.0,0.1973026929319801,0.331599493389974,-0.0380867455986763
wine_quality,mlp,lime,7,1,0.2301344090700536,0.1845891066829209,0.0797107369475132,0.0116040832615141,0.0,0.0,-0.0465375981656997
wine_quality,mlp,lime,8,0,0.2301344090700536,0.0,0.1321934942793536,0.0,0.1414745642627639,0.2831884984710049,0.0850188161840254
wine_quality,mlp,lime,9,1,0.2301344090700536,0.179586884021025,0.0770696035336151,0.0095890003298969,0.0,0.1136283821786919,-0.0740180939863493
wine_quality,mlp,lime,10,1,0.2301344090700536,0.1776652465731442,0.0770775640138044,0.0,0.1859933330309677,0.1217633676750801,-0.1535266845670553
wine_quality,mlp,lime,11,0,0.2301344090700536,0.220241422005977,0.1352741671724013,0.0122417007404007,0.0440221160457289,0.280634446410708,0.1574987072189672
wine_quality,mlp,lime,12,0,0.2301344090700536,0.2268930601525866,0.0,0.0,0.1367434930609461,0.2757093961698886,0.1273126422074353
wine_quality,mlp,lime,13,1,0.2301344090700536,0.1923364760643308,0.0007963583155067,0.0055286713569237,0.0,0.0,-0.0174470874269618
wine_quality,mlp,lime,14,0,0.2301344090700536,0.0587914172244831,0.0,0.0121275014451811,0.0,0.2754681944100187,0.0592530525765113
wine_quality,mlp,lime,15,0,0.2301344090700536,0.0646770755898536,0.0,0.0,0.0523887082869682,0.2834015608970813,0.0747804304144504
wine_quality,mlp,lime,16,0,0.2301344090700536,0.0532694631391599,0.1266378694422315,0.0,0.1375936735244443,0.2893761701744421,0.1439838178862491
wine_quality,mlp,lime,17,1,0.2301344090700536,0.1793343907059431,0.0752962323019666,0.0,0.0239641568841789,0.3369871129477013,-0.1431007787380999
wine_quality,mlp,lime,18,1,0.2301344090700536,0.0791596407276644,0.0059255460243255,0.0058063352181089,0.1856155223918969,0.3351839506057438,-0.1454330052384354
wine_quality,mlp,lime,19,1,0.2301344090700536,0.1769728887088897,0.076650410952374,0.0120503348232978,0.2019159770118151,0.1265896511450516,-0.1622865411059478
wine_quality,mlp,lime,20,1,0.2301344090700536,0.0803177547683008,0.0696608238986211,0.0051027713093485,0.0,0.1171578973154762,-0.0400502879896003
wine_quality,mlp,lime,21,1,0.2301344090700536,0.191655319817653,0.0,0.0044739532309232,0.1822580818332115,0.1224501706224887,-0.1396979261993454
wine_quality,mlp,lime,22,1,0.2301344090700536,0.0,0.0745232255069826,0.0119958449955977,0.0,0.3471474561147897,-0.0777107090900004
wine_quality,mlp,lime,23,1,0.2301344090700536,0.181574400008366,0.0565181189936074,0.0164650660164936,0.1865545629065666,0.1186101939311229,-0.1490017610676219
wine_quality,mlp,lime,24,0,0.2301344090700536,0.2212617338391574,0.1207081653946813,0.0,0.1360157005583172,0.2818028282597213,0.1771533232609012
wine_quality,mlp,lime,25,1,0.2301344090700536,0.1778700446358208,0.0,0.0066492583074492,0.196824902116465,0.0,-0.0720401138953482
wine_quality,mlp,lime,26,1,0.2301344090700536,0.1786121958571782,0.0,0.00372602145529,0.1922712492477179,0.1208051086200013,-0.1380535526621252
wine_quality,mlp,lime,27,0,0.2301344090700536,0.0,0.1227064689635808,0.0031305164135838,0.1381132991881067,0.1223378828923462,0.0406125712965267
wine_quality,mlp,lime,28,1,0.2301344090700536,0.1749163545862461,0.0801500665599452,0.0,0.2004772838945733,0.1249200797186992,-0.1564004477653387
wine_quality,mlp,lime,29,1,0.2301344090700536,0.0720000010588919,0.0161483515998121,0.0043353905060007,0.1864312771279579,0.3318630555089066,-0.1459378251235206
wine_quality,mlp,lime,30,1,0.2301344090700536,0.1758289008298104,0.0405006883381962,0.0137700183907799,0.0,0.3448088233468323,-0.1233027861908564
wine_quality,mlp,lime,31,0,0.2301344090700536,0.230117207827806,0.0034531930662576,0.0,0.0,0.1178873198059928,0.0717988649669699
wine_quality,mlp,lime,32,1,0.2301344090700536,0.1902655047947871,0.0720122614242246,0.0002093983829403,0.0,0.3339301645171058,-0.1119765889528777
wine_quality,mlp,lime,33,0,0.2301344090700536,0.0558649218509741,0.0,0.0,0.0625463844394534,0.2831561072662732,0.0791967074350763
wine_quality,mlp,lime,34,1,0.2301344090700536,0.0,0.0818607662786765,0.0,0.0,0.3369625131988193,-0.0291564972571192
wine_quality,mlp,lime,35,1,0.2301344090700536,0.0868525043789673,0.040769936763016,0.0045529595957739,0.1969771544312309,0.1209953155315107,-0.1283713199007696
wine_quality,mlp,lime,36,0,0.2301344090700536,0.2286503857371186,0.0,0.0607861740075245,0.0654155941718489,0.0,-0.0121982506526702
wine_quality,mlp,lime,37,1,0.2301344090700536,0.0825522593135603,0.0523995911190813,0.0093384618870087,0.1839068125172847,0.3318220986824116,-0.1600784939493132
wine_quality,mlp,lime,38,0,0.2301344090700536,0.0609814221692892,0.1388391579655657,0.0,0.0643644515146817,0.1095033061698702,0.084304752510201
wine_quality,mlp,lime,39,0,0.2301344090700536,0.2262440473077866,0.0,0.0002731591033914,0.0,0.2802475997444292,0.0665868891758314
wine_quality,mlp,lime,40,1,0.2301344090700536,0.0,0.0064207058268921,0.0,0.0377767601603232,0.1148235425542077,-0.0322738157762045
wine_quality,mlp,lime,41,0,0.2301344090700536,0.2260009988934135,0.0063891820178646,0.0,0.0,0.0,-0.0060732684491827
wine_quality,mlp,lime,42,1,0.2301344090700536,0.0,0.005149234361947,0.0,0.0342950884870392,0.1121704748584087,-0.0287884780415384
wine_quality,mlp,lime,43,0,0.2301344090700536,0.0487069527983137,0.0,0.0158111368847524,0.0,0.2932345012635504,0.0718198778375871
wine_quality,mlp,lime,44,0,0.2301344090700536,0.0471972868933368,0.0,0.0,0.139669002210023,0.2958086431943354,0.1159183922455036
wine_quality,mlp,lime,45,1,0.2301344090700536,0.1843724313148088,0.0019969927078622,0.0,0.2006464234920975,0.110515788285531,-0.1299351524368659
wine_quality,mlp,lime,46,1,0.2301344090700536,0.1899538732815877,0.0,0.0045177355885797,0.035558322134835,0.0,0.0016566687618984
wine_quality,mlp,lime,47,1,0.2301344090700536,0.0,0.0424007639168357,0.0,0.193312862855691,0.3341490562126856,-0.1211261977465766
wine_quality,mlp,lime,48,0,0.2301344090700536,0.2275247204991893,0.0,0.0225866808337863,0.0556898762347757,0.275043617361403,0.1283988838562596
wine_quality,mlp,lime,49,1,0.2301344090700536,0.1802053989996181,0.0457535785315224,0.0,0.19273293831011,0.3292986467506232,-0.1756855503280311
wine_quality,mlp,lime,50,0,0.2301344090700536,0.0578298198162704,0.007107337743626,0.0,0.1502833644653432,0.2804224866971898,0.1116469937706718
wine_quality,mlp,lime,51,1,0.2301344090700536,0.0815108958957465,0.0703395629420529,0.01833406339208,0.0,0.3431586425830163,-0.1061128258646055
wine_quality,mlp,lime,52,1,0.2301344090700536,0.0,0.0,0.002270091666743,0.025840051803805,0.1119713909913655,-0.030770373186295
wine_quality,mlp,lime,53,0,0.2301344090700536,0.0496041348021774,0.0029267262964253,0.0087163975517237,0.0626399187925381,0.2833518582641908,0.0919023261615528
wine_quality,mlp,lime,54,0,0.2301344090700536,0.2192675329675566,0.1313817031750238,0.0,0.1478203351445107,0.2822109695654466,0.1787672551696217
wine_quality,mlp,lime,55,1,0.2301344090700536,0.0,0.003675057851716,0.01182526378704,0.1934164215737527,0.1101697913331097,-0.0844654339731684
wine_quality,mlp,lime,56,0,0.2301344090700536,0.0,0.0,0.0,0.0529523649832848,0.1144860468783059,-0.0300572753685097
wine_quality,mlp,lime,57,1,0.2301344090700536,0.0789542296637133,0.060155001933498,0.0,0.0384219985902438,0.1306616915098267,-0.0870289349313828
wine_quality,mlp,lime,58,1,0.2301344090700536,0.1780889273588337,0.0543269509606856,0.0,0.0282661872321584,0.3360824442981013,-0.1451124372190247
wine_quality,mlp,lime,59,1,0.2301344090700536,0.1883587116316481,0.0436852758865166,0.0052678651349412,0.1856747345133887,0.0,-0.0407742412517294
wine_quality,mlp,lime,60,0,0.2301344090700536,0.2445476228672896,0.0,0.019482964426298,0.0503463521427854,0.114016253911321,0.0862570624625009
wine_quality,mlp,lime,61,0,0.2301344090700536,0.0613069851801563,0.0,0.0,0.0663562038201851,0.112330347978696,0.0521772846775623
wine_quality,mlp,lime,62,0,0.2301344090700536,0.2222975563596131,0.1294966735649143,0.0033760512761648,0.0,0.0,0.0420735401298199
wine_quality,mlp,lime,63,1,0.2301344090700536,0.0902551358621755,0.0462417904913576,0.0,0.017362664566011,0.1116770759664263,-0.074310836234702
wine_quality,mlp,lime,64,0,0.2301344090700536,0.0470062509834726,0.0,0.0,0.0681885153097824,0.0,-0.0351933075338596
wine_quality,mlp,lime,65,0,0.2301344090700536,0.2209394960321451,0.0,0.0208284063858386,0.1553301022958801,0.0,-0.0005287900519668
wine_quality,mlp,lime,66,0,0.2301344090700536,0.0429309755167193,0.1233841858480065,0.0217999166605556,0.0635647319257606,0.2777271969536126,0.1210155714930573
wine_quality,mlp,lime,67,0,0.2301344090700536,0.2348562765299562,0.0,0.0049081462668263,0.0,0.1155736870388402,0.0651614328525658
wine_quality,mlp,lime,68,0,0.2301344090700536,0.057350939778726,0.0,0.0232003670204009,0.0597523567561866,0.107516263445435,0.0310959903251996
wine_quality,mlp,lime,69,0,0.2301344090700536,0.0,0.0,0.0,0.1421181853588332,0.1150915491709531,0.0043805074637953
wine_quality,mlp,lime,70,1,0.2301344090700536,0.0836481838131196,0.0464347699307312,0.0,0.1952392023343452,0.115677955718131,-0.1176846482655968
wine_quality,mlp,lime,71,0,0.2301344090700536,0.0,0.1345383690820924,0.0,0.0515060649966719,0.1145746477253576,0.049779094220458
wine_quality,mlp,lime,72,0,0.2301344090700536,0.0654332341411978,0.0,0.0,0.1308365643559099,0.2904995111860679,0.1039729528285482
wine_quality,mlp,lime,73,0,0.2301344090700536,0.2248714623376679,0.1245052505116241,0.0,0.0,0.2872054078569829,0.0955641006850648
wine_quality,mlp,lime,74,0,0.2301344090700536,0.0734458406298456,0.128222005456594,0.0010096071157857,0.1459157313816157,0.1169354943732722,0.0921798755888128
wine_quality,mlp,lime,75,1,0.2301344090700536,0.0836842465926765,0.0,0.0,0.1908744293029765,0.1051784067533305,-0.0979401913727052
wine_quality,mlp,lime,76,1,0.2301344090700536,0.1871035448834956,0.0,0.0142213158835241,0.0,0.1102982358036853,-0.0511202186707119
wine_quality,mlp,lime,77,1,0.2301344090700536,0.1821606777505925,0.0448087450433615,0.0147550400473332,0.0256565567531109,0.1088505679964518,-0.0985809253267429
wine_quality,mlp,lime,78,0,0.2301344090700536,0.2362227846325138,0.0,0.0,0.0498111247243743,0.1132322810470124,0.0861167137528023
wine_quality,mlp,lime,79,1,0.2301344090700536,0.18041615326459,0.0789806954999397,0.0126004738258672,0.0,0.1170912893829285,-0.0760830905543547
wine_quality,mlp,lime,80,0,0.2301344090700536,0.2305550987495884,0.0,0.0,0.1541209158295378,0.1204435501766733,0.1017692288481847
wine_quality,mlp,lime,81,0,0.2301344090700536,0.0,0.0,0.0,0.1445085887649411,0.2796401761669104,0.0516365624816137
wine_quality,mlp,lime,82,1,0.2301344090700536,0.0781990797312406,0.0415429450636258,0.0067963259064896,0.0,0.1242584301160707,-0.0595118497594749
wine_quality,mlp,lime,83,1,0.2301344090700536,0.086537994995629,0.0844623766459938,0.0100649945742349,0.0,0.1106676632020736,-0.0677285889519894
wine_quality,mlp,lime,84,1,0.2301344090700536,0.0,0.0473032758660716,0.0,0.0,0.3475058447607811,0.0041458741743043
wine_quality,mlp,lime,85,1,0.2301344090700536,0.093139411783574,0.0127405303719175,0.0,0.0248703152084493,0.3376415391682282,-0.1070444329570249
wine_quality,mlp,lime,86,0,0.2301344090700536,0.0482284043534348,0.1285896589239481,0.0,0.151664770934237,0.1230220327215769,0.1056580367553573
wine_quality,mlp,lime,87,1,0.2301344090700536,0.1787990586989148,0.0744802376426988,0.0058286880319347,0.1811359464568873,0.3289844539951587,-0.1902513450603208
wine_quality,mlp,lime,88,1,0.2301344090700536,0.0929439171576181,0.0,0.0049080439395014,0.1877427748233296,0.1159316118164336,-0.0763543226232043
wine_quality,mlp,lime,89,1,0.2301344090700536,0.1832116519508052,0.0472446069229901,0.0104099263215952,0.0,0.3400966473705509,-0.1009668460132581
wine_quality,mlp,lime,90,0,0.2301344090700536,0.0504334672589957,0.1293548292305602,0.0,0.1407977894794119,0.2802561127211564,0.1363243324916144
wine_quality,mlp,lime,91,1,0.2301344090700536,0.0732869586155132,0.0111713025785139,0.0027846950076984,0.2068725161917823,0.0,-0.0524386310115831
wine_quality,mlp,lime,92,1,0.2301344090700536,0.1837424508567208,0.0786506073831229,0.0,0.0354377276119844,0.3405252967437762,-0.155092532050725
wine_quality,mlp,lime,93,0,0.2301344090700536,0.0,0.1332590525718648,0.0,0.0538777435375025,0.285733427274958,0.08103525424896
wine_quality,mlp,lime,94,1,0.2301344090700536,0.0688409372777156,0.0006053206244018,0.0,0.0280855264049685,0.3454257124055829,-0.1004065195604918
wine_quality,mlp,lime,95,1,0.2301344090700536,0.0708204304259224,0.0816884486935913,0.0090150184717505,0.0320838981313631,0.3381961166895931,-0.1277708762835832
wine_quality,mlp,lime,96,0,0.2301344090700536,0.2264581319175484,0.1176495607007432,0.0033007825005021,0.1375030291802303,0.1092618663209798,0.1402224854616954
wine_quality,mlp,lime,97,0,0.2301344090700536,0.0460606436580201,0.0,0.0,0.1545209826433203,0.1184460180187792,0.0483350679903631
wine_quality,mlp,lime,98,1,0.2301344090700536,0.0,0.0,0.0041429649714532,0.1835047878188239,0.3375321052598123,-0.0443590409373638
wine_quality,mlp,lime,99,1,0.2301344090700536,0.0828986132836871,0.0676382008367627,0.0118641146057477,0.0,0.3301975514818281,-0.0777097276266001
wine_quality,mlp,lime,100,1,0.2301344090700536,0.0,0.0796574685954854,0.0,0.0,0.3410724574930176,-0.0237477540091401
wine_quality,mlp,lime,101,0,0.2301344090700536,0.2302892202502826,0.0,0.0163198025954747,0.1439955124693718,0.0,-0.006634578057897
wine_quality,mlp,lime,102,1,0.2301344090700536,0.0,0.0,0.0,0.0,0.3434338471610926,-0.0125849706763822
wine_quality,mlp,lime,103,0,0.2301344090700536,0.2365630273532782,0.1214473886346914,0.0,0.0,0.0,0.0389369909292285
wine_quality,mlp,lime,104,1,0.2301344090700536,0.2505657779897466,0.0435615104948451,0.0,0.0216577865056527,0.3332737966078712,-0.0882892996952633
wine_quality,mlp,lime,105,1,0.2301344090700536,0.1770810936294216,0.0478968196201782,0.0045412910511696,0.187969373260546,0.0,-0.0423751224207915
wine_quality,mlp,lime,106,0,0.2301344090700536,0.0560683142362137,0.0,0.0054752025925403,0.1573440405416158,0.1197045522507433,0.0569197886764258
wine_quality,mlp,lime,107,1,0.2301344090700536,0.0,0.070615251893327,0.0070447925994065,0.19544041521083,0.0,-0.0369574631438298
wine_quality,mlp,lime,108,0,0.2301344090700536,0.0715022836767943,0.0,0.0,0.0574128312432831,0.1254069546650942,0.0555337465588308
wine_quality,mlp,lime,109,0,0.2301344090700536,0.2182791988878352,0.1318195122063661,0.0,0.1290912886397321,0.2800125878814357,0.1701612746570188
wine_quality,mlp,lime,110,1,0.2301344090700536,0.0,0.0,0.0,0.1944122067200635,0.3433647963359167,-0.0802488040624572
wine_quality,mlp,lime,111,1,0.2301344090700536,0.0784148328291431,0.068962095680848,0.0143860268187467,0.1870960028092572,0.0,-0.0225998044922513
wine_quality,mlp,lime,112,0,0.2301344090700536,0.0,0.0,0.0151852088197018,0.1487866771310229,0.0,-0.0160316077496379
wine_quality,mlp,lime,113,0,0.2301344090700536,0.0521778885573828,0.0,0.0,0.0550146286256655,0.2834264058055364,0.0760795800072561
wine_quality,mlp,lime,114,0,0.2301344090700536,0.0,0.124562015729295,0.0,0.1414360222451045,0.279206003597568,0.0834633105414041
wine_quality,mlp,lime,115,0,0.2301344090700536,0.0,0.1245703741993036,0.0020165087782903,0.0545169272179441,0.2875015787130183,0.0912059162138493
wine_quality,mlp,lime,116,1,0.2301344090700536,0.1866548805120207,0.0444799883024141,0.0010978295600259,0.1928595678559084,0.1233824577270586,-0.149697842847489
wine_quality,mlp,lime,117,1,0.2301344090700536,0.1788536939064758,0.0933707625757618,0.0066002232459413,0.19540651660758,0.0,-0.1092818750622398
wine_quality,mlp,lime,118,0,0.2301344090700536,0.0,0.0,0.0025836287099885,0.0753714960519247,0.11287821458689,-0.0203943636735245
wine_quality,mlp,lime,119,0,0.2301344090700536,0.0573824805340336,0.0,0.0,0.1441553133348771,0.274661390276903,0.1118493275583489
