app_id,model_name,dataset,instance_id,row_idx,calculation_mode,decision_boundary,n_selected_features,prob_correct,pred_time,reward,decision_noise,memory_recall_threshold,opportunity_cost
adult,xgboost,adult/xgboost,84,0,retrieve,1.0,6,0.31298084241532365,18.688378549800838,0.09261524038943701,0.31829593153367347,0.3532843338729592,0.01114947460372945
adult,xgboost,adult/xgboost,84,0,read,1.0,6,0.05434374170150801,19.659650123060594,-0.17685102806376263,0.31829593153367347,0.3532843338729592,0.01114947460372945
adult,xgboost,adult/xgboost,90,1,retrieve,1.0,6,0.709732297904486,20.64026008760176,0.35334606196095597,0.35922135109457415,0.16098373623832352,0.016685169396213024
adult,xgboost,adult/xgboost,90,1,read,1.0,6,0.9999251965156808,15.13113915284787,0.7354595765927429,0.35922135109457415,0.16098373623832352,0.016685169396213024
adult,xgboost,adult/xgboost,67,2,retrieve,1.0,6,0.6256038213297044,21.517222229565107,0.43977979970139036,0.40438202667205897,-0.6789692923104093,0.008078367169042675
adult,xgboost,adult/xgboost,67,2,read,1.0,6,0.9878305815575672,16.214124979398896,0.8448469266492364,0.40438202667205897,-0.6789692923104093,0.008078367169042675
adult,xgboost,adult/xgboost,66,3,retrieve,1.0,6,0.9975853859773619,18.969452437016727,0.7483811591250891,0.4012507081406175,-0.7453142055224684,0.012504537368163338
adult,xgboost,adult/xgboost,66,3,read,1.0,6,0.9782464992820199,16.621856012067866,0.7583978796508868,0.4012507081406175,-0.7453142055224684,0.012504537368163338
adult,xgboost,adult/xgboost,114,4,retrieve,1.0,6,0.6579577483906054,18.23526662206464,0.33854697900304487,0.49284826753601274,0.7872128426291507,0.01685803535307754
adult,xgboost,adult/xgboost,114,4,read,1.0,6,0.43895516340276525,17.596393010243744,0.1303145479494297,0.49284826753601274,0.7872128426291507,0.01685803535307754
adult,xgboost,adult/xgboost,48,5,retrieve,1.0,6,0.5937479881414642,21.665693143018277,0.16636994480563977,0.4252893224514696,1.9083676806333028,0.019172155748438592
adult,xgboost,adult/xgboost,48,5,read,1.0,6,0.9932942938423904,15.682704532846522,0.6806230399819131,0.4252893224514696,1.9083676806333028,0.019172155748438592
adult,xgboost,adult/xgboost,44,6,retrieve,1.0,6,0.5418647625285054,20.872515150983705,0.34227911221994267,0.3453025432365231,0.3829873530766048,0.008987208726482676
adult,xgboost,adult/xgboost,44,6,read,1.0,6,0.014542616600910274,17.362857001716918,-0.15350100336159087,0.3453025432365231,0.3829873530766048,0.008987208726482676
adult,xgboost,adult/xgboost,79,7,retrieve,1.0,6,0.6532637567699261,22.393297938510003,0.46882762934548705,0.3545680207590079,-0.2743213704805382,0.007700345339839325
adult,xgboost,adult/xgboost,79,7,read,1.0,6,0.9962330671275619,16.330673942665012,0.8584812381367258,0.3545680207590079,-0.2743213704805382,0.007700345339839325
adult,xgboost,adult/xgboost,76,8,retrieve,1.0,6,0.6249996993167064,21.393260930811614,0.49139500439654393,0.39348011783789383,1.277449989452239,0.005684252406093988
adult,xgboost,adult/xgboost,76,8,read,1.0,6,0.007269268575193986,16.089054417380495,-0.0961849777085782,0.39348011783789383,1.277449989452239,0.005684252406093988
adult,xgboost,adult/xgboost,27,9,retrieve,1.0,6,0.6281768974084021,19.339986330549017,0.24942661439083552,0.3436812139930354,0.832463575562806,0.018963316558205417
adult,xgboost,adult/xgboost,27,9,read,1.0,6,0.9998863232217896,15.363959005788686,0.6965347050077277,0.3436812139930354,0.832463575562806,0.018963316558205417
adult,xgboost,adult/xgboost,10,10,retrieve,1.0,6,0.3756064228382393,18.40841208565085,0.04531209352234224,0.34727415332330813,0.2752220746413321,0.017290699916697537
adult,xgboost,adult/xgboost,10,10,read,1.0,6,0.008578338680153445,16.93150731316387,-0.2961792734091328,0.34727415332330813,0.2752220746413321,0.017290699916697537
adult,xgboost,adult/xgboost,77,11,retrieve,1.0,6,0.4687500002173395,25.100019960632938,0.1190768053152473,0.32044557253709205,1.7191868947789493,0.01345310463623939
adult,xgboost,adult/xgboost,77,11,read,1.0,6,0.9995097662176529,16.053480807533145,0.7715406091380487,0.32044557253709205,1.7191868947789493,0.01345310463623939
adult,xgboost,adult/xgboost,38,12,retrieve,1.0,6,0.4375001886844412,22.989138864488535,0.1407492519299925,0.3862797036683295,1.8504932711429372,0.012386324621941591
adult,xgboost,adult/xgboost,38,12,read,1.0,6,0.06277848974770106,17.835731074351074,-0.1701406652088624,0.3862797036683295,1.8504932711429372,0.012386324621941591
adult,xgboost,adult/xgboost,63,13,retrieve,1.0,6,0.43751663849397326,20.16371800449368,0.3575671962657405,0.4734018330014122,1.63863192755738,0.0033698865562933156
adult,xgboost,adult/xgboost,63,13,read,1.0,6,0.32242381108405105,17.76773713219214,0.2505485525865232,0.4734018330014122,1.63863192755738,0.0033698865562933156
adult,xgboost,adult/xgboost,37,14,retrieve,1.0,6,0.8121071366460874,18.472938147005724,0.5809631381168247,0.3868287890926811,-0.3652165347902546,0.011862974735547614
adult,xgboost,adult/xgboost,37,14,read,1.0,6,0.9952301795877905,15.978758113403819,0.7936745757830546,0.3868287890926811,-0.3652165347902546,0.011862974735547614
adult,xgboost,adult/xgboost,104,15,retrieve,1.0,6,0.34314951550037165,18.54305928735647,0.004531867283384849,0.3551082403060357,0.792159675363709,0.017614010889761327
adult,xgboost,adult/xgboost,104,15,read,1.0,6,0.0061293305399198195,16.578648501270376,-0.2978871646989819,0.3551082403060357,0.792159675363709,0.017614010889761327
adult,xgboost,adult/xgboost,45,16,retrieve,1.0,6,0.0468558735053409,22.806994016773345,-0.09572548943501628,0.3045051759187405,-0.49216991072005367,0.005725496435186568
adult,xgboost,adult/xgboost,45,16,read,1.0,6,0.8689015174249107,21.914436185975198,0.7314304911629862,0.3045051759187405,-0.49216991072005367,0.005725496435186568
adult,xgboost,adult/xgboost,101,17,retrieve,1.0,6,0.9333367743648867,20.138496119035253,0.6400683758943682,0.3253298029304275,-0.9452598726505711,0.013966703213983238
adult,xgboost,adult/xgboost,101,17,read,1.0,6,0.839537304031374,21.254558052896016,0.530681199762198,0.3253298029304275,-0.9452598726505711,0.013966703213983238
adult,xgboost,adult/xgboost,68,18,retrieve,1.0,6,0.34177092618706173,18.66533567017256,0.04626524832148905,0.36024275590797944,0.9004396219777746,0.015188887190419957
adult,xgboost,adult/xgboost,68,18,read,1.0,6,0.0002633525132900161,15.36892144245055,-0.24517346151451777,0.36024275590797944,0.9004396219777746,0.015188887190419957
adult,xgboost,adult/xgboost,20,19,retrieve,1.0,6,0.4687502562024486,22.226909883960474,0.19230796562638153,0.40153349306908576,1.645559827147566,0.011897393382914448
adult,xgboost,adult/xgboost,20,19,read,1.0,6,0.7113048815594979,19.313657801806023,0.46952269702841687,0.40153349306908576,1.645559827147566,0.011897393382914448
adult,xgboost,adult/xgboost,106,20,retrieve,1.0,6,0.635520738858415,19.976377337758656,0.5776881267447377,0.4054888060984203,-0.04047137171398696,0.00229434052725096
adult,xgboost,adult/xgboost,106,20,read,1.0,6,0.9951920541032798,15.759079699048979,0.9470353588775738,0.4054888060984203,-0.04047137171398696,0.00229434052725096
adult,xgboost,adult/xgboost,103,21,retrieve,1.0,6,0.2972177930284534,19.614573311061726,0.20267291502586987,0.3896450502020786,0.3446027200533788,0.004208344310810573
adult,xgboost,adult/xgboost,103,21,read,1.0,6,0.37770304545077865,19.953091468008445,0.28173356648830233,0.3896450502020786,0.3446027200533788,0.004208344310810573
adult,xgboost,adult/xgboost,108,22,retrieve,1.0,6,0.742517457145293,19.2020853553576,0.5227540620969287,0.4226492022075932,0.32187165333734513,0.010819834992057051
adult,xgboost,adult/xgboost,108,22,read,1.0,6,0.8866188778667783,17.709401713689246,0.6830060735166082,0.4226492022075932,0.32187165333734513,0.010819834992057051
adult,xgboost,adult/xgboost,115,23,retrieve,1.0,6,0.8875900403470851,20.684981442202357,0.8707391684278005,0.4006518286853702,-0.5539306073424377,0.00023451178493144153
adult,xgboost,adult/xgboost,115,23,read,1.0,6,0.9968037261531059,15.655779894320364,0.981132261265595,0.4006518286853702,-0.5539306073424377,0.00023451178493144153
adult,xgboost,adult/xgboost,13,24,retrieve,1.0,6,0.6250805066930951,19.216404122921812,0.3440297928256358,0.3213009063028115,1.0077516573258807,0.014001095738121413
adult,xgboost,adult/xgboost,13,24,read,1.0,6,0.9995431343842325,16.016779861026084,0.7632906661335913,0.3213009063028115,1.0077516573258807,0.014001095738121413
adult,xgboost,adult/xgboost,5,25,retrieve,1.0,6,0.3847343499443292,20.838125631056563,-0.03090263983322793,0.46500333245417685,-0.28944004754099506,0.019370119795035105
adult,xgboost,adult/xgboost,5,25,read,1.0,6,0.8914858760101491,16.9387743898266,0.5513797868981352,0.46500333245417685,-0.28944004754099506,0.019370119795035105
adult,xgboost,adult/xgboost,4,26,retrieve,1.0,6,0.5000000000001412,20.445886747590095,0.21012662418722078,0.4844268260300537,1.602414767943937,0.013590673725397245
adult,xgboost,adult/xgboost,4,26,read,1.0,6,0.8157987219914153,17.117184058639726,0.5711646583528718,0.4844268260300537,1.602414767943937,0.013590673725397245
adult,xgboost,adult/xgboost,16,27,retrieve,1.0,6,0.7213433537343932,19.90107800860656,0.6850874923339438,0.48253203803131284,-0.9247639632501564,0.0012188214824322308
adult,xgboost,adult/xgboost,16,27,read,1.0,6,0.9869272419165793,15.434547790556696,0.9561152834978219,0.48253203803131284,-0.9247639632501564,0.0012188214824322308
adult,xgboost,adult/xgboost,0,28,retrieve,1.0,6,0.005323010576918607,19.856730016587374,-0.3075940402189831,0.32797488887919574,-0.278034361604091,0.015154411151510335
adult,xgboost,adult/xgboost,0,28,read,1.0,6,0.09210938200596061,20.12885591381811,-0.22493157652154935,0.32797488887919574,-0.278034361604091,0.015154411151510335
adult,xgboost,adult/xgboost,49,29,retrieve,1.0,6,0.7187036043438644,19.51537333848859,0.5253478081621293,0.4713053900815438,1.3640330871859203,0.00929297088178486
adult,xgboost,adult/xgboost,49,29,read,1.0,6,0.8932645727441029,16.833321473053683,0.7248330064512911,0.4713053900815438,1.3640330871859203,0.00929297088178486
adult,xgboost,adult/xgboost,118,30,retrieve,1.0,6,0.6647631156260966,20.59467410918711,0.40721626580562975,0.3851675769740272,-0.33460788989493806,0.011922832501191678
adult,xgboost,adult/xgboost,118,30,read,1.0,6,0.9982634978284011,15.614280182336842,0.8000970505877223,0.3851675769740272,-0.33460788989493806,0.011922832501191678
adult,xgboost,adult/xgboost,1,31,retrieve,1.0,6,0.5937348984222592,21.0170481821607,0.2933555231327056,0.4606130130772072,1.9049856460196066,0.013721212074601917
adult,xgboost,adult/xgboost,1,31,read,1.0,6,0.9383794310257384,16.53504272581912,0.6994986031221705,0.4606130130772072,1.9049856460196066,0.013721212074601917
adult,xgboost,adult/xgboost,50,32,retrieve,1.0,6,0.2639915377466221,19.23578803938868,-0.0040438014453685785,0.35817476945862553,0.3026490894137348,0.013310363925185338
adult,xgboost,adult/xgboost,50,32,read,1.0,6,0.6678086808757405,20.992870052772556,0.37638594063921305,0.35817476945862553,0.3026490894137348,0.013310363925185338
adult,xgboost,adult/xgboost,35,33,retrieve,1.0,6,0.5000000000000011,23.322202408742235,0.393531563273031,0.35144511425944136,1.6296033421325546,0.0040505795752616815
adult,xgboost,adult/xgboost,35,33,read,1.0,6,0.791980704538614,20.57291094837067,0.6966484916474663,0.35144511425944136,1.6296033421325546,0.0040505795752616815
adult,xgboost,adult/xgboost,29,34,retrieve,1.0,6,0.4118425592142535,19.141281526339874,0.3553797546358054,0.4876827455698633,0.5595598093014409,0.0023228750132149646
adult,xgboost,adult/xgboost,29,34,read,1.0,6,0.07378374947433908,16.333348370359957,0.023843422662694572,0.4876827455698633,0.5595598093014409,0.0023228750132149646
adult,xgboost,adult/xgboost,113,35,retrieve,1.0,6,0.8600194007009352,20.337777503820675,0.47367668072311575,0.3198838373298466,-0.3534751361020141,0.018406274722372936
adult,xgboost,adult/xgboost,113,35,read,1.0,6,0.9999519353125947,15.465576430061772,0.7032882868010221,0.3198838373298466,-0.3534751361020141,0.018406274722372936
adult,xgboost,adult/xgboost,100,36,retrieve,1.0,6,0.8735647394442898,18.26709441679617,0.6102389861104953,0.4722204563381407,-0.011984518776113728,0.013758386944269925
adult,xgboost,adult/xgboost,100,36,read,1.0,6,0.9910959963224003,15.36940286845758,0.7676378045557888,0.4722204563381407,-0.011984518776113728,0.013758386944269925
adult,xgboost,adult/xgboost,22,37,retrieve,1.0,6,0.42218413978022223,21.963326888281852,0.14102656592588647,0.4063954582411983,-0.8814948973025901,0.012254863537906913
adult,xgboost,adult/xgboost,22,37,read,1.0,6,0.9528848121992016,17.147802113446645,0.7307408373238813,0.4063954582411983,-0.8814948973025901,0.012254863537906913
adult,xgboost,adult/xgboost,116,38,retrieve,1.0,6,0.40624937370167014,21.18032340899926,0.036910803977554266,0.3874125795973523,1.4305002606297084,0.016871251813477366
adult,xgboost,adult/xgboost,116,38,read,1.0,6,0.0048770769859252106,15.981139060735451,-0.27674474437394175,0.3874125795973523,1.4305002606297084,0.016871251813477366
adult,xgboost,adult/xgboost,30,39,retrieve,1.0,6,0.517724320861816,18.807019489582295,0.16294386032011,0.30517720013489363,0.47191459135876945,0.018226197975260306
adult,xgboost,adult/xgboost,30,39,read,1.0,6,0.0021993982188902583,16.99499464312927,-0.31955473873527224,0.30517720013489363,0.47191459135876945,0.018226197975260306
forest_cover,xgboost,forest_cover/xgboost,10,0,retrieve,1.0,6,0.3428510893762571,22.081703867363977,-0.09232451801441964,0.37215472235655955,-0.5691310315889586,0.01916408307676457
forest_cover,xgboost,forest_cover/xgboost,10,0,read,1.0,6,0.7760602299220919,19.91500505535796,0.3824074185670256,0.37215472235655955,-0.5691310315889586,0.01916408307676457
forest_cover,xgboost,forest_cover/xgboost,87,1,retrieve,1.0,6,0.5937465685079726,19.387076520456155,0.21046075900125039,0.3507135896503841,1.1802138099817343,0.019151201529274527
forest_cover,xgboost,forest_cover/xgboost,87,1,read,1.0,6,0.3544982870964246,21.395160905283262,-0.06724475115191074,0.3507135896503841,1.1802138099817343,0.019151201529274527
forest_cover,xgboost,forest_cover/xgboost,62,2,retrieve,1.0,6,0.29925229434767653,20.195080973991203,0.26092860556287795,0.4762180843553454,-0.7171115245577556,0.0013034703261997449
forest_cover,xgboost,forest_cover/xgboost,62,2,read,1.0,6,0.5825370433135237,17.869141364763742,0.5472451477898858,0.4762180843553454,-0.7171115245577556,0.0013034703261997449
forest_cover,xgboost,forest_cover/xgboost,91,3,retrieve,1.0,6,0.6473177529883847,22.191752597940756,0.2097756447319084,0.32176246897134114,-0.24220924480598727,0.019175687290960683
forest_cover,xgboost,forest_cover/xgboost,91,3,read,1.0,6,0.2149263448829244,22.001878012485708,-0.2189747876983651,0.32176246897134114,-0.24220924480598727,0.019175687290960683
forest_cover,xgboost,forest_cover/xgboost,96,4,retrieve,1.0,6,0.44652733380416243,20.3637640903676,0.047531124241678005,0.47941012712856945,-0.3040937840508253,0.019004158948469654
forest_cover,xgboost,forest_cover/xgboost,96,4,read,1.0,6,0.810571125799554,17.218127339249257,0.47135509704947026,0.47941012712856945,-0.3040937840508253,0.019004158948469654
forest_cover,xgboost,forest_cover/xgboost,30,5,retrieve,1.0,6,0.4683282437356015,19.925388765529576,0.19473224205826595,0.36047733244546204,0.4793213822243294,0.013128777799803338
forest_cover,xgboost,forest_cover/xgboost,30,5,read,1.0,6,0.9402967290046563,18.4163512193523,0.6865125459626427,0.36047733244546204,0.4793213822243294,0.013128777799803338
forest_cover,xgboost,forest_cover/xgboost,51,6,retrieve,1.0,6,0.47961575052817396,19.09475608570642,0.16691566313195078,0.37340469599050363,0.8259914112333511,0.01574778363476009
forest_cover,xgboost,forest_cover/xgboost,51,6,read,1.0,6,0.7405608030181516,20.079566424255415,0.41235213548918404,0.37340469599050363,0.8259914112333511,0.01574778363476009
forest_cover,xgboost,forest_cover/xgboost,88,7,retrieve,1.0,6,0.48413121367250544,25.830389282419393,0.35324257354961197,0.3012008745578497,-0.6018007381982281,0.004602665442746972
forest_cover,xgboost,forest_cover/xgboost,88,7,read,1.0,6,0.9768042171936892,19.120556990612197,0.8767986902869244,0.3012008745578497,-0.6018007381982281,0.004602665442746972
forest_cover,xgboost,forest_cover/xgboost,36,8,retrieve,1.0,6,0.4389851606369348,18.85162842492349,0.30375102774856977,0.465987569416884,0.5533905516444269,0.006537055054906493
forest_cover,xgboost,forest_cover/xgboost,36,8,read,1.0,6,0.443929242823476,18.085860259136037,0.3137009785941583,0.465987569416884,0.5533905516444269,0.006537055054906493
forest_cover,xgboost,forest_cover/xgboost,72,9,retrieve,1.0,6,0.4375381789683709,20.329783197307613,0.29765281112805264,0.4936063485077363,1.8072696831668789,0.006290542628966884
forest_cover,xgboost,forest_cover/xgboost,72,9,read,1.0,6,0.4538977627609426,17.592637003191644,0.33123052973642536,0.4936063485077363,1.8072696831668789,0.006290542628966884
forest_cover,xgboost,forest_cover/xgboost,0,10,retrieve,1.0,6,0.593749973398424,21.872339904070373,0.37161741344597665,0.3561412551370098,1.6536666897677934,0.009607228164616365
forest_cover,xgboost,forest_cover/xgboost,0,10,read,1.0,6,0.9027686952263196,19.200108420335653,0.7063088728467831,0.3561412551370098,1.6536666897677934,0.009607228164616365
forest_cover,xgboost,forest_cover/xgboost,43,11,retrieve,1.0,6,0.4690438030649462,18.999319712924898,0.0927926957782942,0.4947804056001162,1.386845856131795,0.01917179734803128
forest_cover,xgboost,forest_cover/xgboost,43,11,read,1.0,6,0.652804193772247,17.454337507670974,0.3061731722310376,0.4947804056001162,1.386845856131795,0.01917179734803128
forest_cover,xgboost,forest_cover/xgboost,73,12,retrieve,1.0,6,0.47736258586389035,19.668776834911824,0.42121507934175534,0.3665215895281073,0.4217171358879974,0.002244547634694485
forest_cover,xgboost,forest_cover/xgboost,73,12,read,1.0,6,0.16139015161394832,19.618206163317684,0.10535615337312486,0.3665215895281073,0.4217171358879974,0.002244547634694485
forest_cover,xgboost,forest_cover/xgboost,52,13,retrieve,1.0,6,0.5961207909019601,18.841846718025074,0.3290288580357844,0.4853441336358741,0.45487597811460434,0.013538584443643822
forest_cover,xgboost,forest_cover/xgboost,52,13,read,1.0,6,0.19197953641959975,17.139344827663777,-0.05206293083845627,0.4853441336358741,0.45487597811460434,0.013538584443643822
forest_cover,xgboost,forest_cover/xgboost,35,14,retrieve,1.0,6,0.30611635706923623,23.15063768246871,0.003085735344718687,0.35990300394116553,-0.8830116088613987,0.012571170855691219
forest_cover,xgboost,forest_cover/xgboost,35,14,read,1.0,6,0.8140588245126753,20.06805103116925,0.5497799262591163,0.35990300394116553,-0.8830116088613987,0.012571170855691219
forest_cover,xgboost,forest_cover/xgboost,56,15,retrieve,1.0,6,0.45263292344189665,18.62523107404867,0.29070431586178924,0.4784111632089683,0.8533692788625542,0.008049758254490025
forest_cover,xgboost,forest_cover/xgboost,56,15,read,1.0,6,0.650707420908829,17.733472773807254,0.49595725206709995,0.4784111632089683,0.8533692788625542,0.008049758254490025
forest_cover,xgboost,forest_cover/xgboost,6,16,retrieve,1.0,6,0.4374977981658519,21.21048914972685,0.414362806497785,0.3257884332777636,1.5179918656112648,0.0005249757131702104
forest_cover,xgboost,forest_cover/xgboost,6,16,read,1.0,6,0.38611873107811145,22.756450883898392,0.362172147046114,0.3257884332777636,1.5179918656112648,0.0005249757131702104
forest_cover,xgboost,forest_cover/xgboost,28,17,retrieve,1.0,6,0.6759408663794889,20.660656220764192,0.291243303698868,0.44796178965007605,-0.7206186672967508,0.01803899927951251
forest_cover,xgboost,forest_cover/xgboost,28,17,read,1.0,6,0.31387236831806375,18.243940782841197,-0.027230066319077473,0.44796178965007605,-0.7206186672967508,0.01803899927951251
forest_cover,xgboost,forest_cover/xgboost,24,18,retrieve,1.0,6,0.7817412915251238,22.41594620631017,0.746754452001417,0.3548444526573813,-0.4017137959076905,0.0010254681784182696
forest_cover,xgboost,forest_cover/xgboost,24,18,read,1.0,6,0.2195876052082334,20.524857344706604,0.18654001713466226,0.3548444526573813,-0.4017137959076905,0.0010254681784182696
forest_cover,xgboost,forest_cover/xgboost,77,19,retrieve,1.0,6,0.5342478627899057,18.519823058396646,0.3422601476922572,0.4476435384520391,0.7966509839151326,0.009718651983343025
forest_cover,xgboost,forest_cover/xgboost,77,19,read,1.0,6,0.7428828250276258,18.06955751846967,0.5552710840126197,0.4476435384520391,0.7966509839151326,0.009718651983343025
forest_cover,xgboost,forest_cover/xgboost,31,20,retrieve,1.0,6,0.46874999642649934,24.29162471151212,0.3337959408935445,0.3383332134106652,1.769123861561427,0.0050615822116947705
forest_cover,xgboost,forest_cover/xgboost,31,20,read,1.0,6,0.9273597422564674,19.36361831294694,0.8173491962496081,0.3383332134106652,1.769123861561427,0.0050615822116947705
forest_cover,xgboost,forest_cover/xgboost,21,21,retrieve,1.0,6,0.516147224681362,19.555133520513966,0.47423854511074737,0.4611302080307655,0.3126589542228142,0.001529454122071805
forest_cover,xgboost,forest_cover/xgboost,21,21,read,1.0,6,0.09537304482964493,16.883279677207966,0.05755084313324807,0.4611302080307655,0.3126589542228142,0.001529454122071805
forest_cover,xgboost,forest_cover/xgboost,90,22,retrieve,1.0,6,0.6663905774898836,20.889054141671004,0.5741649378737584,0.39084432318636586,0.12200851399821877,0.003840558747755134
forest_cover,xgboost,forest_cover/xgboost,90,22,read,1.0,6,0.13983678111696518,18.691362584435584,0.05605150503584809,0.39084432318636586,0.12200851399821877,0.003840558747755134
forest_cover,xgboost,forest_cover/xgboost,75,23,retrieve,1.0,6,0.22038993826483644,21.068427887173836,0.06876464173201242,0.30806945086067183,0.28318329157901245,0.006627229012081435
forest_cover,xgboost,forest_cover/xgboost,75,23,read,1.0,6,0.6185049842438066,23.836314253660337,0.44853627088085857,0.30806945086067183,0.28318329157901245,0.006627229012081435
forest_cover,xgboost,forest_cover/xgboost,19,24,retrieve,1.0,6,0.5293858060205335,21.02822782976483,0.19914273024238005,0.35741541702778756,0.06453759673679982,0.015134089204021742
forest_cover,xgboost,forest_cover/xgboost,19,24,read,1.0,6,0.8857905870071148,19.397125301436926,0.5802327623935812,0.35741541702778756,0.06453759673679982,0.015134089204021742
forest_cover,xgboost,forest_cover/xgboost,46,25,retrieve,1.0,6,0.5643979192114856,18.83598042980629,0.5510509631481427,0.43564668989957833,0.6236726544877385,7.150974000861954e-05
forest_cover,xgboost,forest_cover/xgboost,46,25,read,1.0,6,0.8948310030140851,17.38662178238322,0.8815876902107987,0.43564668989957833,0.6236726544877385,7.150974000861954e-05
forest_cover,xgboost,forest_cover/xgboost,18,26,retrieve,1.0,6,0.5102221227863399,18.360465055064708,0.2803881272378663,0.4602300206971907,0.506558347481159,0.01186429618722454
forest_cover,xgboost,forest_cover/xgboost,18,26,read,1.0,6,0.397116836408305,18.153774501930172,0.16973507880132074,0.4602300206971907,0.506558347481159,0.01186429618722454
forest_cover,xgboost,forest_cover/xgboost,114,27,retrieve,1.0,6,0.5312499582346586,22.963810817184743,0.16473427722505252,0.3750476070053122,1.9276683674064659,0.015438016095495253
forest_cover,xgboost,forest_cover/xgboost,114,27,read,1.0,6,0.7550464556246964,19.942874799924237,0.43516803347301936,0.3750476070053122,1.9276683674064659,0.015438016095495253
forest_cover,xgboost,forest_cover/xgboost,33,28,retrieve,1.0,6,0.5116198073164646,20.16775188664702,0.2947671011634847,0.48776979986978847,-0.6129862015134343,0.010157438831276575
forest_cover,xgboost,forest_cover/xgboost,33,28,read,1.0,6,0.33941895673609046,17.55438954047799,0.14911131875828396,0.48776979986978847,-0.6129862015134343,0.010157438831276575
forest_cover,xgboost,forest_cover/xgboost,100,29,retrieve,1.0,6,0.22750011259595032,21.533032146450104,0.19398332044493788,0.43501485152381913,-0.7447755848714093,0.0009992458100964497
forest_cover,xgboost,forest_cover/xgboost,100,29,read,1.0,6,0.6176932719579391,18.685271298998927,0.587022092901899,0.43501485152381913,-0.7447755848714093,0.0009992458100964497
forest_cover,xgboost,forest_cover/xgboost,42,30,retrieve,1.0,6,0.7370531528167438,19.62133780811478,0.6743619860850544,0.34689165043503867,0.348993741715536,0.002583471485350255
forest_cover,xgboost,forest_cover/xgboost,42,30,read,1.0,6,0.5614424758926345,21.768216049269657,0.49320491044240256,0.34689165043503867,0.348993741715536,0.002583471485350255
forest_cover,xgboost,forest_cover/xgboost,119,31,retrieve,1.0,6,0.6561632204821384,19.646669791038263,0.35317695264438576,0.49880316633140553,-0.16965788477071753,0.014810971575981016
forest_cover,xgboost,forest_cover/xgboost,119,31,read,1.0,6,0.404825933418931,17.470198195821762,0.13407532451386006,0.49880316633140553,-0.16965788477071753,0.014810971575981016
forest_cover,xgboost,forest_cover/xgboost,93,32,retrieve,1.0,6,0.6735824339867484,22.63344720919642,0.5468202157713294,0.39332556049590167,-0.6615455934972649,0.005070470138936185
forest_cover,xgboost,forest_cover/xgboost,93,32,read,1.0,6,0.9267249051986625,17.84819034379858,0.8242261890263826,0.39332556049590167,-0.6615455934972649,0.005070470138936185
forest_cover,xgboost,forest_cover/xgboost,79,33,retrieve,1.0,6,0.5000002255320055,20.864775396066392,0.12415360518627523,0.3858497184799133,1.4284215787059544,0.017438319533232348
forest_cover,xgboost,forest_cover/xgboost,79,33,read,1.0,6,0.862260839570637,18.80639099179608,0.5223089841887947,0.3858497184799133,1.4284215787059544,0.017438319533232348
forest_cover,xgboost,forest_cover/xgboost,17,34,retrieve,1.0,6,0.4052106238414456,21.553239262942313,0.19947750279916635,0.38281507029436457,-0.1538082381675504,0.008988584902658945
forest_cover,xgboost,forest_cover/xgboost,17,34,read,1.0,6,0.8659923030018947,18.85361566015008,0.6845249779185354,0.38281507029436457,-0.1538082381675504,0.008988584902658945
forest_cover,xgboost,forest_cover/xgboost,29,35,retrieve,1.0,6,0.5981197334372954,19.94979288672433,0.2672373363603091,0.36690012495277746,0.4670692102821348,0.015984245996317478
forest_cover,xgboost,forest_cover/xgboost,29,35,read,1.0,6,0.3306423306297226,20.63520988091188,-0.011195940292413987,0.36690012495277746,0.4670692102821348,0.015984245996317478
forest_cover,xgboost,forest_cover/xgboost,70,36,retrieve,1.0,6,0.051227578398819994,22.173657420213083,-0.27846238349263974,0.31934874295177196,-0.3850884305986505,0.014327359527159448
forest_cover,xgboost,forest_cover/xgboost,70,36,read,1.0,6,0.5137548159572961,23.3030222186634,0.16788403856112072,0.31934874295177196,-0.3850884305986505,0.014327359527159448
forest_cover,xgboost,forest_cover/xgboost,118,37,retrieve,1.0,6,0.501472323298662,20.9121998018937,0.4647857603571476,0.48455881052479516,-0.9691242903037045,0.0011804861839202064
forest_cover,xgboost,forest_cover/xgboost,118,37,read,1.0,6,0.825335067341338,17.069018530076626,0.7931853267935045,0.48455881052479516,-0.9691242903037045,0.0011804861839202064
forest_cover,xgboost,forest_cover/xgboost,44,38,retrieve,1.0,6,0.30839286358764606,18.477456106968624,0.0824433113669225,0.37933012638145297,0.8706891062674207,0.011578950640290478
forest_cover,xgboost,forest_cover/xgboost,44,38,read,1.0,6,0.44155330651677005,20.41791849990756,0.1931352360288666,0.37933012638145297,0.8706891062674207,0.011578950640290478
forest_cover,xgboost,forest_cover/xgboost,101,39,retrieve,1.0,6,0.30657546311379247,18.194017841734713,0.03948230959518713,0.42673553309567885,1.16012370321927,0.014020715805469574
forest_cover,xgboost,forest_cover/xgboost,101,39,read,1.0,6,0.32883325696054855,18.76972552298284,0.05366826965613737,0.42673553309567885,1.16012370321927,0.014020715805469574
wine_quality,mlp,wine_quality/mlp,303,0,retrieve,1.0,6,0.6135748716513443,20.025642108203133,0.500838385849716,0.4035706762746901,0.1024739927003846,0.005030374819310461
wine_quality,mlp,wine_quality/mlp,303,0,read,1.0,6,0.6605720716795529,19.42267519338576,0.5508687354630992,0.4035706762746901,0.1024739927003846,0.005030374819310461
wine_quality,mlp,wine_quality/mlp,32,1,retrieve,1.0,6,0.5313086094249766,19.52685172153982,0.370052857293599,0.4208437749217155,1.620626195167139,0.00764361578916152
wine_quality,mlp,wine_quality/mlp,32,1,read,1.0,6,0.8549683770772146,18.01883665230459,0.7052393127393369,0.4208437749217155,1.620626195167139,0.00764361578916152
wine_quality,mlp,wine_quality/mlp,267,2,retrieve,1.0,6,0.5624999998493269,24.055283216644753,0.40414141922273356,0.30596480899548556,1.7732497088664294,0.006084259300066037
wine_quality,mlp,wine_quality/mlp,267,2,read,1.0,6,0.9933642458826051,17.70887650255852,0.8736188493281924,0.30596480899548556,1.7732497088664294,0.006084259300066037
wine_quality,mlp,wine_quality/mlp,91,3,retrieve,1.0,6,0.8944134489544586,21.416582615906012,0.6586800842962719,0.32711805095469443,-0.08957471159176023,0.010446735068368044
wine_quality,mlp,wine_quality/mlp,91,3,read,1.0,6,0.9909930872464554,17.404472876709285,0.797173170098876,0.32711805095469443,-0.08957471159176023,0.010446735068368044
wine_quality,mlp,wine_quality/mlp,370,4,retrieve,1.0,6,0.5626418446161288,20.298200079763916,0.3679877417215852,0.3275031446096579,1.2739829953605284,0.008998536923312657
wine_quality,mlp,wine_quality/mlp,370,4,read,1.0,6,0.8786715163006766,20.632574851717422,0.6810085296744852,0.3275031446096579,1.2739829953605284,0.008998536923312657
wine_quality,mlp,wine_quality/mlp,250,5,retrieve,1.0,6,0.3438859880594516,18.722122132118002,0.14900815509054577,0.45617949774455074,1.0926950551109353,0.009768007690494494
wine_quality,mlp,wine_quality/mlp,250,5,read,1.0,6,0.9457951689441931,16.496889878432718,0.7726534217424216,0.45617949774455074,1.0926950551109353,0.009768007690494494
wine_quality,mlp,wine_quality/mlp,254,6,retrieve,1.0,6,0.5215675908395261,19.122294855205347,0.4916234617232901,0.4160203868780001,1.310185664144523,0.0009383878479078733
wine_quality,mlp,wine_quality/mlp,254,6,read,1.0,6,0.8884302862939853,17.82679419590288,0.8597018392533955,0.4160203868780001,1.310185664144523,0.0009383878479078733
wine_quality,mlp,wine_quality/mlp,319,7,retrieve,1.0,6,0.5312550681998033,22.928571922074013,0.32293251168249226,0.3213945983283548,1.7603733426340464,0.008562354305559934
wine_quality,mlp,wine_quality/mlp,319,7,read,1.0,6,0.6930892896992911,22.67900423117392,0.4869036201746871,0.3213945983283548,1.7603733426340464,0.008562354305559934
wine_quality,mlp,wine_quality/mlp,13,8,retrieve,1.0,6,0.593750735693787,23.690259131021474,0.2781903482521686,0.3013534154017651,1.72172060815116,0.012813721697291097
wine_quality,mlp,wine_quality/mlp,13,8,read,1.0,6,0.7007969278824955,23.891696462873465,0.3826553785310808,0.3013534154017651,1.72172060815116,0.012813721697291097
wine_quality,mlp,wine_quality/mlp,249,9,retrieve,1.0,6,0.7557713394663892,23.117722592167574,0.41030247322042646,0.31603553736260426,-0.3947875866141498,0.014424814767824232
wine_quality,mlp,wine_quality/mlp,249,9,read,1.0,6,0.4420979084187361,23.46725108564774,0.09158715839824534,0.31603553736260426,-0.3947875866141498,0.014424814767824232
wine_quality,mlp,wine_quality/mlp,393,10,retrieve,1.0,6,0.42932266155458043,18.649286536712985,0.0676654397501081,0.3924123861890208,0.9227225479313288,0.01874909375842004
wine_quality,mlp,wine_quality/mlp,393,10,read,1.0,6,0.19710954480372467,19.102104541990432,-0.17303760423719522,0.3924123861890208,0.9227225479313288,0.01874909375842004
wine_quality,mlp,wine_quality/mlp,239,11,retrieve,1.0,6,0.6496366138453824,19.91620473491985,0.4313064146156732,0.44212800937397656,-0.035263981266156486,0.010359915554992384
wine_quality,mlp,wine_quality/mlp,239,11,read,1.0,6,0.9181855478081775,17.039047813126597,0.7296624513267083,0.44212800937397656,-0.035263981266156486,0.010359915554992384
wine_quality,mlp,wine_quality/mlp,213,12,retrieve,1.0,6,0.6562450099621985,20.002495065085668,0.5405715096233275,0.3041977158179056,1.3663405796883499,0.00518302841728145
wine_quality,mlp,wine_quality/mlp,213,12,read,1.0,6,0.9911506967865276,17.999417927521403,0.8858592021736589,0.3041977158179056,1.3663405796883499,0.00518302841728145
wine_quality,mlp,wine_quality/mlp,38,13,retrieve,1.0,6,0.6895106807992939,18.189086702149748,0.4037136023068092,0.4578717956004961,0.6212945835095223,0.015052821671366541
wine_quality,mlp,wine_quality/mlp,38,13,read,1.0,6,0.3565488334584538,18.13605294145016,0.07155006270834192,0.4578717956004961,0.6212945835095223,0.015052821671366541
wine_quality,mlp,wine_quality/mlp,149,14,retrieve,1.0,6,0.4904130585263702,22.349148244911294,0.4036037449968688,0.3799437128844929,-0.4674380465462302,0.0033473004299631338
wine_quality,mlp,wine_quality/mlp,149,14,read,1.0,6,0.8157730806669062,19.3803474354263,0.7389012353634689,0.3799437128844929,-0.4674380465462302,0.0033473004299631338
wine_quality,mlp,wine_quality/mlp,41,15,retrieve,1.0,6,0.4655478689004825,20.18694754548553,0.28799079773420777,0.35720892252073366,-0.0159917948663576,0.008201193904786202
wine_quality,mlp,wine_quality/mlp,41,15,read,1.0,6,0.5874755729725252,21.256477890346588,0.4011470760609921,0.35720892252073366,-0.0159917948663576,0.008201193904786202
wine_quality,mlp,wine_quality/mlp,217,16,retrieve,1.0,6,0.4819812309653303,18.456002770847512,0.31968842011556087,0.4702657685992505,0.762413956808506,0.00814330235619421
wine_quality,mlp,wine_quality/mlp,217,16,read,1.0,6,0.9358372329401681,16.441438674520082,0.789949626642726,0.4702657685992505,0.762413956808506,0.00814330235619421
wine_quality,mlp,wine_quality/mlp,161,17,retrieve,1.0,6,0.6308204436845118,19.075699559172193,0.5391626469708455,0.4798932112987891,1.334644119058317,0.0041758781357700905
wine_quality,mlp,wine_quality/mlp,161,17,read,1.0,6,0.7370273259223872,17.494750491570997,0.6519713798538828,0.4798932112987891,1.334644119058317,0.0041758781357700905
wine_quality,mlp,wine_quality/mlp,130,18,retrieve,1.0,6,0.5917194107316115,22.172661082615967,0.49117187127591033,0.352608931541503,-0.16114780606861256,0.003993545886340413
wine_quality,mlp,wine_quality/mlp,130,18,read,1.0,6,0.8516011756831048,19.974069637360486,0.7598338120493469,0.352608931541503,-0.16114780606861256,0.003993545886340413
wine_quality,mlp,wine_quality/mlp,256,19,retrieve,1.0,6,0.45227599448586686,20.23858834394994,0.1439109935288424,0.4857085537583967,0.036523297824997636,0.014643560900610881
wine_quality,mlp,wine_quality/mlp,256,19,read,1.0,6,0.7418289945471019,17.384722758681587,0.4752547480901121,0.4857085537583967,0.036523297824997636,0.014643560900610881
wine_quality,mlp,wine_quality/mlp,17,20,retrieve,1.0,6,0.48186928714096866,19.486456584925413,0.4390684912781277,0.4616060835609225,0.2818681528944196,0.0015806257914878286
wine_quality,mlp,wine_quality/mlp,17,20,read,1.0,6,0.2961168647034753,17.92029747408978,0.2557915803247948,0.4616060835609225,0.2818681528944196,0.0015806257914878286
wine_quality,mlp,wine_quality/mlp,379,21,retrieve,1.0,6,0.47376929204917306,18.947931384136538,0.13902544679519185,0.41666527564491396,0.6143392877102163,0.017033196854627976
wine_quality,mlp,wine_quality/mlp,379,21,read,1.0,6,0.9587037975045812,16.86064838051615,0.6595130545425852,0.41666527564491396,0.6143392877102163,0.017033196854627976
wine_quality,mlp,wine_quality/mlp,58,22,retrieve,1.0,6,0.7225426086206682,21.57382330096251,0.37991857228181564,0.40967900897880266,-0.9546037272053407,0.015325240766392198
wine_quality,mlp,wine_quality/mlp,58,22,read,1.0,6,0.9062951545972493,17.767156185591436,0.6220092083189661,0.40967900897880266,-0.9546037272053407,0.015325240766392198
wine_quality,mlp,wine_quality/mlp,57,23,retrieve,1.0,6,0.31331241436730844,18.530507757953835,0.15903790729462247,0.4931787811227387,1.1528141418652025,0.007677852594817192
wine_quality,mlp,wine_quality/mlp,57,23,read,1.0,6,0.9370539939260987,16.161631895724447,0.8009673665390304,0.4931787811227387,1.1528141418652025,0.007677852594817192
wine_quality,mlp,wine_quality/mlp,307,24,retrieve,1.0,6,0.5937500791179958,22.762511772129457,0.5690927213449903,0.32575950475880083,1.6076996465036686,0.0005560615585711926
wine_quality,mlp,wine_quality/mlp,307,24,read,1.0,6,0.3213872381223276,22.507886759643135,0.29687146753061655,0.32575950475880083,1.6076996465036686,0.0005560615585711926
wine_quality,mlp,wine_quality/mlp,90,25,retrieve,1.0,6,0.6686815460746134,21.05812273105542,0.6323157545948409,0.46887683275911973,-0.8894336532900049,0.001157073296179394
wine_quality,mlp,wine_quality/mlp,90,25,read,1.0,6,0.8104352741072649,17.38772406091507,0.7783164029150441,0.46887683275911973,-0.8894336532900049,0.001157073296179394
wine_quality,mlp,wine_quality/mlp,40,26,retrieve,1.0,6,0.5799388549183815,19.929232772639736,0.3440876556133441,0.3065075035548797,0.3962939722245711,0.01123230391550026
wine_quality,mlp,wine_quality/mlp,40,26,read,1.0,6,0.9886630538050887,18.15635680344563,0.7727253361905265,0.3065075035548797,0.3962939722245711,0.01123230391550026
wine_quality,mlp,wine_quality/mlp,170,27,retrieve,1.0,6,0.5672885436094725,20.906513439616962,0.4548991720799985,0.41900176802975875,-0.022527354206013372,0.004801822734308259
wine_quality,mlp,wine_quality/mlp,170,27,read,1.0,6,0.886098116508486,17.78801701455466,0.7886832120097353,0.41900176802975875,-0.022527354206013372,0.004801822734308259
wine_quality,mlp,wine_quality/mlp,167,28,retrieve,1.0,6,0.6250000236538865,20.361257138758567,0.42880752104706354,0.36699830129493227,1.3830672419566254,0.009046224471877242
wine_quality,mlp,wine_quality/mlp,167,28,read,1.0,6,0.46576608479345627,20.912963716454566,0.26458272064218413,0.36699830129493227,1.3830672419566254,0.009046224471877242
wine_quality,mlp,wine_quality/mlp,125,29,retrieve,1.0,6,0.7803926723687171,20.95473848392777,0.4161233092705465,0.4157873383236604,-0.36759109711798643,0.016810964420689873
wine_quality,mlp,wine_quality/mlp,125,29,read,1.0,6,0.9054748513268759,17.651939937696817,0.5967287170781002,0.4157873383236604,-0.36759109711798643,0.016810964420689873
wine_quality,mlp,wine_quality/mlp,332,30,retrieve,1.0,6,0.5312561588860789,19.13091941880402,0.4547400575072735,0.38477650407006403,1.003449599499958,0.003372347139541643
wine_quality,mlp,wine_quality/mlp,332,30,read,1.0,6,0.9331147654126721,17.939914815190797,0.8606151450020427,0.38477650407006403,1.003449599499958,0.003372347139541643
wine_quality,mlp,wine_quality/mlp,129,31,retrieve,1.0,6,0.5830432863226549,21.6235285367524,0.514751558367373,0.38435522501467534,-0.14103297661089698,0.002603262823623154
wine_quality,mlp,wine_quality/mlp,129,31,read,1.0,6,0.7414523740953406,19.7055255445754,0.678153712025191,0.38435522501467534,-0.14103297661089698,0.002603262823623154
wine_quality,mlp,wine_quality/mlp,276,32,retrieve,1.0,6,0.5764911577011229,19.700653702227928,0.5471473907346268,0.44924107634276456,0.29235308035084895,0.0008803650492336046
wine_quality,mlp,wine_quality/mlp,276,32,read,1.0,6,0.5514134994157116,18.43745746842919,0.5231818062637754,0.44924107634276456,0.29235308035084895,0.0008803650492336046
wine_quality,mlp,wine_quality/mlp,94,33,retrieve,1.0,6,0.5842915707642838,20.060368877286074,0.4537758809242832,0.39367205763864105,0.2532721895778747,0.005907951671526508
wine_quality,mlp,wine_quality/mlp,94,33,read,1.0,6,0.45204963752945304,19.93271171463101,0.3222881400369427,0.39367205763864105,0.2532721895778747,0.005907951671526508
wine_quality,mlp,wine_quality/mlp,140,34,retrieve,1.0,6,0.9040735443941943,23.2981818631049,0.4869259167929572,0.32685895297432016,-0.9759395705301163,0.017389667141487576
wine_quality,mlp,wine_quality/mlp,140,34,read,1.0,6,0.5957470014567062,22.744520919117864,0.1882273533806455,0.32685895297432016,-0.9759395705301163,0.017389667141487576
wine_quality,mlp,wine_quality/mlp,232,35,retrieve,1.0,6,0.8530507178046314,20.5086733969787,0.47194484350218097,0.3310695460866092,-0.40227397433996315,0.01799754997106865
wine_quality,mlp,wine_quality/mlp,232,35,read,1.0,6,0.9938377757079727,17.045472218027843,0.6750610376835542,0.3310695460866092,-0.40227397433996315,0.01799754997106865
wine_quality,mlp,wine_quality/mlp,264,36,retrieve,1.0,6,0.6258909175236025,20.640159025090043,0.2137672779661779,0.482694412909986,-0.3375240834342642,0.019385685888904096
wine_quality,mlp,wine_quality/mlp,264,36,read,1.0,6,0.5967137843782329,17.737886397800544,0.24085269033740692,0.482694412909986,-0.3375240834342642,0.019385685888904096
wine_quality,mlp,wine_quality/mlp,115,37,retrieve,1.0,6,0.7106644760119509,20.049889926419844,0.36648101440292163,0.49033165201410184,-0.7362047309317611,0.01656784465291799
wine_quality,mlp,wine_quality/mlp,115,37,read,1.0,6,0.8876239833687595,16.620425538706982,0.6002593549780715,0.49033165201410184,-0.7362047309317611,0.01656784465291799
wine_quality,mlp,wine_quality/mlp,61,38,retrieve,1.0,6,0.468762229445018,20.6563469843314,0.09982263770815471,0.48396563048572233,1.881580521899938,0.017279899103535352
wine_quality,mlp,wine_quality/mlp,61,38,read,1.0,6,0.9106017158862189,16.521174419007945,0.6131174888538522,0.48396563048572233,1.881580521899938,0.017279899103535352
wine_quality,mlp,wine_quality/mlp,265,39,retrieve,1.0,6,0.5937491267789613,19.500028010743236,0.4199671298240576,0.33439404213160473,1.4085029096714878,0.008296500746859052
wine_quality,mlp,wine_quality/mlp,265,39,read,1.0,6,0.841913785799959,20.812801548339916,0.6572403622099277,0.33439404213160473,1.4085029096714878,0.008296500746859052
mushrooms,mlp,mushrooms/mlp,244,0,retrieve,1.0,6,0.8210539099472889,20.831523847411198,0.662269922569764,0.32960240628936344,-0.02746364174667315,0.007046243397876349
mushrooms,mlp,mushrooms/mlp,244,0,read,1.0,6,0.5111081268393579,22.703389175300824,0.3391345207534771,0.32960240628936344,-0.02746364174667315,0.007046243397876349
mushrooms,mlp,mushrooms/mlp,340,1,retrieve,1.0,6,0.8076677463201425,19.59373342442797,0.4520549523357768,0.419677986766933,-0.004561408202842787,0.01753687194478085
mushrooms,mlp,mushrooms/mlp,340,1,read,1.0,6,0.9990592109267166,15.12660038823871,0.721785956958302,0.419677986766933,-0.004561408202842787,0.01753687194478085
mushrooms,mlp,mushrooms/mlp,66,2,retrieve,1.0,6,0.6737359696587968,18.759157792758533,0.5876975217223264,0.4501183191892881,0.7401372110655324,0.003946789549638039
mushrooms,mlp,mushrooms/mlp,66,2,read,1.0,6,0.329006823809711,18.236859818939564,0.2450297760581065,0.4501183191892881,0.7401372110655324,0.003946789549638039
mushrooms,mlp,mushrooms/mlp,335,3,retrieve,1.0,6,0.4561397649114076,19.296763770244397,0.3044987228769119,0.4959832629845046,0.3585296556281352,0.007236500570620146
mushrooms,mlp,mushrooms/mlp,335,3,read,1.0,6,0.5209071091784149,17.562680355859484,0.3818147627616185,0.4959832629845046,0.3585296556281352,0.007236500570620146
mushrooms,mlp,mushrooms/mlp,93,4,retrieve,1.0,6,0.38637555703538984,19.07905040444094,0.1070722245206512,0.4194008498319991,1.0607440305043294,0.014010305903511827
mushrooms,mlp,mushrooms/mlp,93,4,read,1.0,6,0.015992358377061033,16.17181695678941,-0.22257974420315832,0.4194008498319991,1.0607440305043294,0.014010305903511827
mushrooms,mlp,mushrooms/mlp,13,5,retrieve,1.0,6,0.47498431858154966,20.139408637095947,0.2883602244294689,0.44175638822407104,1.1464792308523606,0.008670765725982165
mushrooms,mlp,mushrooms/mlp,13,5,read,1.0,6,0.9283834753486009,16.92710744764088,0.7696124922515789,0.44175638822407104,1.1464792308523606,0.008670765725982165
mushrooms,mlp,mushrooms/mlp,366,6,retrieve,1.0,6,0.5624999460103438,21.163790657454406,0.3078873301451549,0.3694194149675132,1.592254206881167,0.011463570954371295
mushrooms,mlp,mushrooms/mlp,366,6,read,1.0,6,0.9988196194587716,15.668985666613283,0.8071970904865234,0.3694194149675132,1.592254206881167,0.011463570954371295
mushrooms,mlp,mushrooms/mlp,342,7,retrieve,1.0,6,0.41446789723722177,19.82596661505725,0.2553819306188897,0.45580741783541956,1.4615253362583647,0.0074188547511536964
mushrooms,mlp,mushrooms/mlp,342,7,read,1.0,6,0.04142999481532261,16.310440786653867,-0.09157479630815546,0.45580741783541956,1.4615253362583647,0.0074188547511536964
mushrooms,mlp,mushrooms/mlp,138,8,retrieve,1.0,6,0.15039085649155193,20.012779090439782,0.013690368536447863,0.355349107020408,0.15619723184234746,0.006231043044625131
mushrooms,mlp,mushrooms/mlp,138,8,read,1.0,6,0.0030846761911481613,16.22419326698159,-0.11000897041973136,0.355349107020408,0.15619723184234746,0.006231043044625131
mushrooms,mlp,mushrooms/mlp,198,9,retrieve,1.0,6,0.4348298255958005,18.958573195080234,0.260877586749485,0.4749545512629093,1.445221404889332,0.008542427596204456
mushrooms,mlp,mushrooms/mlp,198,9,read,1.0,6,0.2407444991600487,17.502342403037893,0.07923200641811838,0.4749545512629093,1.445221404889332,0.008542427596204456
mushrooms,mlp,mushrooms/mlp,245,10,retrieve,1.0,6,0.5879735099460411,22.779152694013252,0.5459571906946178,0.3348090218771406,1.4398520815055385,0.0013177100858238733
mushrooms,mlp,mushrooms/mlp,245,10,read,1.0,6,0.9999663979120003,15.23193587154114,0.967895122387448,0.3348090218771406,1.4398520815055385,0.0013177100858238733
mushrooms,mlp,mushrooms/mlp,218,11,retrieve,1.0,6,0.5141503856696742,19.386860367174794,0.24284601959220875,0.42753679252918686,1.0512625091606367,0.013375263511801593
mushrooms,mlp,mushrooms/mlp,218,11,read,1.0,6,0.9657371340983513,16.552527753647997,0.7323427136069001,0.42753679252918686,1.0512625091606367,0.013375263511801593
mushrooms,mlp,mushrooms/mlp,149,12,retrieve,1.0,6,0.7207347576551549,20.209897858093722,0.4296254441874652,0.3199420475484723,0.2981009138700159,0.013810525685359225
mushrooms,mlp,mushrooms/mlp,149,12,read,1.0,6,0.9998657303532589,15.690905945750375,0.7711660707629175,0.3199420475484723,0.2981009138700159,0.013810525685359225
mushrooms,mlp,mushrooms/mlp,10,13,retrieve,1.0,6,0.5002971930783809,19.090847965210287,0.48643059384214743,0.3820127591217548,1.2053412336842468,9.777455876423424e-05
mushrooms,mlp,mushrooms/mlp,10,13,read,1.0,6,0.9958755768821794,15.977228465920073,0.9823134104186487,0.3820127591217548,1.2053412336842468,9.777455876423424e-05
mushrooms,mlp,mushrooms/mlp,289,14,retrieve,1.0,6,0.8733665049075912,19.7839797845744,0.5687769041777603,0.3402721145093415,-0.0948525504532064,0.014789218545298124
mushrooms,mlp,mushrooms/mlp,289,14,read,1.0,6,0.98711764412859,17.3784520556317,0.7181039186988674,0.3402721145093415,-0.0948525504532064,0.014789218545298124
mushrooms,mlp,mushrooms/mlp,136,15,retrieve,1.0,6,0.6984750216301803,20.032628295365576,0.45908649320393563,0.4226923164280084,-0.035758490140794685,0.011350908381744873
mushrooms,mlp,mushrooms/mlp,136,15,read,1.0,6,0.8537797777951743,17.988569961782098,0.6375931682403778,0.4226923164280084,-0.035758490140794685,0.011350908381744873
mushrooms,mlp,mushrooms/mlp,177,16,retrieve,1.0,6,0.6203271451677717,20.287415508049612,0.5390236911954415,0.4354259810869882,-0.10760675620679272,0.0034160809662932222
mushrooms,mlp,mushrooms/mlp,177,16,read,1.0,6,0.298833643385659,18.47633798934157,0.22371697685346886,0.4354259810869882,-0.10760675620679272,0.0034160809662932222
mushrooms,mlp,mushrooms/mlp,368,17,retrieve,1.0,6,0.453878937832033,19.14180784960612,0.24867032915549558,0.4567791669132101,0.7735009101266905,0.0100935402859826
mushrooms,mlp,mushrooms/mlp,368,17,read,1.0,6,0.921131387025298,16.784846411615675,0.7397128635756247,0.4567791669132101,0.7735009101266905,0.0100935402859826
mushrooms,mlp,mushrooms/mlp,134,18,retrieve,1.0,6,0.7793783556609721,18.95953512240895,0.7646888344773354,0.43952093921156565,-0.7994904746244361,0.00014185586124724426
mushrooms,mlp,mushrooms/mlp,134,18,read,1.0,6,0.9992497813456115,14.936893017792874,0.9851308955222146,0.43952093921156565,-0.7994904746244361,0.00014185586124724426
mushrooms,mlp,mushrooms/mlp,17,19,retrieve,1.0,6,0.6936675956934001,18.812432220607654,0.5644586982373342,0.4947459255439811,0.9032671424088545,0.006230395734139686
mushrooms,mlp,mushrooms/mlp,17,19,read,1.0,6,0.3791759784576537,17.50461059114619,0.2581153273028001,0.4947459255439811,0.9032671424088545,0.006230395734139686
mushrooms,mlp,mushrooms/mlp,83,20,retrieve,1.0,6,0.8642757408973062,19.988498440669137,0.6506132995800076,0.32390191360993087,-0.348609434209201,0.010088923983754114
mushrooms,mlp,mushrooms/mlp,83,20,read,1.0,6,0.9703957254443708,18.639225035060026,0.7703460009495635,0.32390191360993087,-0.348609434209201,0.010088923983754114
mushrooms,mlp,mushrooms/mlp,126,21,retrieve,1.0,6,0.6028154792126427,18.82150270863583,0.485957041307559,0.3722785143842234,0.9171486233356478,0.005571204357501787
mushrooms,mlp,mushrooms/mlp,126,21,read,1.0,6,0.06788738420643992,18.260860365354244,-0.04584760063275331,0.3722785143842234,0.9171486233356478,0.005571204357501787
mushrooms,mlp,mushrooms/mlp,40,22,retrieve,1.0,6,0.7025829236413614,19.436790664099327,0.6290213743683388,0.4205961144011156,0.8629374730902188,0.0031672692440285278
mushrooms,mlp,mushrooms/mlp,40,22,read,1.0,6,0.9994702349601535,14.997342192320327,0.939969614292246,0.4205961144011156,0.8629374730902188,0.0031672692440285278
mushrooms,mlp,mushrooms/mlp,356,23,retrieve,1.0,6,0.9196513193618421,19.999644966359163,0.6211325547226936,0.3437103291784683,-0.2514095963399612,0.01432619254597237
mushrooms,mlp,mushrooms/mlp,356,23,read,1.0,6,0.998167677489002,16.177235596982552,0.7544094854650717,0.3437103291784683,-0.2514095963399612,0.01432619254597237
mushrooms,mlp,mushrooms/mlp,307,24,retrieve,1.0,6,0.7713194771188594,18.568965671970748,0.7080160832127885,0.49794914941746576,0.5354661250940707,0.0027628568447143854
mushrooms,mlp,mushrooms/mlp,307,24,read,1.0,6,0.9831435482748224,15.416886936711641,0.9285488966775408,0.49794914941746576,0.5354661250940707,0.0027628568447143854
mushrooms,mlp,mushrooms/mlp,185,25,retrieve,1.0,6,0.2994321039317467,20.723903430898595,0.2017372700474489,0.3887150933005933,-0.1442150448921924,0.004135072051944126
mushrooms,mlp,mushrooms/mlp,185,25,read,1.0,6,0.04365556457291786,17.41366119680534,-0.0403511791640158,0.3887150933005933,-0.1442150448921924,0.004135072051944126
mushrooms,mlp,mushrooms/mlp,323,26,retrieve,1.0,6,0.49451933106124735,19.559046220505518,0.4131400513739506,0.3639387573427013,1.1748950879626578,0.0035471709052233916
mushrooms,mlp,mushrooms/mlp,323,26,read,1.0,6,0.7514951486601599,20.363432791808243,0.6672625723305857,0.3639387573427013,1.1748950879626578,0.0035471709052233916
mushrooms,mlp,mushrooms/mlp,241,27,retrieve,1.0,6,0.16195197352799232,20.252942093118765,0.11180161790643213,0.3568881843170438,-0.03242351630196072,0.0018836944996017313
mushrooms,mlp,mushrooms/mlp,241,27,read,1.0,6,0.4797424215920702,21.346895391328886,0.4275313921598504,0.3568881843170438,-0.03242351630196072,0.0018836944996017313
mushrooms,mlp,mushrooms/mlp,260,28,retrieve,1.0,6,0.34376244034393877,20.317736916355052,0.021866485738385243,0.44038647332230235,1.6796925435364751,0.015252483870686324
mushrooms,mlp,mushrooms/mlp,260,28,read,1.0,6,0.9991106295096818,14.965540269989871,0.7588489679255546,0.44038647332230235,1.6796925435364751,0.015252483870686324
mushrooms,mlp,mushrooms/mlp,151,29,retrieve,1.0,6,0.8746140430464454,18.55572451013834,0.779051280769756,0.3114577794253173,0.5501535848794354,0.004503341393704836
mushrooms,mlp,mushrooms/mlp,151,29,read,1.0,6,0.9999999923114445,14.603500722727908,0.9222354430137855,0.3114577794253173,0.5501535848794354,0.004503341393704836
mushrooms,mlp,mushrooms/mlp,294,30,retrieve,1.0,6,0.6849687376096493,19.542099342551104,0.37615819447672705,0.4488592587068275,0.1868026952601487,0.015188262935837443
mushrooms,mlp,mushrooms/mlp,294,30,read,1.0,6,0.9650639050612846,16.28219575951381,0.7057656346930113,0.4488592587068275,0.1868026952601487,0.015188262935837443
mushrooms,mlp,mushrooms/mlp,68,31,retrieve,1.0,6,0.4637310459654588,21.208347045978083,0.2587656164907835,0.34424999887496205,-0.00435503879811483,0.009098560536393567
mushrooms,mlp,mushrooms/mlp,68,31,read,1.0,6,0.636346271906439,21.724767758835675,0.4266821573135814,0.34424999887496205,-0.00435503879811483,0.009098560536393567
mushrooms,mlp,mushrooms/mlp,345,32,retrieve,1.0,6,0.576567597594513,18.77838186577449,0.48445030216540597,0.4603696530134137,1.185827997921085,0.0042664642780073075
mushrooms,mlp,mushrooms/mlp,345,32,read,1.0,6,0.9059652412456269,16.882227008550174,0.8219378227804375,0.4603696530134137,1.185827997921085,0.0042664642780073075
mushrooms,mlp,mushrooms/mlp,120,33,retrieve,1.0,6,0.43750287862910037,21.796939479323402,0.18259426570597992,0.4327680144101741,1.7944429782471003,0.01114416146145397
mushrooms,mlp,mushrooms/mlp,120,33,read,1.0,6,0.9996308309730866,14.850075960987716,0.8221391867489832,0.4327680144101741,1.7944429782471003,0.01114416146145397
mushrooms,mlp,mushrooms/mlp,29,34,retrieve,1.0,6,0.9956402189622431,18.296846096729723,0.7674137693879071,0.48578539340870086,-0.2399019452828619,0.011817689695328593
mushrooms,mlp,mushrooms/mlp,29,34,read,1.0,6,0.998538281903602,14.79472424733509,0.8116988216206421,0.48578539340870086,-0.2399019452828619,0.011817689695328593
mushrooms,mlp,mushrooms/mlp,8,35,retrieve,1.0,6,0.6873713050971635,19.31951478063666,0.3322900410947782,0.4799279132838297,-0.36958496412983555,0.017758275396556274
mushrooms,mlp,mushrooms/mlp,8,35,read,1.0,6,0.9961932291921839,15.047836574557017,0.7169696031788284,0.4799279132838297,-0.36958496412983555,0.017758275396556274
mushrooms,mlp,mushrooms/mlp,60,36,retrieve,1.0,6,0.8323638586655672,20.27217331461283,0.665561654155076,0.40275588315574956,-0.6498081483123638,0.007636191843274389
mushrooms,mlp,mushrooms/mlp,60,36,read,1.0,6,0.9847544352703071,16.367870146366396,0.8477662387668496,0.40275588315574956,-0.6498081483123638,0.007636191843274389
mushrooms,mlp,mushrooms/mlp,321,37,retrieve,1.0,6,0.7602034521776089,19.722795425714253,0.5170591200317982,0.43657468009328865,0.06843158568158136,0.011719653687856465
mushrooms,mlp,mushrooms/mlp,321,37,read,1.0,6,0.974269778185017,16.238929171708325,0.7719551520309657,0.43657468009328865,0.06843158568158136,0.011719653687856465
mushrooms,mlp,mushrooms/mlp,44,38,retrieve,1.0,6,0.5937499364921542,24.865180534331067,0.4382662798545322,0.302439514615394,1.7864283215769676,0.005770465106397109
mushrooms,mlp,mushrooms/mlp,44,38,read,1.0,6,0.9998546583614396,15.973758470471065,0.8956786424895711,0.302439514615394,1.7864283215769676,0.005770465106397109
mushrooms,mlp,mushrooms/mlp,39,39,retrieve,1.0,6,0.9284552337980131,19.667144171671552,0.7536142446278092,0.4741935415026503,-0.8506787123671297,0.00827984926274955
mushrooms,mlp,mushrooms/mlp,39,39,read,1.0,6,0.9097650587351155,16.654474259090332,0.759868522319505,0.4741935415026503,-0.8506787123671297,0.00827984926274955
adult,mlp,adult/mlp,228,0,retrieve,1.0,6,0.6176641679986848,18.43300103349925,0.43103553582205856,0.48649133703694947,0.009451514287533103,0.009473695132944689
adult,mlp,adult/mlp,228,0,read,1.0,6,0.9477889321389646,16.110713881839114,0.783160940448321,0.48649133703694947,0.009451514287533103,0.009473695132944689
adult,mlp,adult/mlp,335,1,retrieve,1.0,6,0.6560520189009422,20.994496916627703,0.5971031913785186,0.33103864775360553,0.057664629473563656,0.002236244464864503
adult,mlp,adult/mlp,335,1,read,1.0,6,0.9999732106475142,15.233504339739767,0.9539073708872817,0.33103864775360553,0.057664629473563656,0.002236244464864503
adult,mlp,adult/mlp,238,2,retrieve,1.0,6,0.6249998355409841,22.46452703599912,0.2604623023468179,0.3786547241834056,1.9998429546105942,0.015693076138626437
adult,mlp,adult/mlp,238,2,read,1.0,6,0.9958024965465535,16.029119396163605,0.7322563054274243,0.3786547241834056,1.9998429546105942,0.015693076138626437
adult,mlp,adult/mlp,297,3,retrieve,1.0,6,0.43750000849789106,23.43900231407405,0.2895218165927381,0.3481130529176331,1.5627662025201934,0.005801364327845313
adult,mlp,adult/mlp,297,3,read,1.0,6,0.06859341064477964,18.95902902639611,-0.0533948240395386,0.3481130529176331,1.5627662025201934,0.005801364327845313
adult,mlp,adult/mlp,279,4,retrieve,1.0,6,0.4375145530225424,21.087913249824837,0.3173077496146747,0.4698888599452897,1.5530988462933002,0.005131223849698192
adult,mlp,adult/mlp,279,4,read,1.0,6,0.5871310263995857,17.9828544769699,0.48285697462170585,0.4698888599452897,1.5530988462933002,0.005131223849698192
adult,mlp,adult/mlp,111,5,retrieve,1.0,6,0.6249999881269652,22.540768320460344,0.3886551185539429,0.3473441512480779,1.8038172696330448,0.009952849272195552
adult,mlp,adult/mlp,111,5,read,1.0,6,0.9932225390307312,16.7787845969364,0.8142258249667869,0.3473441512480779,1.8038172696330448,0.009952849272195552
adult,mlp,adult/mlp,61,6,retrieve,1.0,6,0.7187500864180723,19.765692595940834,0.5974596606222257,0.3069457190105029,0.9639173988973475,0.0055292990754237945
adult,mlp,adult/mlp,61,6,read,1.0,6,0.9118558853167096,20.983670928953362,0.7838308930502506,0.3069457190105029,0.9639173988973475,0.0055292990754237945
adult,mlp,adult/mlp,54,7,retrieve,1.0,6,0.6702556826546624,18.191891982594985,0.6066618380140099,0.4639838227630155,0.8805437831278333,0.002836090093873398
adult,mlp,adult/mlp,54,7,read,1.0,6,0.9924622077629618,15.374926714372187,0.9368575304143013,0.4639838227630155,0.8805437831278333,0.002836090093873398
adult,mlp,adult/mlp,22,8,retrieve,1.0,6,0.5973218384993109,20.289414204046416,0.4896541371710328,0.4925818813898409,-0.08908477817751026,0.004715153447318288
adult,mlp,adult/mlp,22,8,read,1.0,6,0.11438366465409022,16.605982018305447,0.024083911294371787,0.4925818813898409,-0.08908477817751026,0.004715153447318288
adult,mlp,adult/mlp,171,9,retrieve,1.0,6,0.4901413223123736,20.425292516568625,0.4683699547835926,0.37918062014147136,0.4104451046921027,0.0004783954756513098
adult,mlp,adult/mlp,171,9,read,1.0,6,0.9993664040789636,15.386708470335103,0.9800054723615896,0.37918062014147136,0.4104451046921027,0.0004783954756513098
adult,mlp,adult/mlp,362,10,retrieve,1.0,6,0.6323808824276611,19.633016643409853,0.3199128231488226,0.3742042882078425,0.26173231866348745,0.01530422271504036
adult,mlp,adult/mlp,362,10,read,1.0,6,0.2887934503975593,20.19428216175539,-0.03226434137631183,0.3742042882078425,0.26173231866348745,0.01530422271504036
adult,mlp,adult/mlp,30,11,retrieve,1.0,6,0.44610718888962964,23.010074973590307,0.34436357619586533,0.30285257565743445,-0.10837508754945546,0.0039001877567442556
adult,mlp,adult/mlp,30,11,read,1.0,6,0.9979980728354534,16.99638106225901,0.9197089955074709,0.30285257565743445,-0.10837508754945546,0.0039001877567442556
adult,mlp,adult/mlp,351,12,retrieve,1.0,6,0.7185680478523084,18.5627976381146,0.7041953378878794,0.4739939189280449,1.0237332082657833,0.00012782070950109414
adult,mlp,adult/mlp,351,12,read,1.0,6,0.9988689591874026,14.809326760113917,0.9849760205336913,0.4739939189280449,1.0237332082657833,0.00012782070950109414
adult,mlp,adult/mlp,86,13,retrieve,1.0,6,0.6951634167206553,20.38917212651741,0.4794450688203729,0.3853493007821019,0.980069636485358,0.00999149679232605
adult,mlp,adult/mlp,86,13,read,1.0,6,0.9990923794058384,15.419550431726883,0.8330279907281295,0.3853493007821019,0.980069636485358,0.00999149679232605
adult,mlp,adult/mlp,41,14,retrieve,1.0,6,0.9550576103050343,20.555853539101214,0.6134875371267731,0.357189706451427,-0.2980603769012733,0.016032906274183904
adult,mlp,adult/mlp,41,14,read,1.0,6,0.9997834483771822,15.357085955095313,0.741564728614553,0.357189706451427,-0.2980603769012733,0.016032906274183904
adult,mlp,adult/mlp,319,15,retrieve,1.0,6,0.8213022586099681,20.00915226144921,0.55460205242322,0.4361706253060871,-0.1699961703202838,0.012729185267757103
adult,mlp,adult/mlp,319,15,read,1.0,6,0.9988889594061735,15.042254872435453,0.7954133102901206,0.4361706253060871,-0.1699961703202838,0.012729185267757103
adult,mlp,adult/mlp,85,16,retrieve,1.0,6,0.9180400048968453,21.42534433051649,0.5160865681693527,0.3460703562304972,-0.789134020423766,0.01820056801477282
adult,mlp,adult/mlp,85,16,read,1.0,6,0.5251914411071323,21.84263645933779,0.11564305060699838,0.3460703562304972,-0.789134020423766,0.01820056801477282
adult,mlp,adult/mlp,160,17,retrieve,1.0,6,0.6249999260093821,19.59784954801347,0.5256279445912486,0.3672908752400842,1.2094386170322386,0.004458243298790401
adult,mlp,adult/mlp,160,17,read,1.0,6,0.935945386945764,18.319944078395427,0.8422706190240427,0.3672908752400842,1.2094386170322386,0.004458243298790401
adult,mlp,adult/mlp,309,18,retrieve,1.0,6,0.5310835169798458,19.62938482872642,0.3581370002551888,0.46683907402690433,1.1674462528474843,0.008199264425705358
adult,mlp,adult/mlp,309,18,read,1.0,6,0.9735121554829065,15.91126479543084,0.8310514880777523,0.46683907402690433,1.1674462528474843,0.008199264425705358
adult,mlp,adult/mlp,262,19,retrieve,1.0,6,0.4153991088306015,20.503658659178022,0.12383904797943147,0.4115746357303661,0.2815260115477618,0.013634642748309262
adult,mlp,adult/mlp,262,19,read,1.0,6,0.009585432202897426,15.996932035916291,-0.22052702117580478,0.4115746357303661,0.2815260115477618,0.013634642748309262
adult,mlp,adult/mlp,271,20,retrieve,1.0,6,0.2871857738429999,18.81473899378429,-0.0932163054864472,0.4840127929070871,0.5033682201107172,0.0195805043828221
adult,mlp,adult/mlp,271,20,read,1.0,6,0.9672225258691279,15.856956462009785,0.6447353203665261,0.4840127929070871,0.5033682201107172,0.0195805043828221
adult,mlp,adult/mlp,389,21,retrieve,1.0,6,0.7266678397844739,20.963978163594167,0.6437421608669953,0.3575915814786136,-0.11554554565920827,0.0033832165996360076
adult,mlp,adult/mlp,389,21,read,1.0,6,0.3998947670295029,21.214704558756875,0.31612082640994293,0.3575915814786136,-0.11554554565920827,0.0033832165996360076
adult,mlp,adult/mlp,107,22,retrieve,1.0,6,0.5,24.685232200293235,0.38508044487775256,0.31760209879675033,1.7285041392040865,0.004169276362773078
adult,mlp,adult/mlp,107,22,read,1.0,6,0.9811510796740159,18.32756392021785,0.8927384006342389,0.31760209879675033,1.7285041392040865,0.004169276362773078
adult,mlp,adult/mlp,135,23,retrieve,1.0,6,0.7895782089894366,19.911700328228086,0.7508903486382926,0.42423527560069046,-0.7574462042219519,0.001340310466269401
adult,mlp,adult/mlp,135,23,read,1.0,6,0.9990377839291885,15.096938906542741,0.9668031987041196,0.42423527560069046,-0.7574462042219519,0.001340310466269401
adult,mlp,adult/mlp,209,24,retrieve,1.0,6,0.7813821161548209,19.1363758309711,0.5151395887009448,0.4783029360360789,-0.5089494732688061,0.0132858243222
adult,mlp,adult/mlp,209,24,read,1.0,6,0.8382949415950254,17.09439823439687,0.5991817697591026,0.4783029360360789,-0.5089494732688061,0.0132858243222
adult,mlp,adult/mlp,331,25,retrieve,1.0,6,0.7795273615701113,20.400575097748796,0.528399248800553,0.4144528135710197,-0.6084501660700442,0.011721635866821524
adult,mlp,adult/mlp,331,25,read,1.0,6,0.45680856257489655,19.307190476350662,0.21849670619974967,0.4144528135710197,-0.6084501660700442,0.011721635866821524
adult,mlp,adult/mlp,347,26,retrieve,1.0,6,0.49554652855786585,18.6282298886562,0.19593839085900133,0.4871895578716545,0.6544421795349114,0.01543937021488046
adult,mlp,adult/mlp,347,26,read,1.0,6,0.8683683702033107,16.790520144870335,0.5971333135862493,0.4871895578716545,0.6544421795349114,0.01543937021488046
adult,mlp,adult/mlp,318,27,retrieve,1.0,6,0.43749285618848877,20.083363369156395,0.2102842532750716,0.43897313350302714,1.5169227503019553,0.010715765031863635
adult,mlp,adult/mlp,318,27,read,1.0,6,0.0827058857939662,17.100028571482607,-0.1125340024161962,0.43897313350302714,1.5169227503019553,0.010715765031863635
adult,mlp,adult/mlp,305,28,retrieve,1.0,6,0.5230776491912558,18.83044542468616,0.4732953115429258,0.4485853851642073,0.6668919008515297,0.002006449491566378
adult,mlp,adult/mlp,305,28,read,1.0,6,0.9845903756517635,15.817075180877357,0.940854213197025,0.4485853851642073,0.6668919008515297,0.002006449491566378
adult,mlp,adult/mlp,328,29,retrieve,1.0,6,0.5312496776915208,20.861760009526094,0.2126683160688448,0.40530093940254874,1.2829789689191005,0.0146958531534579
adult,mlp,adult/mlp,328,29,read,1.0,6,0.9000669809330486,17.932164903189424,0.6245385187921852,0.40530093940254874,1.2829789689191005,0.0146958531534579
adult,mlp,adult/mlp,32,30,retrieve,1.0,6,0.41288129464632817,20.277100140657605,0.03694067753918552,0.419359188440633,1.1123303396442799,0.017948356253239855
adult,mlp,adult/mlp,32,30,read,1.0,6,0.8155087178760757,18.328573855890326,0.474540944696738,0.419359188440633,1.1123303396442799,0.017948356253239855
adult,mlp,adult/mlp,277,31,retrieve,1.0,6,0.7389694701239138,19.643260202130392,0.6473412060007162,0.30716820510722276,0.6176379229675852,0.004053719357368264
adult,mlp,adult/mlp,277,31,read,1.0,6,0.9999999268396764,14.790100840868018,0.9280450087636211,0.30716820510722276,0.6176379229675852,0.004053719357368264
adult,mlp,adult/mlp,208,32,retrieve,1.0,6,0.6854331107064222,19.380581448997596,0.28817481173737164,0.44339919063736105,0.3015012039992928,0.019878572786007766
adult,mlp,adult/mlp,208,32,read,1.0,6,0.9893003736096334,15.699153165111774,0.6652236147382748,0.44339919063736105,0.3015012039992928,0.019878572786007766
adult,mlp,adult/mlp,274,33,retrieve,1.0,6,0.6646197336957214,19.891696952700574,0.3033501429324707,0.35755664795370823,1.1411969055934668,0.017558561825758785
adult,mlp,adult/mlp,274,33,read,1.0,6,0.9991295645623476,15.716474522224319,0.7111708749809091,0.35755664795370823,1.1411969055934668,0.017558561825758785
adult,mlp,adult/mlp,256,34,retrieve,1.0,6,0.34210324036012574,19.132531878088507,0.22222994727122772,0.40875800378755356,1.1013653712607776,0.0056382131636450936
adult,mlp,adult/mlp,256,34,read,1.0,6,0.19131585101351434,18.626634437708073,0.07429491553242365,0.40875800378755356,1.1013653712607776,0.0056382131636450936
adult,mlp,adult/mlp,187,35,retrieve,1.0,6,0.46876708229513486,20.951559637915228,0.12597869117017518,0.4357126519218163,1.986927271184447,0.01578824664328782
adult,mlp,adult/mlp,187,35,read,1.0,6,0.9740570014612633,16.254952738183807,0.7054197984558306,0.4357126519218163,1.986927271184447,0.01578824664328782
adult,mlp,adult/mlp,152,36,retrieve,1.0,6,0.5937499987655456,24.84070578575324,0.3932072373982459,0.32582919032437213,1.5276015311510904,0.00759007264098887
adult,mlp,adult/mlp,152,36,read,1.0,6,0.9999444709040559,15.4223836447789,0.8708874587429853,0.32582919032437213,1.5276015311510904,0.00759007264098887
adult,mlp,adult/mlp,367,37,retrieve,1.0,6,0.4375000000446574,26.641744303680934,0.11814316356158829,0.3032213843026086,1.9229850262901658,0.011536663402351002
adult,mlp,adult/mlp,367,37,read,1.0,6,0.8421172490290959,22.390835681549696,0.5718017144737065,0.3032213843026086,1.9229850262901658,0.011536663402351002
adult,mlp,adult/mlp,77,38,retrieve,1.0,6,0.34375974940757337,20.878928720745748,0.030266167769128393,0.4390544566753166,1.4074350991488833,0.014440088649705219
adult,mlp,adult/mlp,77,38,read,1.0,6,0.9830292115943265,15.96923264508615,0.740432076531516,0.4390544566753166,1.4074350991488833,0.014440088649705219
adult,mlp,adult/mlp,157,39,retrieve,1.0,6,0.5579339198799579,19.07934176499798,0.3921776964665997,0.4192438704763173,0.6256471768772103,0.008058780292694988
adult,mlp,adult/mlp,157,39,read,1.0,6,0.9804685100727785,16.292212821150066,0.8371731464653017,0.4192438704763173,0.6256471768772103,0.008058780292694988
forest_cover,mlp,forest_cover/mlp,145,0,retrieve,1.0,6,0.7317590588614147,21.349831943995916,0.6473384568462633,0.3761761071457004,-0.42583523027528736,0.0033920923689292892
forest_cover,mlp,forest_cover/mlp,145,0,read,1.0,6,0.2769135973099205,20.069910285844273,0.1968346077842127,0.3761761071457004,-0.42583523027528736,0.0033920923689292892
forest_cover,mlp,forest_cover/mlp,192,1,retrieve,1.0,6,0.46875000058442273,24.698172248648532,0.3881451882388036,0.3289063661832656,1.82697680614681,0.00277772831345336
forest_cover,mlp,forest_cover/mlp,192,1,read,1.0,6,0.25365789124185256,21.940207259612855,0.18071395633379098,0.3289063661832656,1.82697680614681,0.00277772831345336
forest_cover,mlp,forest_cover/mlp,294,2,retrieve,1.0,6,0.49999999997797073,20.356588498599294,0.36751460839461,0.4913375427329035,1.9196636465605188,0.005918741816274922
forest_cover,mlp,forest_cover/mlp,294,2,read,1.0,6,0.7110938174180484,17.383240630455298,0.5962069041962035,0.4913375427329035,1.9196636465605188,0.005918741816274922
forest_cover,mlp,forest_cover/mlp,48,3,retrieve,1.0,6,0.6249967198357465,21.058242812920227,0.5516472205523303,0.41236673692413944,1.4152094056733069,0.0029133247169975318
forest_cover,mlp,forest_cover/mlp,48,3,read,1.0,6,0.9193239270187187,17.55382690036982,0.8561839292319751,0.41236673692413944,1.4152094056733069,0.0029133247169975318
forest_cover,mlp,forest_cover/mlp,368,4,retrieve,1.0,6,0.5630717593342363,19.625451378407796,0.200552021381112,0.48075554340569493,0.3298296101979705,0.017860467573182603
forest_cover,mlp,forest_cover/mlp,368,4,read,1.0,6,0.8657734055889863,16.895906654152117,0.5520046126729823,0.48075554340569493,0.3298296101979705,0.017860467573182603
forest_cover,mlp,forest_cover/mlp,279,5,retrieve,1.0,6,0.6238362449435544,19.437775637332642,0.2636892691444518,0.34932046934701017,0.6911895607283207,0.017910844445104275
forest_cover,mlp,forest_cover/mlp,279,5,read,1.0,6,0.9774576015482856,17.651991140173475,0.6492955340902797,0.34932046934701017,0.6911895607283207,0.017910844445104275
forest_cover,mlp,forest_cover/mlp,138,6,retrieve,1.0,6,0.6564015745758592,18.929197650613805,0.5120030117680772,0.41425838755157485,1.4064965537875649,0.006994409654943237
forest_cover,mlp,forest_cover/mlp,138,6,read,1.0,6,0.8721100637914605,18.017988300438063,0.7340848724602222,0.41425838755157485,1.4064965537875649,0.006994409654943237
forest_cover,mlp,forest_cover/mlp,132,7,retrieve,1.0,6,0.5622396484171441,18.274751461527885,0.4922483495055491,0.38126691657627254,0.9779391814288967,0.0031733016470116503
forest_cover,mlp,forest_cover/mlp,132,7,read,1.0,6,0.41378196680890256,20.31052819089885,0.3373305342490467,0.38126691657627254,0.9779391814288967,0.0031733016470116503
forest_cover,mlp,forest_cover/mlp,376,8,retrieve,1.0,6,0.4062651042649619,18.632627638226936,0.364842102132679,0.33222132133433807,1.0810880634369244,0.0015791117980546265
forest_cover,mlp,forest_cover/mlp,376,8,read,1.0,6,0.9418468078448594,19.250275436324415,0.8994484707875583,0.33222132133433807,1.0810880634369244,0.0015791117980546265
forest_cover,mlp,forest_cover/mlp,197,9,retrieve,1.0,6,0.2500800123289655,18.110742177857592,-0.08093701530764112,0.38145696030583054,1.0344847951280638,0.017614795931811155
forest_cover,mlp,forest_cover/mlp,197,9,read,1.0,6,0.3559426309229379,20.17784500027323,-0.011485991100591054,0.38145696030583054,1.0344847951280638,0.017614795931811155
forest_cover,mlp,forest_cover/mlp,104,10,retrieve,1.0,6,0.6868236396193376,22.266609989670595,0.39022545020034444,0.3648375457408396,-0.4559546980585658,0.012781388345644767
forest_cover,mlp,forest_cover/mlp,104,10,read,1.0,6,0.21069427156497023,20.082620231007397,-0.057989496605637555,0.3648375457408396,-0.4559546980585658,0.012781388345644767
forest_cover,mlp,forest_cover/mlp,29,11,retrieve,1.0,6,0.4062232993426995,18.263107274600372,0.20047857090231447,0.441539020145825,1.3373774171888182,0.010608530384631632
forest_cover,mlp,forest_cover/mlp,29,11,read,1.0,6,0.3806029330319186,18.530319176865493,0.17202347900721882,0.441539020145825,1.3373774171888182,0.010608530384631632
forest_cover,mlp,forest_cover/mlp,189,12,retrieve,1.0,6,0.6360573517568174,23.344145857074956,0.35820108195632167,0.35611606975886545,-0.9928101387693465,0.011388562744090384
forest_cover,mlp,forest_cover/mlp,189,12,read,1.0,6,0.1493543752156199,19.857369503321507,-0.088792523305544,0.35611606975886545,-0.9928101387693465,0.011388562744090384
forest_cover,mlp,forest_cover/mlp,208,13,retrieve,1.0,6,0.6480650276829245,22.97377822367597,0.6111972496336349,0.3247916596237124,-0.6412104491214926,0.0010824418085337718
forest_cover,mlp,forest_cover/mlp,208,13,read,1.0,6,0.16209238833879291,21.299720383219896,0.1270366804859167,0.3247916596237124,-0.6412104491214926,0.0010824418085337718
forest_cover,mlp,forest_cover/mlp,103,14,retrieve,1.0,6,0.4904883360494774,18.586014355002625,0.1910628550818555,0.4935078170034644,0.8217232066208382,0.01546461094227328
forest_cover,mlp,forest_cover/mlp,103,14,read,1.0,6,0.4422828043380632,17.587631072092176,0.158296932411921,0.4935078170034644,0.8217232066208382,0.01546461094227328
forest_cover,mlp,forest_cover/mlp,371,15,retrieve,1.0,6,0.4394977092469344,18.594550212727523,0.09833959838119184,0.3195331370056374,0.8280354969282266,0.017701859259840646
forest_cover,mlp,forest_cover/mlp,371,15,read,1.0,6,0.8484471765236664,21.42524254384157,0.45718054840463274,0.3195331370056374,0.8280354969282266,0.017701859259840646
forest_cover,mlp,forest_cover/mlp,281,16,retrieve,1.0,6,0.6249988794245811,21.868261316559767,0.4245942000732975,0.4029872212485777,1.742328406254876,0.008615439363193174
forest_cover,mlp,forest_cover/mlp,281,16,read,1.0,6,0.9293848557667351,17.603579472685077,0.7657222842446647,0.4029872212485777,1.742328406254876,0.008615439363193174
forest_cover,mlp,forest_cover/mlp,330,17,retrieve,1.0,6,0.4170719355970748,20.48608080962407,0.01620164442485673,0.423050258511735,-0.4871977649621634,0.01898217110368579
forest_cover,mlp,forest_cover/mlp,330,17,read,1.0,6,0.8182880798776587,18.227374396927942,0.4602929403042309,0.423050258511735,-0.4871977649621634,0.01898217110368579
forest_cover,mlp,forest_cover/mlp,382,18,retrieve,1.0,6,0.6704255318286909,20.735017913579565,0.6444465902620236,0.38747630657544296,-0.8590679531850022,0.0006741707012229004
forest_cover,mlp,forest_cover/mlp,382,18,read,1.0,6,0.4468374323633506,20.13536858898265,0.4212627568023346,0.38747630657544296,-0.8590679531850022,0.0006741707012229004
forest_cover,mlp,forest_cover/mlp,258,19,retrieve,1.0,6,0.755011929072724,18.892984442544464,0.47618494355697144,0.42306108010492594,0.7444650651876823,0.014123072314339813
forest_cover,mlp,forest_cover/mlp,258,19,read,1.0,6,0.8881300198598039,17.686848675614062,0.6263373770013212,0.42306108010492594,0.7444650651876823,0.014123072314339813
forest_cover,mlp,forest_cover/mlp,79,20,retrieve,1.0,6,0.35451231880282297,21.55924696277836,0.1893025162984493,0.30444707472648824,-0.1877013759750431,0.0071064542638658735
forest_cover,mlp,forest_cover/mlp,79,20,read,1.0,6,0.9500823910165913,20.092799674641025,0.7952938290957358,0.30444707472648824,-0.1877013759750431,0.0071064542638658735
forest_cover,mlp,forest_cover/mlp,170,21,retrieve,1.0,6,0.5743023814087873,18.441133699186093,0.44142708333775177,0.37767367197854274,0.5061487509822094,0.006554656565196446
forest_cover,mlp,forest_cover/mlp,170,21,read,1.0,6,0.9295865098578086,18.168719090833626,0.7984967959878659,0.37767367197854274,0.5061487509822094,0.006554656565196446
forest_cover,mlp,forest_cover/mlp,181,22,retrieve,1.0,6,0.676538463098044,19.113444576104644,0.5710011007008755,0.4122198329795276,1.2491606447842587,0.004893799337148653
forest_cover,mlp,forest_cover/mlp,181,22,read,1.0,6,0.3232394984038658,19.131028523139445,0.217616083698354,0.4122198329795276,1.2491606447842587,0.004893799337148653
forest_cover,mlp,forest_cover/mlp,106,23,retrieve,1.0,6,0.43750774091165723,19.650700448597377,0.09855059229306702,0.4292491051712227,1.3659609209524284,0.016638447544088827
forest_cover,mlp,forest_cover/mlp,106,23,read,1.0,6,0.7837524433822947,18.28383774992604,0.46753776807551917,0.4292491051712227,1.3659609209524284,0.016638447544088827
forest_cover,mlp,forest_cover/mlp,332,24,retrieve,1.0,6,0.33477487787035876,19.6500194520098,0.31174210688029985,0.32668610469581366,0.6898092381494592,0.0005614636167156806
forest_cover,mlp,forest_cover/mlp,332,24,read,1.0,6,0.016223774574118388,17.91711202255653,-0.005836031943166205,0.32668610469581366,0.6898092381494592,0.0005614636167156806
forest_cover,mlp,forest_cover/mlp,38,25,retrieve,1.0,6,0.8458895136303581,21.493250253863188,0.8237678303399039,0.31101534900983846,-0.4352990430796193,0.0004709238096101798
forest_cover,mlp,forest_cover/mlp,38,25,read,1.0,6,0.5235471708785754,23.83034855684411,0.5003248923518478,0.31101534900983846,-0.4352990430796193,0.0004709238096101798
forest_cover,mlp,forest_cover/mlp,67,26,retrieve,1.0,6,0.39620835181975056,22.159841388514266,0.11814878377294814,0.33403817355296345,-0.06580624646650302,0.012006384133448922
forest_cover,mlp,forest_cover/mlp,67,26,read,1.0,6,0.017900456578933355,17.81535444150675,-0.20799753231934207,0.33403817355296345,-0.06580624646650302,0.012006384133448922
forest_cover,mlp,forest_cover/mlp,174,27,retrieve,1.0,6,0.6255032299682683,19.006146878077693,0.2646078739392178,0.36215796346727475,1.0079573070781325,0.018356974628638577
forest_cover,mlp,forest_cover/mlp,174,27,read,1.0,6,0.8750135199850737,19.37706462566596,0.5073092362742336,0.36215796346727475,1.0079573070781325,0.018356974628638577
forest_cover,mlp,forest_cover/mlp,113,28,retrieve,1.0,6,0.5034311233347286,20.669026879150753,0.18032585538015516,0.44403077769704635,-0.2633538829138403,0.01505176173864244
forest_cover,mlp,forest_cover/mlp,113,28,read,1.0,6,0.8776392927918031,17.388543427304686,0.6039110801419759,0.44403077769704635,-0.2633538829138403,0.01505176173864244
forest_cover,mlp,forest_cover/mlp,257,29,retrieve,1.0,6,0.7022812633454811,23.021108179885204,0.5192259528051856,0.37098477519189627,-0.9399818641635767,0.0074303682170155415
forest_cover,mlp,forest_cover/mlp,257,29,read,1.0,6,0.9633526387841895,17.61940186139065,0.820433995190488,0.37098477519189627,-0.9399818641635767,0.0074303682170155415
forest_cover,mlp,forest_cover/mlp,34,30,retrieve,1.0,6,0.38308826082118375,20.33311488662821,0.19218504863710734,0.3039708145864962,0.6378780399789608,0.008798613157973628
forest_cover,mlp,forest_cover/mlp,34,30,read,1.0,6,0.020824324265312666,18.887208415431783,-0.15735691621609565,0.3039708145864962,0.6378780399789608,0.008798613157973628
forest_cover,mlp,forest_cover/mlp,47,31,retrieve,1.0,6,0.8008123101580668,19.32537181157779,0.6750041501804281,0.48042798022486904,0.10858219237478206,0.005889054093616784
forest_cover,mlp,forest_cover/mlp,47,31,read,1.0,6,0.6437038925329399,17.710506210988832,0.5274057634310907,0.48042798022486904,0.10858219237478206,0.005889054093616784
forest_cover,mlp,forest_cover/mlp,188,32,retrieve,1.0,6,0.7299320832095841,20.01691719560119,0.7002922380872696,0.32028405543379385,0.22737542586793902,0.0008812468448533629
forest_cover,mlp,forest_cover/mlp,188,32,read,1.0,6,0.3753170849058952,23.042785563245346,0.34301070283165264,0.32028405543379385,0.22737542586793902,0.0008812468448533629
forest_cover,mlp,forest_cover/mlp,32,33,retrieve,1.0,6,0.8384646382964406,20.216353312316567,0.7163077217366216,0.4259067824988158,-0.10491418116319973,0.00544890143430107
forest_cover,mlp,forest_cover/mlp,32,33,read,1.0,6,0.47012383070688635,19.006215774092997,0.3545608343147954,0.4259067824988158,-0.10491418116319973,0.00544890143430107
forest_cover,mlp,forest_cover/mlp,320,34,retrieve,1.0,6,0.4716158084579588,20.26626705182007,0.1950361149787474,0.4974308191075404,-0.37323647086221334,0.013055176505998429
forest_cover,mlp,forest_cover/mlp,320,34,read,1.0,6,0.7927821913626599,17.027431447722712,0.5584860683688515,0.4974308191075404,-0.37323647086221334,0.013055176505998429
forest_cover,mlp,forest_cover/mlp,114,35,retrieve,1.0,6,0.6495352030880965,22.342851533667744,0.551245213542251,0.34916192527711215,-0.12737500490258968,0.0038620849006590708
forest_cover,mlp,forest_cover/mlp,114,35,read,1.0,6,0.2143652548774143,20.715583125142988,0.12235991408145173,0.34916192527711215,-0.12737500490258968,0.0038620849006590708
forest_cover,mlp,forest_cover/mlp,361,36,retrieve,1.0,6,0.6226600648046685,23.901341618414264,0.5944203788984049,0.36232183853045646,-0.691319328664473,0.0006794466254459963
forest_cover,mlp,forest_cover/mlp,361,36,read,1.0,6,0.9556326208421287,18.022368287025557,0.9313873835269643,0.36232183853045646,-0.691319328664473,0.0006794466254459963
forest_cover,mlp,forest_cover/mlp,89,37,retrieve,1.0,6,0.24990714375156253,18.08223624675864,-0.04350122139310929,0.32820811299021696,0.8341742318374723,0.015562697074877348
forest_cover,mlp,forest_cover/mlp,89,37,read,1.0,6,0.1019795184861988,20.293967963796455,-0.22584935738163092,0.32820811299021696,0.8341742318374723,0.015562697074877348
forest_cover,mlp,forest_cover/mlp,390,38,retrieve,1.0,6,0.5937264271498044,19.611023682744996,0.26921781801649547,0.46219370095108403,1.400270562651167,0.01593535422672879
forest_cover,mlp,forest_cover/mlp,390,38,read,1.0,6,0.7985960046809414,17.558737575406678,0.506791301642663,0.46219370095108403,1.400270562651167,0.01593535422672879
forest_cover,mlp,forest_cover/mlp,97,39,retrieve,1.0,6,0.42576290895908986,19.3443827136251,0.15871899232889536,0.38232343288063514,0.5018581573936411,0.013184391583121225
forest_cover,mlp,forest_cover/mlp,97,39,read,1.0,6,0.08367026356100182,18.259962086364638,-0.1690762268785768,0.38232343288063514,0.5018581573936411,0.013184391583121225
