appId,model,variant,fidelity,intercept,coef_a0,coef_a1,coef_a2,coef_a3,coef_a4,C,nnz,k,coef_a2=0,coef_a2=1,coef_a4=0,coef_a4=1,coef_a1=0,coef_a1=1,coef_a5,coef_a0=0,coef_a0=1,coef_a3=0,coef_a3=1,coef_a5=0,coef_a5=1,kept_groups
mushrooms,mlp,l1_sparse_k3,0.4833333333333333,0.1535907869509519,0.0,,,0.0,0.0,0.001,,3.0,0.0,0.0,,,0.0,0.0,,,,,,,,
forest_cover,xgboost,dense,0.85,-1.264990691023688,-7.921550308781455,0.6409881113645621,-1.837029697456503,-1.1542717471151656,2.65478871025735,,,,,,,,,,6.161671917463328,,,,,,,
forest_cover,xgboost,sparse,0.8416666666666667,-0.189090458077367,-2.423207530643485,0.0,0.0,-0.2248834460708961,0.0,0.0109260086111737,,3.0,,,,,,,1.812198288781744,,,,,,,
wine_quality,mlp,dense,0.975,-0.2857510526047521,1.6256073062982073,0.7684260340756378,-0.4278124234569031,-1.1723748169290218,-0.335614772577978,,,,,,,,,,-0.3970652395768828,,,,,,,
wine_quality,mlp,sparse,0.955,-1.7250259905854235,5.000081224414007,2.240191053810276,,-4.308890609329269,,0.2126112333899656,,3.0,,,,,,,,,,,,,,"[""a0"", ""a3"", ""a1""]"
mushrooms,mlp,dense,0.8475,-1.5513320256614245,,3.552888700614347,-4.895550896463685,,2.526630519845668,,,,,,,,,,,1.4686748200788884,-1.4681970916467764,-0.4870988318178501,0.48757656024995677,0.0005256844073329767,-4.795597522340173e-05,
mushrooms,mlp,sparse,0.845,-0.9704619708182715,,8.563700482281435,-13.876548351131722,,7.660685929871172,0.040128070319427764,,3.0,,,,,,,,,,,,,,"[""a2"", ""a1"", ""a4""]"
adult,mlp,dense,0.92,-6.666698167379584,3.3104396681766053,4.90752689123013,,7.417368158690456,,,,,-2.3758150331652392,2.3735026849221734,-0.394759568913666,0.392447220670591,,,1.8337188583244906,,,,,,,
adult,mlp,sparse,0.9075,-7.1574526190718535,,9.535879751981486,,10.698877332559976,,0.0028942661247167516,,3.0,-3.1585961985105517,3.2018682658216773,,,,,,,,,,,,"[""a2"", ""a3"", ""a1""]"
