appId,model,depth,fidelity,tree_structure,class_labels
adult,xgboost,2,0.95,"[{""node"": 0, ""feature"": ""a2=1"", ""threshold"": 0.5, ""left"": 1, ""right"": 4, ""value"": [0.4423424073940357, 0.5576575926059644], ""is_leaf"": false}, {""node"": 1, ""feature"": ""a1"", ""threshold"": 4668.5, ""left"": 2, ""right"": 3, ""value"": [0.9091234988349166, 0.09087650116508335], ""is_leaf"": false}, {""node"": 2, ""feature"": null, ""threshold"": null, ""left"": null, ""right"": null, ""value"": [0.9617288651942117, 0.03827113480578827], ""is_leaf"": true}, {""node"": 3, ""feature"": null, ""threshold"": null, ""left"": null, ""right"": null, ""value"": [0.06422018348623854, 0.9357798165137615], ""is_leaf"": true}, {""node"": 4, ""feature"": ""a3"", ""threshold"": 8.5, ""left"": 5, ""right"": 6, ""value"": [0.12744860943168076, 0.8725513905683192], ""is_leaf"": false}, {""node"": 5, ""feature"": null, ""threshold"": null, ""left"": null, ""right"": null, ""value"": [0.9290123456790124, 0.07098765432098765], ""is_leaf"": true}, {""node"": 6, ""feature"": null, ""threshold"": null, ""left"": null, ""right"": null, ""value"": [0.05930202046706901, 0.940697979532931], ""is_leaf"": true}]","[0, 1]"
adult,xgboost,3,0.95,"[{""node"": 0, ""feature"": ""a2=1"", ""threshold"": 0.5, ""left"": 1, ""right"": 8, ""value"": [0.4423424073940357, 0.5576575926059644], ""is_leaf"": false}, {""node"": 1, ""feature"": ""a1"", ""threshold"": 4668.5, ""left"": 2, ""right"": 5, ""value"": [0.9091234988349166, 0.09087650116508335], ""is_leaf"": false}, {""node"": 2, ""feature"": ""a3"", ""threshold"": 13.5, ""left"": 3, ""right"": 4, ""value"": [0.9617288651942117, 0.03827113480578827], ""is_leaf"": false}, {""node"": 3, ""feature"": null, ""threshold"": null, ""left"": null, ""right"": null, ""value"": [1.0, 0.0], ""is_leaf"": true}, {""node"": 4, ""feature"": null, ""threshold"": null, ""left"": null, ""right"": null, ""value"": [0.4654255319148936, 0.5345744680851063], ""is_leaf"": true}, {""node"": 5, ""feature"": ""a1"", ""threshold"": 7055.5, ""left"": 6, ""right"": 7, ""value"": [0.06422018348623854, 0.9357798165137615], ""is_leaf"": false}, {""node"": 6, ""feature"": null, ""threshold"": null, ""left"": null, ""right"": null, ""value"": [0.42857142857142855, 0.5714285714285714], ""is_leaf"": true}, {""node"": 7, ""feature"": null, ""threshold"": null, ""left"": null, ""right"": null, ""value"": [0.0, 1.0], ""is_leaf"": true}, {""node"": 8, ""feature"": ""a3"", ""threshold"": 8.5, ""left"": 9, ""right"": 12, ""value"": [0.12744860943168076, 0.8725513905683192], ""is_leaf"": false}, {""node"": 9, ""feature"": ""a1"", ""threshold"": 5095.5, ""left"": 10, ""right"": 11, ""value"": [0.9290123456790124, 0.07098765432098765], ""is_leaf"": false}, {""node"": 10, ""feature"": null, ""threshold"": null, ""left"": null, ""right"": null, ""value"": [0.9788617886178862, 0.02113821138211382], ""is_leaf"": true}, {""node"": 11, ""feature"": null, ""threshold"": null, ""left"": null, ""right"": null, ""value"": [0.0, 1.0], ""is_leaf"": true}, {""node"": 12, ""feature"": ""a0"", ""threshold"": 28.5, ""left"": 13, ""right"": 14, ""value"": [0.05930202046706901, 0.940697979532931], ""is_leaf"": false}, {""node"": 13, ""feature"": null, ""threshold"": null, ""left"": null, ""right"": null, ""value"": [0.6510204081632653, 0.3489795918367347], ""is_leaf"": true}, {""node"": 14, ""feature"": null, ""threshold"": null, ""left"": null, ""right"": null, ""value"": [0.01864834548513741, 0.9813516545148626], ""is_leaf"": true}]","[0, 1]"
wine_quality,mlp,2,0.9225,"[{""node"": 0, ""feature"": ""a0"", ""threshold"": 10.849999904632568, ""left"": 1, ""right"": 4, ""value"": [0.5, 0.5], ""is_leaf"": false}, {""node"": 1, ""feature"": ""a3"", ""threshold"": 0.375, ""left"": 2, ""right"": 3, ""value"": [0.8421052631578947, 0.15789473684210525], ""is_leaf"": false}, {""node"": 2, ""feature"": null, ""threshold"": null, ""left"": null, ""right"": null, ""value"": [0.18181818181818182, 0.8181818181818182], ""is_leaf"": true}, {""node"": 3, ""feature"": null, ""threshold"": null, ""left"": null, ""right"": null, ""value"": [0.972972972972973, 0.02702702702702703], ""is_leaf"": true}, {""node"": 4, ""feature"": ""a3"", ""threshold"": 0.5649999976158142, ""left"": 5, ""right"": 6, ""value"": [0.14173228346456693, 0.8582677165354331], ""is_leaf"": false}, {""node"": 5, ""feature"": null, ""threshold"": null, ""left"": null, ""right"": null, ""value"": [0.0196078431372549, 0.9803921568627451], ""is_leaf"": true}, {""node"": 6, ""feature"": null, ""threshold"": null, ""left"": null, ""right"": null, ""value"": [0.64, 0.36], ""is_leaf"": true}]","[0, 1]"
wine_quality,mlp,3,0.955,"[{""node"": 0, ""feature"": ""a0"", ""threshold"": 10.849999904632568, ""left"": 1, ""right"": 8, ""value"": [0.5, 0.5], ""is_leaf"": false}, {""node"": 1, ""feature"": ""a3"", ""threshold"": 0.375, ""left"": 2, ""right"": 5, ""value"": [0.8421052631578947, 0.15789473684210525], ""is_leaf"": false}, {""node"": 2, ""feature"": ""a1"", ""threshold"": 0.6049999892711639, ""left"": 3, ""right"": 4, ""value"": [0.18181818181818182, 0.8181818181818182], ""is_leaf"": false}, {""node"": 3, ""feature"": null, ""threshold"": null, ""left"": null, ""right"": null, ""value"": [0.8, 0.2], ""is_leaf"": true}, {""node"": 4, ""feature"": null, ""threshold"": null, ""left"": null, ""right"": null, ""value"": [0.0, 1.0], ""is_leaf"": true}, {""node"": 5, ""feature"": ""a1"", ""threshold"": 1.64000004529953, ""left"": 6, ""right"": 7, ""value"": [0.972972972972973, 0.02702702702702703], ""is_leaf"": false}, {""node"": 6, ""feature"": null, ""threshold"": null, ""left"": null, ""right"": null, ""value"": [0.9818181818181818, 0.01818181818181818], ""is_leaf"": true}, {""node"": 7, ""feature"": null, ""threshold"": null, ""left"": null, ""right"": null, ""value"": [0.0, 1.0], ""is_leaf"": true}, {""node"": 8, ""feature"": ""a3"", ""threshold"": 0.5649999976158142, ""left"": 9, ""right"": 12, ""value"": [0.14173228346456693, 0.8582677165354331], ""is_leaf"": false}, {""node"": 9, ""feature"": ""a1"", ""threshold"": 0.5049999952316284, ""left"": 10, ""right"": 11, ""value"": [0.0196078431372549, 0.9803921568627451], ""is_leaf"": false}, {""node"": 10, ""feature"": null, ""threshold"": null, ""left"": null, ""right"": null, ""value"": [0.5, 0.5], ""is_leaf"": true}, {""node"": 11, ""feature"": null, ""threshold"": null, ""left"": null, ""right"": null, ""value"": [0.0, 1.0], ""is_leaf"": true}, {""node"": 12, ""feature"": ""a0"", ""threshold"": 12.400000095367432, ""left"": 13, ""right"": 14, ""value"": [0.64, 0.36], ""is_leaf"": false}, {""node"": 13, ""feature"": null, ""threshold"": null, ""left"": null, ""right"": null, ""value"": [0.8888888888888888, 0.1111111111111111], ""is_leaf"": true}, {""node"": 14, ""feature"": null, ""threshold"": null, ""left"": null, ""right"": null, ""value"": [0.0, 1.0], ""is_leaf"": true}]","[0, 1]"
mushrooms,mlp,2,0.785,"[{""node"": 0, ""feature"": ""a1"", ""threshold"": 3.4250000715255737, ""left"": 1, ""right"": 4, ""value"": [0.43297587131367293, 0.5670241286863271], ""is_leaf"": false}, {""node"": 1, ""feature"": ""a4"", ""threshold"": 3.284999966621399, ""left"": 2, ""right"": 3, ""value"": [0.9133333333333333, 0.08666666666666667], ""is_leaf"": false}, {""node"": 2, ""feature"": null, ""threshold"": null, ""left"": null, ""right"": null, ""value"": [0.9676258992805755, 0.03237410071942446], ""is_leaf"": true}, {""node"": 3, ""feature"": null, ""threshold"": null, ""left"": null, ""right"": null, ""value"": [0.22727272727272727, 0.7727272727272727], ""is_leaf"": true}, {""node"": 4, ""feature"": ""a2"", ""threshold"": 12.78499984741211, ""left"": 5, ""right"": 6, ""value"": [0.3408945686900958, 0.6591054313099042], ""is_leaf"": false}, {""node"": 5, ""feature"": null, ""threshold"": null, ""left"": null, ""right"": null, ""value"": [0.11290322580645161, 0.8870967741935484], ""is_leaf"": true}, {""node"": 6, ""feature"": null, ""threshold"": null, ""left"": null, ""right"": null, ""value"": [0.6486486486486487, 0.35135135135135137], ""is_leaf"": true}]","[0, 1]"
mushrooms,mlp,3,0.8,"[{""node"": 0, ""feature"": ""a1"", ""threshold"": 3.4250000715255737, ""left"": 1, ""right"": 8, ""value"": [0.43297587131367293, 0.5670241286863271], ""is_leaf"": false}, {""node"": 1, ""feature"": ""a4"", ""threshold"": 3.284999966621399, ""left"": 2, ""right"": 5, ""value"": [0.9133333333333333, 0.08666666666666667], ""is_leaf"": false}, {""node"": 2, ""feature"": ""a3=1"", ""threshold"": 0.5, ""left"": 3, ""right"": 4, ""value"": [0.9676258992805755, 0.03237410071942446], ""is_leaf"": false}, {""node"": 3, ""feature"": null, ""threshold"": null, ""left"": null, ""right"": null, ""value"": [1.0, 0.0], ""is_leaf"": true}, {""node"": 4, ""feature"": null, ""threshold"": null, ""left"": null, ""right"": null, ""value"": [0.6538461538461539, 0.34615384615384615], ""is_leaf"": true}, {""node"": 5, ""feature"": ""a2"", ""threshold"": 3.944999933242798, ""left"": 6, ""right"": 7, ""value"": [0.22727272727272727, 0.7727272727272727], ""is_leaf"": false}, {""node"": 6, ""feature"": null, ""threshold"": null, ""left"": null, ""right"": null, ""value"": [1.0, 0.0], ""is_leaf"": true}, {""node"": 7, ""feature"": null, ""threshold"": null, ""left"": null, ""right"": null, ""value"": [0.15, 0.85], ""is_leaf"": true}, {""node"": 8, ""feature"": ""a2"", ""threshold"": 12.78499984741211, ""left"": 9, ""right"": 12, ""value"": [0.3408945686900958, 0.6591054313099042], ""is_leaf"": false}, {""node"": 9, ""feature"": ""a4"", ""threshold"": 1.3450000286102295, ""left"": 10, ""right"": 11, ""value"": [0.11290322580645161, 0.8870967741935484], ""is_leaf"": false}, {""node"": 10, ""feature"": null, ""threshold"": null, ""left"": null, ""right"": null, ""value"": [0.7525773195876289, 0.24742268041237114], ""is_leaf"": true}, {""node"": 11, ""feature"": null, ""threshold"": null, ""left"": null, ""right"": null, ""value"": [0.07642563198118754, 0.9235743680188124], ""is_leaf"": true}, {""node"": 12, ""feature"": ""a0=1"", ""threshold"": 0.5, ""left"": 13, ""right"": 14, ""value"": [0.6486486486486487, 0.35135135135135137], ""is_leaf"": false}, {""node"": 13, ""feature"": null, ""threshold"": null, ""left"": null, ""right"": null, ""value"": [0.5214723926380368, 0.4785276073619632], ""is_leaf"": true}, {""node"": 14, ""feature"": null, ""threshold"": null, ""left"": null, ""right"": null, ""value"": [1.0, 0.0], ""is_leaf"": true}]","[0, 1]"
forest_cover,mlp,2,0.8675,"[{""node"": 0, ""feature"": ""a0"", ""threshold"": 2375.5, ""left"": 1, ""right"": 4, ""value"": [0.466626213592233, 0.533373786407767], ""is_leaf"": false}, {""node"": 1, ""feature"": ""a5"", ""threshold"": 184.5, ""left"": 2, ""right"": 3, ""value"": [0.25917832167832167, 0.7408216783216783], ""is_leaf"": false}, {""node"": 2, ""feature"": null, ""threshold"": null, ""left"": null, ""right"": null, ""value"": [0.8131868131868132, 0.18681318681318682], ""is_leaf"": true}, {""node"": 3, ""feature"": null, ""threshold"": null, ""left"": null, ""right"": null, ""value"": [0.12165848336061102, 0.878341516639389], ""is_leaf"": true}, {""node"": 4, ""feature"": ""a0"", ""threshold"": 2399.5, ""left"": 5, ""right"": 6, ""value"": [0.9375, 0.0625], ""is_leaf"": false}, {""node"": 5, ""feature"": null, ""threshold"": null, ""left"": null, ""right"": null, ""value"": [0.6716417910447762, 0.3283582089552239], ""is_leaf"": true}, {""node"": 6, ""feature"": null, ""threshold"": null, ""left"": null, ""right"": null, ""value"": [0.9782608695652174, 0.021739130434782608], ""is_leaf"": true}]","[0, 1]"
forest_cover,mlp,3,0.9,"[{""node"": 0, ""feature"": ""a0"", ""threshold"": 2375.5, ""left"": 1, ""right"": 8, ""value"": [0.466626213592233, 0.533373786407767], ""is_leaf"": false}, {""node"": 1, ""feature"": ""a5"", ""threshold"": 184.5, ""left"": 2, ""right"": 5, ""value"": [0.25917832167832167, 0.7408216783216783], ""is_leaf"": false}, {""node"": 2, ""feature"": ""a3"", ""threshold"": 36.0, ""left"": 3, ""right"": 4, ""value"": [0.8131868131868132, 0.18681318681318682], ""is_leaf"": false}, {""node"": 3, ""feature"": null, ""threshold"": null, ""left"": null, ""right"": null, ""value"": [0.30851063829787234, 0.6914893617021277], ""is_leaf"": true}, {""node"": 4, ""feature"": null, ""threshold"": null, ""left"": null, ""right"": null, ""value"": [0.9445983379501385, 0.055401662049861494], ""is_leaf"": true}, {""node"": 5, ""feature"": ""a4"", ""threshold"": 241.0, ""left"": 6, ""right"": 7, ""value"": [0.12165848336061102, 0.878341516639389], ""is_leaf"": false}, {""node"": 6, ""feature"": null, ""threshold"": null, ""left"": null, ""right"": null, ""value"": [0.5416666666666666, 0.4583333333333333], ""is_leaf"": true}, {""node"": 7, ""feature"": null, ""threshold"": null, ""left"": null, ""right"": null, ""value"": [0.09223584354932866, 0.9077641564506713], ""is_leaf"": true}, {""node"": 8, ""feature"": ""a0"", ""threshold"": 2399.5, ""left"": 9, ""right"": 12, ""value"": [0.9375, 0.0625], ""is_leaf"": false}, {""node"": 9, ""feature"": ""a5"", ""threshold"": 228.5, ""left"": 10, ""right"": 11, ""value"": [0.6716417910447762, 0.3283582089552239], ""is_leaf"": false}, {""node"": 10, ""feature"": null, ""threshold"": null, ""left"": null, ""right"": null, ""value"": [0.9333333333333333, 0.06666666666666667], ""is_leaf"": true}, {""node"": 11, ""feature"": null, ""threshold"": null, ""left"": null, ""right"": null, ""value"": [0.3389830508474576, 0.6610169491525424], ""is_leaf"": true}, {""node"": 12, ""feature"": ""a3"", ""threshold"": 15.0, ""left"": 13, ""right"": 14, ""value"": [0.9782608695652174, 0.021739130434782608], ""is_leaf"": false}, {""node"": 13, ""feature"": null, ""threshold"": null, ""left"": null, ""right"": null, ""value"": [0.7073170731707317, 0.2926829268292683], ""is_leaf"": true}, {""node"": 14, ""feature"": null, ""threshold"": null, ""left"": null, ""right"": null, ""value"": [0.9915966386554622, 0.008403361344537815], ""is_leaf"": true}]","[0, 1]"
adult,mlp,2,0.94,"[{""node"": 0, ""feature"": ""a2=1"", ""threshold"": 0.5, ""left"": 1, ""right"": 4, ""value"": [0.4654487688641779, 0.534551231135822], ""is_leaf"": false}, {""node"": 1, ""feature"": ""a1"", ""threshold"": 6673.0, ""left"": 2, ""right"": 3, ""value"": [0.9111032406587568, 0.08889675934124314], ""is_leaf"": false}, {""node"": 2, ""feature"": null, ""threshold"": null, ""left"": null, ""right"": null, ""value"": [0.9543260304493131, 0.04567396955068696], ""is_leaf"": true}, {""node"": 3, ""feature"": null, ""threshold"": null, ""left"": null, ""right"": null, ""value"": [0.019157088122605363, 0.9808429118773946], ""is_leaf"": true}, {""node"": 4, ""feature"": ""a3"", ""threshold"": 8.5, ""left"": 5, ""right"": 6, ""value"": [0.15861984881736163, 0.8413801511826384], ""is_leaf"": false}, {""node"": 5, ""feature"": null, ""threshold"": null, ""left"": null, ""right"": null, ""value"": [0.8791946308724832, 0.12080536912751678], ""is_leaf"": true}, {""node"": 6, ""feature"": null, ""threshold"": null, ""left"": null, ""right"": null, ""value"": [0.10215619247962135, 0.8978438075203786], ""is_leaf"": true}]","[0, 1]"
adult,mlp,3,0.94,"[{""node"": 0, ""feature"": ""a2=1"", ""threshold"": 0.5, ""left"": 1, ""right"": 8, ""value"": [0.4654487688641779, 0.534551231135822], ""is_leaf"": false}, {""node"": 1, ""feature"": ""a1"", ""threshold"": 6673.0, ""left"": 2, ""right"": 5, ""value"": [0.9111032406587568, 0.08889675934124314], ""is_leaf"": false}, {""node"": 2, ""feature"": ""a3"", ""threshold"": 14.5, ""left"": 3, ""right"": 4, ""value"": [0.9543260304493131, 0.04567396955068696], ""is_leaf"": false}, {""node"": 3, ""feature"": null, ""threshold"": null, ""left"": null, ""right"": null, ""value"": [0.9696221758116574, 0.03037782418834251], ""is_leaf"": true}, {""node"": 4, ""feature"": null, ""threshold"": null, ""left"": null, ""right"": null, ""value"": [0.2773109243697479, 0.7226890756302521], ""is_leaf"": true}, {""node"": 5, ""feature"": ""a1"", ""threshold"": 7139.5, ""left"": 6, ""right"": 7, ""value"": [0.019157088122605363, 0.9808429118773946], ""is_leaf"": false}, {""node"": 6, ""feature"": null, ""threshold"": null, ""left"": null, ""right"": null, ""value"": [0.4444444444444444, 0.5555555555555556], ""is_leaf"": true}, {""node"": 7, ""feature"": null, ""threshold"": null, ""left"": null, ""right"": null, ""value"": [0.003968253968253968, 0.996031746031746], ""is_leaf"": true}, {""node"": 8, ""feature"": ""a3"", ""threshold"": 8.5, ""left"": 9, ""right"": 12, ""value"": [0.15861984881736163, 0.8413801511826384], ""is_leaf"": false}, {""node"": 9, ""feature"": ""a1"", ""threshold"": 3986.0, ""left"": 10, ""right"": 11, ""value"": [0.8791946308724832, 0.12080536912751678], ""is_leaf"": false}, {""node"": 10, ""feature"": null, ""threshold"": null, ""left"": null, ""right"": null, ""value"": [0.9301075268817204, 0.06989247311827956], ""is_leaf"": true}, {""node"": 11, ""feature"": null, ""threshold"": null, ""left"": null, ""right"": null, ""value"": [0.13157894736842105, 0.868421052631579], ""is_leaf"": true}, {""node"": 12, ""feature"": ""a0"", ""threshold"": 34.5, ""left"": 13, ""right"": 14, ""value"": [0.10215619247962135, 0.8978438075203786], ""is_leaf"": false}, {""node"": 13, ""feature"": null, ""threshold"": null, ""left"": null, ""right"": null, ""value"": [0.38895486935866985, 0.6110451306413301], ""is_leaf"": true}, {""node"": 14, ""feature"": null, ""threshold"": null, ""left"": null, ""right"": null, ""value"": [0.020601148260722728, 0.9793988517392773], ""is_leaf"": true}]","[0, 1]"
breast_cancer,mlp,2,0.9725,"[{""node"": 0, ""feature"": ""a0"", ""threshold"": 117.44999694824219, ""left"": 1, ""right"": 4, ""value"": [0.64, 0.36], ""is_leaf"": false}, {""node"": 1, ""feature"": ""a4"", ""threshold"": 0.15630000084638596, ""left"": 2, ""right"": 3, ""value"": [0.9107142857142857, 0.08928571428571429], ""is_leaf"": false}, {""node"": 2, ""feature"": null, ""threshold"": null, ""left"": null, ""right"": null, ""value"": [0.9693486590038314, 0.03065134099616858], ""is_leaf"": true}, {""node"": 3, ""feature"": null, ""threshold"": null, ""left"": null, ""right"": null, ""value"": [0.10526315789473684, 0.8947368421052632], ""is_leaf"": true}, {""node"": 4, ""feature"": ""a1"", ""threshold"": 0.03046999964863062, ""left"": 5, ""right"": 6, ""value"": [0.008333333333333333, 0.9916666666666667], ""is_leaf"": false}, {""node"": 5, ""feature"": null, ""threshold"": null, ""left"": null, ""right"": null, ""value"": [0.5, 0.5], ""is_leaf"": true}, {""node"": 6, ""feature"": null, ""threshold"": null, ""left"": null, ""right"": null, ""value"": [0.0, 1.0], ""is_leaf"": true}]","[0, 1]"
breast_cancer,mlp,3,0.98,"[{""node"": 0, ""feature"": ""a0"", ""threshold"": 117.44999694824219, ""left"": 1, ""right"": 8, ""value"": [0.64, 0.36], ""is_leaf"": false}, {""node"": 1, ""feature"": ""a4"", ""threshold"": 0.15630000084638596, ""left"": 2, ""right"": 5, ""value"": [0.9107142857142857, 0.08928571428571429], ""is_leaf"": false}, {""node"": 2, ""feature"": ""a0"", ""threshold"": 107.79999923706055, ""left"": 3, ""right"": 4, ""value"": [0.9693486590038314, 0.03065134099616858], ""is_leaf"": false}, {""node"": 3, ""feature"": null, ""threshold"": null, ""left"": null, ""right"": null, ""value"": [1.0, 0.0], ""is_leaf"": true}, {""node"": 4, ""feature"": null, ""threshold"": null, ""left"": null, ""right"": null, ""value"": [0.7142857142857143, 0.2857142857142857], ""is_leaf"": true}, {""node"": 5, ""feature"": ""a2"", ""threshold"": 444.3000030517578, ""left"": 6, ""right"": 7, ""value"": [0.10526315789473684, 0.8947368421052632], ""is_leaf"": false}, {""node"": 6, ""feature"": null, ""threshold"": null, ""left"": null, ""right"": null, ""value"": [1.0, 0.0], ""is_leaf"": true}, {""node"": 7, ""feature"": null, ""threshold"": null, ""left"": null, ""right"": null, ""value"": [0.0, 1.0], ""is_leaf"": true}, {""node"": 8, ""feature"": ""a4"", ""threshold"": 0.08586500212550163, ""left"": 9, ""right"": 12, ""value"": [0.008333333333333333, 0.9916666666666667], ""is_leaf"": false}, {""node"": 9, ""feature"": ""a1"", ""threshold"": 0.03474499937146902, ""left"": 10, ""right"": 11, ""value"": [0.5, 0.5], ""is_leaf"": false}, {""node"": 10, ""feature"": null, ""threshold"": null, ""left"": null, ""right"": null, ""value"": [1.0, 0.0], ""is_leaf"": true}, {""node"": 11, ""feature"": null, ""threshold"": null, ""left"": null, ""right"": null, ""value"": [0.0, 1.0], ""is_leaf"": true}, {""node"": 12, ""feature"": null, ""threshold"": null, ""left"": null, ""right"": null, ""value"": [0.0, 1.0], ""is_leaf"": true}]","[0, 1]"
breast_cancer,xgboost,2,0.9625,"[{""node"": 0, ""feature"": ""a0"", ""threshold"": 114.39999771118164, ""left"": 1, ""right"": 4, ""value"": [0.6325, 0.3675], ""is_leaf"": false}, {""node"": 1, ""feature"": ""a4"", ""threshold"": 0.16029999405145645, ""left"": 2, ""right"": 3, ""value"": [0.9124087591240876, 0.08759124087591241], ""is_leaf"": false}, {""node"": 2, ""feature"": null, ""threshold"": null, ""left"": null, ""right"": null, ""value"": [0.9576923076923077, 0.04230769230769231], ""is_leaf"": true}, {""node"": 3, ""feature"": null, ""threshold"": null, ""left"": null, ""right"": null, ""value"": [0.07142857142857142, 0.9285714285714286], ""is_leaf"": true}, {""node"": 4, ""feature"": ""a1"", ""threshold"": 0.050084998831152916, ""left"": 5, ""right"": 6, ""value"": [0.023809523809523808, 0.9761904761904762], ""is_leaf"": false}, {""node"": 5, ""feature"": null, ""threshold"": null, ""left"": null, ""right"": null, ""value"": [0.375, 0.625], ""is_leaf"": true}, {""node"": 6, ""feature"": null, ""threshold"": null, ""left"": null, ""right"": null, ""value"": [0.0, 1.0], ""is_leaf"": true}]","[0, 1]"
breast_cancer,xgboost,3,0.97,"[{""node"": 0, ""feature"": ""a0"", ""threshold"": 114.39999771118164, ""left"": 1, ""right"": 8, ""value"": [0.6325, 0.3675], ""is_leaf"": false}, {""node"": 1, ""feature"": ""a4"", ""threshold"": 0.16029999405145645, ""left"": 2, ""right"": 5, ""value"": [0.9124087591240876, 0.08759124087591241], ""is_leaf"": false}, {""node"": 2, ""feature"": ""a0"", ""threshold"": 107.29999923706055, ""left"": 3, ""right"": 4, ""value"": [0.9576923076923077, 0.04230769230769231], ""is_leaf"": false}, {""node"": 3, ""feature"": null, ""threshold"": null, ""left"": null, ""right"": null, ""value"": [0.9957081545064378, 0.004291845493562232], ""is_leaf"": true}, {""node"": 4, ""feature"": null, ""threshold"": null, ""left"": null, ""right"": null, ""value"": [0.6296296296296297, 0.37037037037037035], ""is_leaf"": true}, {""node"": 5, ""feature"": ""a2"", ""threshold"": 416.40000915527344, ""left"": 6, ""right"": 7, ""value"": [0.07142857142857142, 0.9285714285714286], ""is_leaf"": false}, {""node"": 6, ""feature"": null, ""threshold"": null, ""left"": null, ""right"": null, ""value"": [1.0, 0.0], ""is_leaf"": true}, {""node"": 7, ""feature"": null, ""threshold"": null, ""left"": null, ""right"": null, ""value"": [0.0, 1.0], ""is_leaf"": true}, {""node"": 8, ""feature"": ""a4"", ""threshold"": 0.1132499985396862, ""left"": 9, ""right"": 12, ""value"": [0.023809523809523808, 0.9761904761904762], ""is_leaf"": false}, {""node"": 9, ""feature"": ""a0"", ""threshold"": 118.75, ""left"": 10, ""right"": 11, ""value"": [0.375, 0.625], ""is_leaf"": false}, {""node"": 10, ""feature"": null, ""threshold"": null, ""left"": null, ""right"": null, ""value"": [1.0, 0.0], ""is_leaf"": true}, {""node"": 11, ""feature"": null, ""threshold"": null, ""left"": null, ""right"": null, ""value"": [0.16666666666666666, 0.8333333333333334], ""is_leaf"": true}, {""node"": 12, ""feature"": null, ""threshold"": null, ""left"": null, ""right"": null, ""value"": [0.0, 1.0], ""is_leaf"": true}]","[0, 1]"
wine_binary,mlp,2,0.9846153846153848,"[{""node"": 0, ""feature"": ""a0"", ""threshold"": 755.0, ""left"": 1, ""right"": 4, ""value"": [0.46153846153846156, 0.5384615384615384], ""is_leaf"": false}, {""node"": 1, ""feature"": ""a1"", ""threshold"": 13.174999713897705, ""left"": 2, ""right"": 3, ""value"": [0.028985507246376812, 0.9710144927536232], ""is_leaf"": false}, {""node"": 2, ""feature"": null, ""threshold"": null, ""left"": null, ""right"": null, ""value"": [0.0, 1.0], ""is_leaf"": true}, {""node"": 3, ""feature"": null, ""threshold"": null, ""left"": null, ""right"": null, ""value"": [0.3333333333333333, 0.6666666666666666], ""is_leaf"": true}, {""node"": 4, ""feature"": ""a1"", ""threshold"": 12.660000324249268, ""left"": 5, ""right"": 6, ""value"": [0.9508196721311475, 0.04918032786885246], ""is_leaf"": false}, {""node"": 5, ""feature"": null, ""threshold"": null, ""left"": null, ""right"": null, ""value"": [0.0, 1.0], ""is_leaf"": true}, {""node"": 6, ""feature"": null, ""threshold"": null, ""left"": null, ""right"": null, ""value"": [1.0, 0.0], ""is_leaf"": true}]","[0, 1]"
wine_binary,mlp,3,1.0,"[{""node"": 0, ""feature"": ""a0"", ""threshold"": 755.0, ""left"": 1, ""right"": 6, ""value"": [0.46153846153846156, 0.5384615384615384], ""is_leaf"": false}, {""node"": 1, ""feature"": ""a1"", ""threshold"": 13.174999713897705, ""left"": 2, ""right"": 3, ""value"": [0.028985507246376812, 0.9710144927536232], ""is_leaf"": false}, {""node"": 2, ""feature"": null, ""threshold"": null, ""left"": null, ""right"": null, ""value"": [0.0, 1.0], ""is_leaf"": true}, {""node"": 3, ""feature"": ""a1"", ""threshold"": 13.289999961853027, ""left"": 4, ""right"": 5, ""value"": [0.3333333333333333, 0.6666666666666666], ""is_leaf"": false}, {""node"": 4, ""feature"": null, ""threshold"": null, ""left"": null, ""right"": null, ""value"": [1.0, 0.0], ""is_leaf"": true}, {""node"": 5, ""feature"": null, ""threshold"": null, ""left"": null, ""right"": null, ""value"": [0.0, 1.0], ""is_leaf"": true}, {""node"": 6, ""feature"": ""a2"", ""threshold"": 3.2799999713897705, ""left"": 7, ""right"": 8, ""value"": [0.9508196721311475, 0.04918032786885246], ""is_leaf"": false}, {""node"": 7, ""feature"": null, ""threshold"": null, ""left"": null, ""right"": null, ""value"": [0.0, 1.0], ""is_leaf"": true}, {""node"": 8, ""feature"": null, ""threshold"": null, ""left"": null, ""right"": null, ""value"": [1.0, 0.0], ""is_leaf"": true}]","[0, 1]"
wine_binary,xgboost,2,0.9846153846153848,"[{""node"": 0, ""feature"": ""a0"", ""threshold"": 755.0, ""left"": 1, ""right"": 4, ""value"": [0.46153846153846156, 0.5384615384615384], ""is_leaf"": false}, {""node"": 1, ""feature"": ""a1"", ""threshold"": 13.174999713897705, ""left"": 2, ""right"": 3, ""value"": [0.028985507246376812, 0.9710144927536232], ""is_leaf"": false}, {""node"": 2, ""feature"": null, ""threshold"": null, ""left"": null, ""right"": null, ""value"": [0.0, 1.0], ""is_leaf"": true}, {""node"": 3, ""feature"": null, ""threshold"": null, ""left"": null, ""right"": null, ""value"": [0.3333333333333333, 0.6666666666666666], ""is_leaf"": true}, {""node"": 4, ""feature"": ""a1"", ""threshold"": 12.660000324249268, ""left"": 5, ""right"": 6, ""value"": [0.9508196721311475, 0.04918032786885246], ""is_leaf"": false}, {""node"": 5, ""feature"": null, ""threshold"": null, ""left"": null, ""right"": null, ""value"": [0.0, 1.0], ""is_leaf"": true}, {""node"": 6, ""feature"": null, ""threshold"": null, ""left"": null, ""right"": null, ""value"": [1.0, 0.0], ""is_leaf"": true}]","[0, 1]"
wine_binary,xgboost,3,1.0,"[{""node"": 0, ""feature"": ""a0"", ""threshold"": 755.0, ""left"": 1, ""right"": 6, ""value"": [0.46153846153846156, 0.5384615384615384], ""is_leaf"": false}, {""node"": 1, ""feature"": ""a1"", ""threshold"": 13.174999713897705, ""left"": 2, ""right"": 3, ""value"": [0.028985507246376812, 0.9710144927536232], ""is_leaf"": false}, {""node"": 2, ""feature"": null, ""threshold"": null, ""left"": null, ""right"": null, ""value"": [0.0, 1.0], ""is_leaf"": true}, {""node"": 3, ""feature"": ""a1"", ""threshold"": 13.289999961853027, ""left"": 4, ""right"": 5, ""value"": [0.3333333333333333, 0.6666666666666666], ""is_leaf"": false}, {""node"": 4, ""feature"": null, ""threshold"": null, ""left"": null, ""right"": null, ""value"": [1.0, 0.0], ""is_leaf"": true}, {""node"": 5, ""feature"": null, ""threshold"": null, ""left"": null, ""right"": null, ""value"": [0.0, 1.0], ""is_leaf"": true}, {""node"": 6, ""feature"": ""a2"", ""threshold"": 3.2799999713897705, ""left"": 7, ""right"": 8, ""value"": [0.9508196721311475, 0.04918032786885246], ""is_leaf"": false}, {""node"": 7, ""feature"": null, ""threshold"": null, ""left"": null, ""right"": null, ""value"": [0.0, 1.0], ""is_leaf"": true}, {""node"": 8, ""feature"": null, ""threshold"": null, ""left"": null, ""right"": null, ""value"": [1.0, 0.0], ""is_leaf"": true}]","[0, 1]"
anes96_vote,mlp,2,0.94,"[{""node"": 0, ""feature"": ""a0"", ""threshold"": 3.5, ""left"": 1, ""right"": 4, ""value"": [0.5775, 0.4225], ""is_leaf"": false}, {""node"": 1, ""feature"": ""a2"", ""threshold"": 1.5, ""left"": 2, ""right"": 3, ""value"": [0.9396551724137931, 0.0603448275862069], ""is_leaf"": false}, {""node"": 2, ""feature"": null, ""threshold"": null, ""left"": null, ""right"": null, ""value"": [0.6666666666666666, 0.3333333333333333], ""is_leaf"": true}, {""node"": 3, ""feature"": null, ""threshold"": null, ""left"": null, ""right"": null, ""value"": [0.9506726457399103, 0.04932735426008968], ""is_leaf"": true}, {""node"": 4, ""feature"": ""a2"", ""threshold"": 4.5, ""left"": 5, ""right"": 6, ""value"": [0.07738095238095238, 0.9226190476190477], ""is_leaf"": false}, {""node"": 5, ""feature"": null, ""threshold"": null, ""left"": null, ""right"": null, ""value"": [0.049689440993788817, 0.9503105590062112], ""is_leaf"": true}, {""node"": 6, ""feature"": null, ""threshold"": null, ""left"": null, ""right"": null, ""value"": [0.7142857142857143, 0.2857142857142857], ""is_leaf"": true}]","[0, 1]"
anes96_vote,mlp,3,0.9525,"[{""node"": 0, ""feature"": ""a0"", ""threshold"": 3.5, ""left"": 1, ""right"": 8, ""value"": [0.5775, 0.4225], ""is_leaf"": false}, {""node"": 1, ""feature"": ""a2"", ""threshold"": 1.5, ""left"": 2, ""right"": 5, ""value"": [0.9396551724137931, 0.0603448275862069], ""is_leaf"": false}, {""node"": 2, ""feature"": ""a5"", ""threshold"": 15.0, ""left"": 3, ""right"": 4, ""value"": [0.6666666666666666, 0.3333333333333333], ""is_leaf"": false}, {""node"": 3, ""feature"": null, ""threshold"": null, ""left"": null, ""right"": null, ""value"": [1.0, 0.0], ""is_leaf"": true}, {""node"": 4, ""feature"": null, ""threshold"": null, ""left"": null, ""right"": null, ""value"": [0.0, 1.0], ""is_leaf"": true}, {""node"": 5, ""feature"": ""a3"", ""threshold"": 5.5, ""left"": 6, ""right"": 7, ""value"": [0.9506726457399103, 0.04932735426008968], ""is_leaf"": false}, {""node"": 6, ""feature"": null, ""threshold"": null, ""left"": null, ""right"": null, ""value"": [0.8888888888888888, 0.1111111111111111], ""is_leaf"": true}, {""node"": 7, ""feature"": null, ""threshold"": null, ""left"": null, ""right"": null, ""value"": [0.9859154929577465, 0.014084507042253521], ""is_leaf"": true}, {""node"": 8, ""feature"": ""a2"", ""threshold"": 4.5, ""left"": 9, ""right"": 12, ""value"": [0.07738095238095238, 0.9226190476190477], ""is_leaf"": false}, {""node"": 9, ""feature"": ""a1"", ""threshold"": 2.5, ""left"": 10, ""right"": 11, ""value"": [0.049689440993788817, 0.9503105590062112], ""is_leaf"": false}, {""node"": 10, ""feature"": null, ""threshold"": null, ""left"": null, ""right"": null, ""value"": [1.0, 0.0], ""is_leaf"": true}, {""node"": 11, ""feature"": null, ""threshold"": null, ""left"": null, ""right"": null, ""value"": [0.04375, 0.95625], ""is_leaf"": true}, {""node"": 12, ""feature"": ""a3"", ""threshold"": 4.0, ""left"": 13, ""right"": 14, ""value"": [0.7142857142857143, 0.2857142857142857], ""is_leaf"": false}, {""node"": 13, ""feature"": null, ""threshold"": null, ""left"": null, ""right"": null, ""value"": [1.0, 0.0], ""is_leaf"": true}, {""node"": 14, ""feature"": null, ""threshold"": null, ""left"": null, ""right"": null, ""value"": [0.3333333333333333, 0.6666666666666666], ""is_leaf"": true}]","[0, 1]"
anes96_vote,xgboost,2,0.9725,"[{""node"": 0, ""feature"": ""a0"", ""threshold"": 3.5, ""left"": 1, ""right"": 4, ""value"": [0.595, 0.405], ""is_leaf"": false}, {""node"": 1, ""feature"": ""a2"", ""threshold"": 2.5, ""left"": 2, ""right"": 3, ""value"": [0.978448275862069, 0.021551724137931036], ""is_leaf"": false}, {""node"": 2, ""feature"": null, ""threshold"": null, ""left"": null, ""right"": null, ""value"": [0.9180327868852459, 0.08196721311475409], ""is_leaf"": true}, {""node"": 3, ""feature"": null, ""threshold"": null, ""left"": null, ""right"": null, ""value"": [1.0, 0.0], ""is_leaf"": true}, {""node"": 4, ""feature"": ""a2"", ""threshold"": 4.5, ""left"": 5, ""right"": 6, ""value"": [0.06547619047619048, 0.9345238095238095], ""is_leaf"": false}, {""node"": 5, ""feature"": null, ""threshold"": null, ""left"": null, ""right"": null, ""value"": [0.031055900621118012, 0.968944099378882], ""is_leaf"": true}, {""node"": 6, ""feature"": null, ""threshold"": null, ""left"": null, ""right"": null, ""value"": [0.8571428571428571, 0.14285714285714285], ""is_leaf"": true}]","[0, 1]"
anes96_vote,xgboost,3,0.975,"[{""node"": 0, ""feature"": ""a0"", ""threshold"": 3.5, ""left"": 1, ""right"": 6, ""value"": [0.595, 0.405], ""is_leaf"": false}, {""node"": 1, ""feature"": ""a2"", ""threshold"": 2.5, ""left"": 2, ""right"": 5, ""value"": [0.978448275862069, 0.021551724137931036], ""is_leaf"": false}, {""node"": 2, ""feature"": ""a1"", ""threshold"": 5.5, ""left"": 3, ""right"": 4, ""value"": [0.9180327868852459, 0.08196721311475409], ""is_leaf"": false}, {""node"": 3, ""feature"": null, ""threshold"": null, ""left"": null, ""right"": null, ""value"": [0.9482758620689655, 0.05172413793103448], ""is_leaf"": true}, {""node"": 4, ""feature"": null, ""threshold"": null, ""left"": null, ""right"": null, ""value"": [0.3333333333333333, 0.6666666666666666], ""is_leaf"": true}, {""node"": 5, ""feature"": null, ""threshold"": null, ""left"": null, ""right"": null, ""value"": [1.0, 0.0], ""is_leaf"": true}, {""node"": 6, ""feature"": ""a2"", ""threshold"": 4.5, ""left"": 7, ""right"": 10, ""value"": [0.06547619047619048, 0.9345238095238095], ""is_leaf"": false}, {""node"": 7, ""feature"": ""a0"", ""threshold"": 4.5, ""left"": 8, ""right"": 9, ""value"": [0.031055900621118012, 0.968944099378882], ""is_leaf"": false}, {""node"": 8, ""feature"": null, ""threshold"": null, ""left"": null, ""right"": null, ""value"": [0.13157894736842105, 0.868421052631579], ""is_leaf"": true}, {""node"": 9, ""feature"": null, ""threshold"": null, ""left"": null, ""right"": null, ""value"": [0.0, 1.0], ""is_leaf"": true}, {""node"": 10, ""feature"": ""a3"", ""threshold"": 4.0, ""left"": 11, ""right"": 12, ""value"": [0.8571428571428571, 0.14285714285714285], ""is_leaf"": false}, {""node"": 11, ""feature"": null, ""threshold"": null, ""left"": null, ""right"": null, ""value"": [1.0, 0.0], ""is_leaf"": true}, {""node"": 12, ""feature"": null, ""threshold"": null, ""left"": null, ""right"": null, ""value"": [0.6666666666666666, 0.3333333333333333], ""is_leaf"": true}]","[0, 1]"
fair_affairs,mlp,2,0.7525,"[{""node"": 0, ""feature"": ""a1"", ""threshold"": 3.5, ""left"": 1, ""right"": 4, ""value"": [0.315, 0.685], ""is_leaf"": false}, {""node"": 1, ""feature"": ""a2"", ""threshold"": 3.5, ""left"": 2, ""right"": 3, ""value"": [0.651685393258427, 0.34831460674157305], ""is_leaf"": false}, {""node"": 2, ""feature"": null, ""threshold"": null, ""left"": null, ""right"": null, ""value"": [0.5576923076923077, 0.4423076923076923], ""is_leaf"": true}, {""node"": 3, ""feature"": null, ""threshold"": null, ""left"": null, ""right"": null, ""value"": [0.7837837837837838, 0.21621621621621623], ""is_leaf"": true}, {""node"": 4, ""feature"": ""a2"", ""threshold"": 4.5, ""left"": 5, ""right"": 6, ""value"": [0.21864951768488747, 0.7813504823151125], ""is_leaf"": false}, {""node"": 5, ""feature"": null, ""threshold"": null, ""left"": null, ""right"": null, ""value"": [0.17557251908396945, 0.8244274809160306], ""is_leaf"": true}, {""node"": 6, ""feature"": null, ""threshold"": null, ""left"": null, ""right"": null, ""value"": [0.4489795918367347, 0.5510204081632653], ""is_leaf"": true}]","[0, 1]"
fair_affairs,mlp,3,0.78,"[{""node"": 0, ""feature"": ""a1"", ""threshold"": 3.5, ""left"": 1, ""right"": 8, ""value"": [0.315, 0.685], ""is_leaf"": false}, {""node"": 1, ""feature"": ""a2"", ""threshold"": 3.5, ""left"": 2, ""right"": 5, ""value"": [0.651685393258427, 0.34831460674157305], ""is_leaf"": false}, {""node"": 2, ""feature"": ""a1"", ""threshold"": 1.5, ""left"": 3, ""right"": 4, ""value"": [0.5576923076923077, 0.4423076923076923], ""is_leaf"": false}, {""node"": 3, ""feature"": null, ""threshold"": null, ""left"": null, ""right"": null, ""value"": [1.0, 0.0], ""is_leaf"": true}, {""node"": 4, ""feature"": null, ""threshold"": null, ""left"": null, ""right"": null, ""value"": [0.5208333333333334, 0.4791666666666667], ""is_leaf"": true}, {""node"": 5, ""feature"": ""a0"", ""threshold"": 3.5, ""left"": 6, ""right"": 7, ""value"": [0.7837837837837838, 0.21621621621621623], ""is_leaf"": false}, {""node"": 6, ""feature"": null, ""threshold"": null, ""left"": null, ""right"": null, ""value"": [0.8285714285714286, 0.17142857142857143], ""is_leaf"": true}, {""node"": 7, ""feature"": null, ""threshold"": null, ""left"": null, ""right"": null, ""value"": [0.0, 1.0], ""is_leaf"": true}, {""node"": 8, ""feature"": ""a2"", ""threshold"": 4.5, ""left"": 9, ""right"": 12, ""value"": [0.21864951768488747, 0.7813504823151125], ""is_leaf"": false}, {""node"": 9, ""feature"": ""a5"", ""threshold"": 4.25, ""left"": 10, ""right"": 11, ""value"": [0.17557251908396945, 0.8244274809160306], ""is_leaf"": false}, {""node"": 10, ""feature"": null, ""threshold"": null, ""left"": null, ""right"": null, ""value"": [0.05405405405405406, 0.9459459459459459], ""is_leaf"": true}, {""node"": 11, ""feature"": null, ""threshold"": null, ""left"": null, ""right"": null, ""value"": [0.26490066225165565, 0.7350993377483444], ""is_leaf"": true}, {""node"": 12, ""feature"": ""a4"", ""threshold"": 5.5, ""left"": 13, ""right"": 14, ""value"": [0.4489795918367347, 0.5510204081632653], ""is_leaf"": false}, {""node"": 13, ""feature"": null, ""threshold"": null, ""left"": null, ""right"": null, ""value"": [0.3157894736842105, 0.6842105263157895], ""is_leaf"": true}, {""node"": 14, ""feature"": null, ""threshold"": null, ""left"": null, ""right"": null, ""value"": [0.9090909090909091, 0.09090909090909091], ""is_leaf"": true}]","[0, 1]"
fair_affairs,xgboost,2,0.895,"[{""node"": 0, ""feature"": ""a1"", ""threshold"": 3.5, ""left"": 1, ""right"": 4, ""value"": [0.2275, 0.7725], ""is_leaf"": false}, {""node"": 1, ""feature"": ""a5"", ""threshold"": 7.5, ""left"": 2, ""right"": 3, ""value"": [0.7752808988764045, 0.2247191011235955], ""is_leaf"": false}, {""node"": 2, ""feature"": null, ""threshold"": null, ""left"": null, ""right"": null, ""value"": [0.6, 0.4], ""is_leaf"": true}, {""node"": 3, ""feature"": null, ""threshold"": null, ""left"": null, ""right"": null, ""value"": [0.9545454545454546, 0.045454545454545456], ""is_leaf"": true}, {""node"": 4, ""feature"": ""a2"", ""threshold"": 4.5, ""left"": 5, ""right"": 6, ""value"": [0.0707395498392283, 0.9292604501607717], ""is_leaf"": false}, {""node"": 5, ""feature"": null, ""threshold"": null, ""left"": null, ""right"": null, ""value"": [0.019083969465648856, 0.9809160305343512], ""is_leaf"": true}, {""node"": 6, ""feature"": null, ""threshold"": null, ""left"": null, ""right"": null, ""value"": [0.3469387755102041, 0.6530612244897959], ""is_leaf"": true}]","[0, 1]"
fair_affairs,xgboost,3,0.9375,"[{""node"": 0, ""feature"": ""a1"", ""threshold"": 3.5, ""left"": 1, ""right"": 8, ""value"": [0.2275, 0.7725], ""is_leaf"": false}, {""node"": 1, ""feature"": ""a5"", ""threshold"": 7.5, ""left"": 2, ""right"": 5, ""value"": [0.7752808988764045, 0.2247191011235955], ""is_leaf"": false}, {""node"": 2, ""feature"": ""a0"", ""threshold"": 2.5, ""left"": 3, ""right"": 4, ""value"": [0.6, 0.4], ""is_leaf"": false}, {""node"": 3, ""feature"": null, ""threshold"": null, ""left"": null, ""right"": null, ""value"": [0.7714285714285715, 0.22857142857142856], ""is_leaf"": true}, {""node"": 4, ""feature"": null, ""threshold"": null, ""left"": null, ""right"": null, ""value"": [0.0, 1.0], ""is_leaf"": true}, {""node"": 5, ""feature"": ""a0"", ""threshold"": 3.5, ""left"": 6, ""right"": 7, ""value"": [0.9545454545454546, 0.045454545454545456], ""is_leaf"": false}, {""node"": 6, ""feature"": null, ""threshold"": null, ""left"": null, ""right"": null, ""value"": [0.975609756097561, 0.024390243902439025], ""is_leaf"": true}, {""node"": 7, ""feature"": null, ""threshold"": null, ""left"": null, ""right"": null, ""value"": [0.6666666666666666, 0.3333333333333333], ""is_leaf"": true}, {""node"": 8, ""feature"": ""a2"", ""threshold"": 4.5, ""left"": 9, ""right"": 12, ""value"": [0.0707395498392283, 0.9292604501607717], ""is_leaf"": false}, {""node"": 9, ""feature"": ""a5"", ""threshold"": 14.75, ""left"": 10, ""right"": 11, ""value"": [0.019083969465648856, 0.9809160305343512], ""is_leaf"": false}, {""node"": 10, ""feature"": null, ""threshold"": null, ""left"": null, ""right"": null, ""value"": [0.0, 1.0], ""is_leaf"": true}, {""node"": 11, ""feature"": null, ""threshold"": null, ""left"": null, ""right"": null, ""value"": [0.078125, 0.921875], ""is_leaf"": true}, {""node"": 12, ""feature"": ""a4"", ""threshold"": 5.5, ""left"": 13, ""right"": 14, ""value"": [0.3469387755102041, 0.6530612244897959], ""is_leaf"": false}, {""node"": 13, ""feature"": null, ""threshold"": null, ""left"": null, ""right"": null, ""value"": [0.21052631578947367, 0.7894736842105263], ""is_leaf"": true}, {""node"": 14, ""feature"": null, ""threshold"": null, ""left"": null, ""right"": null, ""value"": [0.8181818181818182, 0.18181818181818182], ""is_leaf"": true}]","[0, 1]"
rand_health_visits,mlp,2,0.815,"[{""node"": 0, ""feature"": ""a1"", ""threshold"": 1.5056990385055542, ""left"": 1, ""right"": 4, ""value"": [0.2375, 0.7625], ""is_leaf"": false}, {""node"": 1, ""feature"": ""a2"", ""threshold"": 19.050000190734863, ""left"": 2, ""right"": 3, ""value"": [0.07738095238095238, 0.9226190476190477], ""is_leaf"": false}, {""node"": 2, ""feature"": null, ""threshold"": null, ""left"": null, ""right"": null, ""value"": [0.027210884353741496, 0.9727891156462585], ""is_leaf"": true}, {""node"": 3, ""feature"": null, ""threshold"": null, ""left"": null, ""right"": null, ""value"": [0.42857142857142855, 0.5714285714285714], ""is_leaf"": true}, {""node"": 4, ""feature"": ""a1"", ""threshold"": 7.043195962905884, ""left"": 5, ""right"": 6, ""value"": [0.35344827586206895, 0.646551724137931], ""is_leaf"": false}, {""node"": 5, ""feature"": null, ""threshold"": null, ""left"": null, ""right"": null, ""value"": [0.5801526717557252, 0.4198473282442748], ""is_leaf"": true}, {""node"": 6, ""feature"": null, ""threshold"": null, ""left"": null, ""right"": null, ""value"": [0.0594059405940594, 0.9405940594059405], ""is_leaf"": true}]","[0, 1]"
rand_health_visits,mlp,3,0.825,"[{""node"": 0, ""feature"": ""a1"", ""threshold"": 1.5056990385055542, ""left"": 1, ""right"": 8, ""value"": [0.2375, 0.7625], ""is_leaf"": false}, {""node"": 1, ""feature"": ""a2"", ""threshold"": 19.050000190734863, ""left"": 2, ""right"": 5, ""value"": [0.07738095238095238, 0.9226190476190477], ""is_leaf"": false}, {""node"": 2, ""feature"": ""a3"", ""threshold"": 3.9366079568862915, ""left"": 3, ""right"": 4, ""value"": [0.027210884353741496, 0.9727891156462585], ""is_leaf"": false}, {""node"": 3, ""feature"": null, ""threshold"": null, ""left"": null, ""right"": null, ""value"": [0.008264462809917356, 0.9917355371900827], ""is_leaf"": true}, {""node"": 4, ""feature"": null, ""threshold"": null, ""left"": null, ""right"": null, ""value"": [0.11538461538461539, 0.8846153846153846], ""is_leaf"": true}, {""node"": 5, ""feature"": ""a2"", ""threshold"": 21.200000762939453, ""left"": 6, ""right"": 7, ""value"": [0.42857142857142855, 0.5714285714285714], ""is_leaf"": false}, {""node"": 6, ""feature"": null, ""threshold"": null, ""left"": null, ""right"": null, ""value"": [0.8333333333333334, 0.16666666666666666], ""is_leaf"": true}, {""node"": 7, ""feature"": null, ""threshold"": null, ""left"": null, ""right"": null, ""value"": [0.26666666666666666, 0.7333333333333333], ""is_leaf"": true}, {""node"": 8, ""feature"": ""a1"", ""threshold"": 7.043195962905884, ""left"": 9, ""right"": 12, ""value"": [0.35344827586206895, 0.646551724137931], ""is_leaf"": false}, {""node"": 9, ""feature"": ""a2"", ""threshold"": 1.7000000476837158, ""left"": 10, ""right"": 11, ""value"": [0.5801526717557252, 0.4198473282442748], ""is_leaf"": false}, {""node"": 10, ""feature"": null, ""threshold"": null, ""left"": null, ""right"": null, ""value"": [1.0, 0.0], ""is_leaf"": true}, {""node"": 11, ""feature"": null, ""threshold"": null, ""left"": null, ""right"": null, ""value"": [0.5338983050847458, 0.4661016949152542], ""is_leaf"": true}, {""node"": 12, ""feature"": ""a4"", ""threshold"": 0.08853970095515251, ""left"": 13, ""right"": 14, ""value"": [0.0594059405940594, 0.9405940594059405], ""is_leaf"": false}, {""node"": 13, ""feature"": null, ""threshold"": null, ""left"": null, ""right"": null, ""value"": [0.022222222222222223, 0.9777777777777777], ""is_leaf"": true}, {""node"": 14, ""feature"": null, ""threshold"": null, ""left"": null, ""right"": null, ""value"": [0.36363636363636365, 0.6363636363636364], ""is_leaf"": true}]","[0, 1]"
rand_health_visits,xgboost,2,0.84,"[{""node"": 0, ""feature"": ""a1"", ""threshold"": 1.5056990385055542, ""left"": 1, ""right"": 4, ""value"": [0.1825, 0.8175], ""is_leaf"": false}, {""node"": 1, ""feature"": ""a2"", ""threshold"": 1.7000000476837158, ""left"": 2, ""right"": 3, ""value"": [0.005952380952380952, 0.9940476190476191], ""is_leaf"": false}, {""node"": 2, ""feature"": null, ""threshold"": null, ""left"": null, ""right"": null, ""value"": [0.058823529411764705, 0.9411764705882353], ""is_leaf"": true}, {""node"": 3, ""feature"": null, ""threshold"": null, ""left"": null, ""right"": null, ""value"": [0.0, 1.0], ""is_leaf"": true}, {""node"": 4, ""feature"": ""a1"", ""threshold"": 7.043195962905884, ""left"": 5, ""right"": 6, ""value"": [0.3103448275862069, 0.6896551724137931], ""is_leaf"": false}, {""node"": 5, ""feature"": null, ""threshold"": null, ""left"": null, ""right"": null, ""value"": [0.5343511450381679, 0.46564885496183206], ""is_leaf"": true}, {""node"": 6, ""feature"": null, ""threshold"": null, ""left"": null, ""right"": null, ""value"": [0.019801980198019802, 0.9801980198019802], ""is_leaf"": true}]","[0, 1]"
rand_health_visits,xgboost,3,0.88,"[{""node"": 0, ""feature"": ""a1"", ""threshold"": 1.5056990385055542, ""left"": 1, ""right"": 6, ""value"": [0.1825, 0.8175], ""is_leaf"": false}, {""node"": 1, ""feature"": ""a2"", ""threshold"": 1.7000000476837158, ""left"": 2, ""right"": 5, ""value"": [0.005952380952380952, 0.9940476190476191], ""is_leaf"": false}, {""node"": 2, ""feature"": ""a3"", ""threshold"": 2.3075599670410156, ""left"": 3, ""right"": 4, ""value"": [0.058823529411764705, 0.9411764705882353], ""is_leaf"": false}, {""node"": 3, ""feature"": null, ""threshold"": null, ""left"": null, ""right"": null, ""value"": [0.0, 1.0], ""is_leaf"": true}, {""node"": 4, ""feature"": null, ""threshold"": null, ""left"": null, ""right"": null, ""value"": [0.5, 0.5], ""is_leaf"": true}, {""node"": 5, ""feature"": null, ""threshold"": null, ""left"": null, ""right"": null, ""value"": [0.0, 1.0], ""is_leaf"": true}, {""node"": 6, ""feature"": ""a1"", ""threshold"": 7.043195962905884, ""left"": 7, ""right"": 10, ""value"": [0.3103448275862069, 0.6896551724137931], ""is_leaf"": false}, {""node"": 7, ""feature"": ""a2"", ""threshold"": 12.787280082702637, ""left"": 8, ""right"": 9, ""value"": [0.5343511450381679, 0.46564885496183206], ""is_leaf"": false}, {""node"": 8, ""feature"": null, ""threshold"": null, ""left"": null, ""right"": null, ""value"": [0.616822429906542, 0.38317757009345793], ""is_leaf"": true}, {""node"": 9, ""feature"": null, ""threshold"": null, ""left"": null, ""right"": null, ""value"": [0.16666666666666666, 0.8333333333333334], ""is_leaf"": true}, {""node"": 10, ""feature"": ""a4"", ""threshold"": 0.08853970095515251, ""left"": 11, ""right"": 12, ""value"": [0.019801980198019802, 0.9801980198019802], ""is_leaf"": false}, {""node"": 11, ""feature"": null, ""threshold"": null, ""left"": null, ""right"": null, ""value"": [0.0, 1.0], ""is_leaf"": true}, {""node"": 12, ""feature"": null, ""threshold"": null, ""left"": null, ""right"": null, ""value"": [0.18181818181818182, 0.8181818181818182], ""is_leaf"": true}]","[0, 1]"
star98_pass_rate,mlp,2,0.9174917491749175,"[{""node"": 0, ""feature"": ""a0"", ""threshold"": 37.47231483459473, ""left"": 1, ""right"": 4, ""value"": [0.49504950495049505, 0.504950495049505], ""is_leaf"": false}, {""node"": 1, ""feature"": ""a2"", ""threshold"": 1603.6849365234375, ""left"": 2, ""right"": 3, ""value"": [0.9552238805970149, 0.04477611940298507], ""is_leaf"": false}, {""node"": 2, ""feature"": null, ""threshold"": null, ""left"": null, ""right"": null, ""value"": [0.9844961240310077, 0.015503875968992248], ""is_leaf"": true}, {""node"": 3, ""feature"": null, ""threshold"": null, ""left"": null, ""right"": null, ""value"": [0.2, 0.8], ""is_leaf"": true}, {""node"": 4, ""feature"": ""a1"", ""threshold"": 34.43314552307129, ""left"": 5, ""right"": 6, ""value"": [0.1301775147928994, 0.8698224852071006], ""is_leaf"": false}, {""node"": 5, ""feature"": null, ""threshold"": null, ""left"": null, ""right"": null, ""value"": [0.38596491228070173, 0.6140350877192983], ""is_leaf"": true}, {""node"": 6, ""feature"": null, ""threshold"": null, ""left"": null, ""right"": null, ""value"": [0.0, 1.0], ""is_leaf"": true}]","[0, 1]"
star98_pass_rate,mlp,3,0.9603960396039604,"[{""node"": 0, ""feature"": ""a0"", ""threshold"": 37.47231483459473, ""left"": 1, ""right"": 8, ""value"": [0.49504950495049505, 0.504950495049505], ""is_leaf"": false}, {""node"": 1, ""feature"": ""a2"", ""threshold"": 1603.6849365234375, ""left"": 2, ""right"": 5, ""value"": [0.9552238805970149, 0.04477611940298507], ""is_leaf"": false}, {""node"": 2, ""feature"": ""a3"", ""threshold"": 115.40094757080078, ""left"": 3, ""right"": 4, ""value"": [0.9844961240310077, 0.015503875968992248], ""is_leaf"": false}, {""node"": 3, ""feature"": null, ""threshold"": null, ""left"": null, ""right"": null, ""value"": [0.6, 0.4], ""is_leaf"": true}, {""node"": 4, ""feature"": null, ""threshold"": null, ""left"": null, ""right"": null, ""value"": [1.0, 0.0], ""is_leaf"": true}, {""node"": 5, ""feature"": ""a4"", ""threshold"": 261.15087890625, ""left"": 6, ""right"": 7, ""value"": [0.2, 0.8], ""is_leaf"": false}, {""node"": 6, ""feature"": null, ""threshold"": null, ""left"": null, ""right"": null, ""value"": [0.0, 1.0], ""is_leaf"": true}, {""node"": 7, ""feature"": null, ""threshold"": null, ""left"": null, ""right"": null, ""value"": [1.0, 0.0], ""is_leaf"": true}, {""node"": 8, ""feature"": ""a1"", ""threshold"": 34.43314552307129, ""left"": 9, ""right"": 12, ""value"": [0.1301775147928994, 0.8698224852071006], ""is_leaf"": false}, {""node"": 9, ""feature"": ""a5"", ""threshold"": 28.624939918518066, ""left"": 10, ""right"": 11, ""value"": [0.38596491228070173, 0.6140350877192983], ""is_leaf"": false}, {""node"": 10, ""feature"": null, ""threshold"": null, ""left"": null, ""right"": null, ""value"": [0.037037037037037035, 0.9629629629629629], ""is_leaf"": true}, {""node"": 11, ""feature"": null, ""threshold"": null, ""left"": null, ""right"": null, ""value"": [0.7, 0.3], ""is_leaf"": true}, {""node"": 12, ""feature"": null, ""threshold"": null, ""left"": null, ""right"": null, ""value"": [0.0, 1.0], ""is_leaf"": true}]","[0, 1]"
star98_pass_rate,xgboost,2,0.9075907590759076,"[{""node"": 0, ""feature"": ""a0"", ""threshold"": 37.73439407348633, ""left"": 1, ""right"": 4, ""value"": [0.504950495049505, 0.49504950495049505], ""is_leaf"": false}, {""node"": 1, ""feature"": ""a2"", ""threshold"": 2443.7493896484375, ""left"": 2, ""right"": 3, ""value"": [0.9558823529411765, 0.04411764705882353], ""is_leaf"": false}, {""node"": 2, ""feature"": null, ""threshold"": null, ""left"": null, ""right"": null, ""value"": [0.9629629629629629, 0.037037037037037035], ""is_leaf"": true}, {""node"": 3, ""feature"": null, ""threshold"": null, ""left"": null, ""right"": null, ""value"": [0.0, 1.0], ""is_leaf"": true}, {""node"": 4, ""feature"": ""a1"", ""threshold"": 25.413135528564453, ""left"": 5, ""right"": 6, ""value"": [0.1377245508982036, 0.8622754491017964], ""is_leaf"": false}, {""node"": 5, ""feature"": null, ""threshold"": null, ""left"": null, ""right"": null, ""value"": [0.4473684210526316, 0.5526315789473685], ""is_leaf"": true}, {""node"": 6, ""feature"": null, ""threshold"": null, ""left"": null, ""right"": null, ""value"": [0.046511627906976744, 0.9534883720930233], ""is_leaf"": true}]","[0, 1]"
star98_pass_rate,xgboost,3,0.9207920792079208,"[{""node"": 0, ""feature"": ""a0"", ""threshold"": 37.73439407348633, ""left"": 1, ""right"": 6, ""value"": [0.504950495049505, 0.49504950495049505], ""is_leaf"": false}, {""node"": 1, ""feature"": ""a2"", ""threshold"": 2443.7493896484375, ""left"": 2, ""right"": 5, ""value"": [0.9558823529411765, 0.04411764705882353], ""is_leaf"": false}, {""node"": 2, ""feature"": ""a0"", ""threshold"": 31.887680053710938, ""left"": 3, ""right"": 4, ""value"": [0.9629629629629629, 0.037037037037037035], ""is_leaf"": false}, {""node"": 3, ""feature"": null, ""threshold"": null, ""left"": null, ""right"": null, ""value"": [1.0, 0.0], ""is_leaf"": true}, {""node"": 4, ""feature"": null, ""threshold"": null, ""left"": null, ""right"": null, ""value"": [0.8611111111111112, 0.1388888888888889], ""is_leaf"": true}, {""node"": 5, ""feature"": null, ""threshold"": null, ""left"": null, ""right"": null, ""value"": [0.0, 1.0], ""is_leaf"": true}, {""node"": 6, ""feature"": ""a1"", ""threshold"": 25.413135528564453, ""left"": 7, ""right"": 10, ""value"": [0.1377245508982036, 0.8622754491017964], ""is_leaf"": false}, {""node"": 7, ""feature"": ""a5"", ""threshold"": 22.16470432281494, ""left"": 8, ""right"": 9, ""value"": [0.4473684210526316, 0.5526315789473685], ""is_leaf"": false}, {""node"": 8, ""feature"": null, ""threshold"": null, ""left"": null, ""right"": null, ""value"": [0.1, 0.9], ""is_leaf"": true}, {""node"": 9, ""feature"": null, ""threshold"": null, ""left"": null, ""right"": null, ""value"": [0.5714285714285714, 0.42857142857142855], ""is_leaf"": true}, {""node"": 10, ""feature"": ""a0"", ""threshold"": 39.61089515686035, ""left"": 11, ""right"": 12, ""value"": [0.046511627906976744, 0.9534883720930233], ""is_leaf"": false}, {""node"": 11, ""feature"": null, ""threshold"": null, ""left"": null, ""right"": null, ""value"": [0.5, 0.5], ""is_leaf"": true}, {""node"": 12, ""feature"": null, ""threshold"": null, ""left"": null, ""right"": null, ""value"": [0.024390243902439025, 0.975609756097561], ""is_leaf"": true}]","[0, 1]"
