dataId,modelName,expMethod,instanceId,pred,i_max,a0_i,a1_i,a2_i,a3_i,a4_i,a5_i,a6_i,a7_i,a8_i,a9_i,a10_i,intercept
wine_quality,mlp,lime,1347,0,0.07641974274058481,-1.0,-0.5780308676267312,-0.06374787693331531,-0.9052329442346518,-0.12292018290362815,0.6090773226145852,-0.29691693508866135,0.08958440919802947,-0.04554077749680946,0.06277371448295851,-0.45498033812901445,0.13868693337328214
wine_quality,mlp,lime,152,0,0.07392727716951218,-0.5762051470966107,-0.3191000851221923,-0.17410728475610057,-1.0,0.43199198072592015,-0.6271209400237403,-0.00833773566968482,-0.9621556508482424,-0.2920160389234801,0.13735623429610333,-0.2885236462339245,0.15585927826075785
wine_quality,mlp,lime,1447,0,0.1045254380242135,-0.520225732364586,-0.5107149894448577,-0.27239448285666956,1.0,-0.08986347542434776,-0.1093914757550383,-0.31615164562484976,0.19713238544201658,-0.09541823374244122,0.07450377119810969,-0.2973045334189383,0.11192201505044974
wine_quality,mlp,lime,1254,0,0.05336950911618145,0.13458577423969864,-1.0,-0.2563073847323125,0.23537672268966975,-0.01963153430904663,0.7657757144609988,-0.04209853657612042,0.5766457358756055,0.22833619470774164,0.21435134770024444,-0.4408984095088102,0.08468597236298858
wine_quality,mlp,lime,847,0,0.046032792975678145,-1.0,-0.548371344507084,0.06667742633530518,0.18693465949363927,-0.015303056255820756,-0.24019922321785983,-0.04530777207089424,0.1704422888228578,0.13384322061823734,-0.37716912319057944,-0.6784659098276968,0.11973766074536239
wine_quality,mlp,lime,1562,0,0.08645349497590393,-0.6309875055750098,-0.6258263714057649,0.14487622308153913,-1.0,0.32831904042058563,0.3906389676897825,-0.12466434557998247,0.39225892393856515,0.24358530733259065,0.278398667419712,-0.20379666455008272,0.11260206311771716
wine_quality,mlp,lime,316,0,0.08285030573645256,-0.6782381582205841,-0.04831941662877677,0.05492998478580344,-0.09325091744407997,-0.32059404023565774,-0.6227045861189603,0.5443890944940356,-1.0,-0.0014778287792610741,0.1135989337978537,0.7916322284510189,0.12201233121115884
wine_quality,mlp,lime,1048,0,0.11827001814845116,0.10637227671471822,0.1382421029769679,-0.08483232320723304,1.0,-0.05648568032257282,0.22568400278071846,0.36250449257875456,0.19529295753337253,-0.023549265147882352,0.05696296536218681,-0.3437649526282568,0.04175148763822853
wine_quality,mlp,lime,429,0,0.050409830287156815,0.004613395927730851,-1.0,0.2738317859738302,-0.5416350470472104,-0.7811677443591389,0.14191401608874757,0.9342825606346092,-0.04674832582707485,0.18493473215076256,0.2343915440168206,-0.009126390718958058,0.09040515697940607
wine_quality,mlp,lime,1432,1,0.16818155822736605,1.0,0.10233522863074926,0.14086945849738972,0.8504811028852182,0.2616677554331337,0.3758031382907113,-0.21772025958935304,0.2275708319661414,0.07273692348585448,-0.017137928046851596,-0.21586319769419926,-0.014631123977654231
wine_quality,mlp,lime,1345,0,0.09409385020029436,-0.5774730789325778,0.15362006614413706,0.07118931062509412,-1.0,0.2725425094363904,0.38863711645596444,0.01283500072026259,0.4044284716111376,0.11838464525086922,-0.006601051281847008,0.10974141165654694,0.09266934850390311
wine_quality,mlp,lime,1188,0,0.053717972138263806,-0.06186712365384867,-1.0,0.047058121065648,0.25592564994825706,0.508204892961064,-0.9607698350410088,-0.5973459474846916,0.2605284062969675,-0.36317406124224694,-0.16188399958747152,-0.377640144151938,0.12044133077645665
wine_quality,mlp,lime,968,0,0.13474690429434635,1.0,0.10843019097547818,0.028529456699811422,-0.2724149636986838,0.28680506579762566,0.016812364846657917,0.11526207393115363,0.28619192911953045,-0.19204597113905011,0.06950736349364854,-0.09989823964081929,0.03942046409175825
wine_quality,mlp,lime,62,0,0.07230020378723544,-1.0,-0.019372036052063613,0.14688007931521746,-0.3530467412698022,-0.13712681705086152,-0.12264614078992445,-0.19308166965129633,0.26789164230724677,0.1799560029555024,-0.1328825671756106,-0.5369959050584426,0.12146175649751313
wine_quality,mlp,lime,1058,0,0.1543024690608284,1.0,-0.09381336400087413,0.08315124029951347,0.8361210781528783,-0.04346190698023538,-0.04800088242628095,0.32953356820309415,-0.5323739721220029,-0.08830600438935136,-0.009354201349886532,0.010781394750051746,0.03983203775776993
wine_quality,mlp,lime,958,0,0.12818710526181518,1.0,-0.19146009631935446,0.0018420310643132661,0.13390258208154562,0.1784653656550599,0.12832783308799586,-0.1837898823864139,-0.5965030525507482,-0.10187418770175934,-0.1257588946712814,-0.005604545895685961,0.0754914405420644
wine_quality,mlp,lime,689,0,0.10511019150228394,-0.7132418266460484,0.1971562775078085,0.11000139767043067,1.0,0.005488571876965507,0.4583104441327613,0.017124702218844295,-0.6698177960609191,-0.23129031727536076,-0.020702554566791244,-0.1877468449268587,0.0852091188060611
wine_quality,mlp,lime,43,0,0.12442015450150978,-0.018114959857863648,-0.3624177859640196,-0.08108830714834792,1.0,-0.026413797334444312,0.17858638662642892,0.128525946374764,0.2916547627165431,0.09389791777625602,0.17831402262680782,-0.21421696659096462,0.048908850293681735
wine_quality,mlp,lime,564,0,0.17316684363260942,1.0,0.11456491611010662,0.07009467184109457,0.047984382532728465,-0.24104019405552374,-0.10019897203517561,0.17463462311549022,0.04952500311700154,0.12315793268098783,0.0449846534717383,0.44273426572028135,0.02189398568508813
wine_quality,mlp,lime,854,0,0.0378322838102141,0.4358081322205045,0.9589095715970481,0.507762401615738,0.20440769876746614,0.7012818976059237,-0.08839104550623086,1.0,0.3529082597918164,-0.4373058353620088,-0.176380422841667,-0.3574008890090504,0.049940507057839256
wine_quality,mlp,lime,528,0,0.11845323130082819,-0.7658677414020972,0.22989019424668858,-0.14304383604847093,1.0,-0.45691949569077817,0.017079535149056028,0.09347951980665105,0.09397586802254232,0.00827724044550708,0.04606319827449032,-0.0491182380240365,0.08880988408599395
wine_quality,mlp,lime,1327,0,0.039523438519485136,0.171807138731238,0.5238099085299475,-0.00660552672466952,-1.0,0.7304110892806636,0.9404072330362145,-0.6501028637315114,0.12810919358137995,0.009647076507725519,-0.0011190191918401735,-0.9394541903938405,0.09103910879722721
wine_quality,mlp,lime,605,0,0.07556422857170886,-1.0,-0.20844849055380235,0.013313343795282902,-0.3929861402238125,-0.4635388686454968,0.5029346351271694,0.08444833565287017,0.11655753601890624,-0.23623253157366117,0.05721594100311375,-0.08299037516513695,0.11612038540388356
wine_quality,mlp,lime,1085,0,0.0673814755027867,-0.6691559737446672,0.3320389572320648,-0.10455485458720155,-1.0,0.3903817848403528,-0.7962324130062386,-0.5210206972956757,0.1674767281761807,-0.2357864403513594,0.061054694803262324,-0.28341839724169143,0.1265299823303508
wine_quality,mlp,lime,926,0,0.10798824448824142,-0.48005648901152037,0.433599000207789,0.04600091314016104,1.0,-0.4446438151584343,-0.5353284890295401,0.47564279430845063,0.47079760343379695,0.08100396006254888,-0.07908814070899661,-0.0902300365099273,0.06589942497003101
wine_quality,mlp,lime,1493,0,0.055594176675758465,-0.8635781953180388,-0.3470091244986566,0.254494121926703,-0.6419067507767345,-0.22211917410498183,-1.0,-0.1988213243658991,-0.11117732517567362,-0.2701989310468827,0.172070706213364,-0.37140444024319574,0.13972458658246598
wine_quality,mlp,lime,714,0,0.08090424762830903,-0.5304058261058547,-0.5436321596595859,0.06983467260016822,-1.0,-0.40569221631679775,-0.5474112419960556,0.7100511790069086,0.19952544393101265,0.1292698027806471,0.07732750076957301,-0.15764018461132057,0.12630435159139708
wine_quality,mlp,lime,351,0,0.08602988805893505,-0.9030832636617546,-0.6783721948933001,-0.10913745627852586,1.0,-0.4833946287926747,0.08502360205622397,0.08648586902778724,-0.8227860330298932,0.058064805961687276,-0.06104843916924824,-0.0737763061725725,0.12827263671891637
wine_quality,mlp,lime,1475,1,0.1712670694436754,1.0,0.21421040980056108,0.06581219142717257,0.7994744144329351,0.27063026223077047,-0.3639724547310622,-0.18650829715548078,0.2980967465846132,0.17461721112400483,0.11880646007727787,-0.07418512490738298,-0.008644346422078605
wine_quality,mlp,lime,615,0,0.05075789550448621,-0.7837221464642873,-0.6167560264189051,-0.030471413752801196,-0.8236258868873104,-0.6007372045043363,-1.0,0.7923615010308539,0.2914617268307284,-0.02805245677996678,-0.31800815509073543,-0.23475128976523726,0.1306070761318676
wine_quality,mlp,lime,538,1,0.16027997598193366,1.0,0.4207296914501215,0.0684580099921325,0.0481223990629298,-0.07001478122919626,0.17969516969606147,0.19837276960738776,0.35289890690656406,0.03169758074973869,0.16739992521987776,0.38687387764106934,-0.02526656140989289
wine_quality,mlp,lime,10,0,0.08103663678452651,-0.8976961155119102,-0.16626096679403748,-0.17732015858670086,-1.0,0.2610427292808295,-0.5166681184829803,-0.3864374138798528,-0.6826203197998872,0.134268486033208,-0.006587778760374135,-0.2255122975395474,0.1683993958022889
wine_quality,mlp,lime,379,0,0.06917556827017084,0.4638192584922319,0.15765668344621356,0.169149550189747,0.3318700441775024,-0.21902131021545776,-0.22712545644725196,0.2458640099986437,-1.0,-0.4053633784397419,0.07191472807443333,-0.13227224487279463,0.09134497935638211
wine_quality,mlp,lime,1506,0,0.04397406752826519,-0.24708348665880012,-1.0,-0.012836716976482638,0.012900900760266874,-0.03265193768883844,0.8585746427310974,-0.9671561186909342,0.6874644930400589,-0.04118279779233306,-0.26257781572214406,-0.5595114939323712,0.10315766335614693
wine_quality,mlp,lime,960,0,0.10894946188716395,0.13916500973915402,0.2630519453023677,0.4605338944682054,1.0,0.297476557774899,-0.015229327211599895,0.2524504451743696,0.3865678020468602,0.16875506525353515,0.009663936911748302,-0.20256811362573976,0.009493312806791915
wine_quality,mlp,lime,1034,0,0.07172640503124833,-0.6602367306288183,-0.605446083206095,0.1567472304771896,-1.0,-0.11815164044886857,0.05170141048130654,0.19622646362312907,-0.04364941058832343,0.11369437020744354,-0.0028611230552172792,-0.02413672135325361,0.11893206890731767
wine_quality,mlp,lime,207,0,0.07413635428878733,-1.0,-0.029723478201271313,0.3951639080529868,-0.9677422076857992,-0.07446284054502995,-0.8139769102591256,0.0922851115029428,0.5203803348887605,-0.18095264075043302,0.06497119506637682,-0.5729904822392627,0.136739443300888
wine_quality,mlp,lime,523,0,0.09024284461042578,-0.9664615782776689,0.05771160265770561,-0.05905821850128893,-1.0,-0.030036576061405036,-0.5268110547460042,0.27404735475973463,0.06574412408647236,-0.18800929960405763,0.014139981229564265,0.0008283044098724516,0.14688683967085275
wine_quality,mlp,lime,1185,0,0.14276669095558575,1.0,0.19899079236081507,0.09834562029837403,-0.663378387721388,0.21021096712673545,-0.0016185511480453698,-0.22551331254156934,-0.07267626874881469,-0.021646382174146314,0.06897418381856564,-0.02047835724870187,0.06896816932306099
wine_quality,mlp,lime,1541,0,0.1387069536739126,0.027440828070977374,0.3183919872818993,0.2668249865635019,1.0,0.0037774203948971264,-0.08740479495493834,0.018117816162538228,0.5049989316594736,-0.06032889338264923,0.06069798653775045,-0.2231699630770316,0.02535169353130058
wine_quality,mlp,lime,1372,0,0.1147124444242813,-0.5915818079924825,-0.3387354567500999,0.15147136528245858,1.0,0.16899453172953258,-0.6190071944719859,0.05850246718798667,-0.6986183831571925,-0.08019398695681408,-0.02276710061765126,-0.2587552709744122,0.120669283862925
wine_quality,mlp,lime,174,0,0.07785236345197198,-0.9178201374178971,0.4563971295355833,0.07174670175589629,-1.0,0.26100243297310205,0.28411863975654145,0.05772526160165147,0.2640797884111677,0.27627679642535763,0.1526789494924856,-0.08868650027495813,0.08172050338213635
wine_quality,mlp,lime,1351,0,0.13153015583404387,1.0,-0.11668931114605129,-0.022989374175658016,-0.6731184537299996,0.24922307212763117,-0.06402572837958417,-0.04067753573987814,0.2949636981406785,0.0614054837331746,0.026361637910677024,-0.09846414964035792,0.06019995505241272
wine_quality,mlp,lime,141,0,0.12499308285884121,-0.641686560981992,-0.3644980244313485,0.05495744425091292,1.0,-0.10952998027506179,0.04426530228395791,0.2002753173868149,0.04757988337654864,0.1135044804915236,-0.1410019790784847,-0.12415901233689319,0.0889011186731648
wine_quality,mlp,lime,1027,0,0.11551610034686043,1.0,-0.34702523844087746,-0.08073605176327565,-0.649523504449966,0.23164324076876902,-0.033965727946379067,-0.2604439618893054,0.3950294451328774,-0.03564588486943571,-0.2316518013882421,-0.18138874160279922,0.08383524633583542
wine_quality,mlp,lime,913,1,0.14613678798046884,1.0,0.13830538359326483,0.03685168476008103,0.17174591566925818,0.1284186720522773,0.43879252571312705,0.38022999747262737,-0.4363940312208333,-0.0015105177276302324,0.10767501371205748,0.5385545305244711,-0.010980830384249754
wine_quality,mlp,lime,1199,0,0.07328648692382028,-1.0,-0.15220588779158095,0.02672112973891788,-0.47774116790392057,0.043204572528227854,-0.8035927432485197,-0.12514514469822643,0.32245765773549667,-0.032941959785918025,0.19422279654337185,-0.07238739331181913,0.12264353326586507
wine_quality,mlp,lime,889,0,0.08637923025844518,-1.0,-0.39309717535477007,0.2203853448506466,0.17019922955952257,-0.46132880109117835,-0.9184995240498971,0.464838127503575,-0.7741676444365969,-0.09619024490554771,0.09693918891110699,0.6344570316957003,0.140060721925653
wine_quality,mlp,lime,849,0,0.04617198186769454,-1.0,0.10812030480912903,-0.16130385803403297,0.6082862932457637,0.06695058808746922,0.66629218728804,-0.7866976167788146,0.7388442556300738,-0.1668799989863645,-0.25411887080982865,-0.2925621856262754,0.08449383510557198
wine_quality,mlp,lime,1438,0,0.08690067525789748,0.03971701237821931,-0.1075213147487491,-0.005827958050341129,-1.0,-0.0002589332636513814,0.2903249772243947,-0.47114657464043147,0.31454732950627246,-0.026677273595167937,-0.3114850578365866,-0.33542965547666576,0.12708396996619525
wine_quality,mlp,lime,478,0,0.057063924977520365,-1.0,-0.6113177870677308,-0.32038814365844076,-0.866867109244158,-0.5613661689533544,0.6554984705420048,0.41796709408878807,-0.02479938829668337,0.0977736217549444,-0.1413307740929341,-0.04460306974396395,0.12857578185042556
wine_quality,mlp,lime,961,0,0.07885338311963042,-1.0,-0.03789704007789703,-0.03524051330723044,-0.3196379206676106,0.09773634033380081,0.4916681960164313,-0.5690030978181015,0.26771985033546924,0.12009542852860955,0.30597535239794005,-0.1767492925068792,0.10312354812767216
wine_quality,mlp,lime,591,0,0.12248995159421992,1.0,0.32730890592833184,0.025290720088949937,-0.7367766267202057,0.28408413621442025,-0.6217809662862959,-0.2557889118452545,0.3650869018076114,-0.18238377266339315,0.11588902534492185,-0.3072280548832159,0.09031691198182987
wine_quality,mlp,lime,715,0,0.08964527396752661,-0.8330042348275761,0.04521642117428172,-0.026461667584728236,-1.0,0.11627125468831709,0.19283425754456915,-0.058689102463128986,0.20768054275724554,0.042264478406604473,0.020835223104879546,0.6591127344358713,0.10880012205274693
wine_quality,mlp,lime,20,0,0.07569926233347203,-0.8604162539931528,0.595410705403388,0.02163992667384543,-1.0,0.12678739510476103,0.18809648532414402,0.16503561587494855,0.20703515564209693,-0.16444494035954235,-0.08111133313333947,-0.4699251561632345,0.10968438524256943
wine_quality,mlp,lime,716,0,0.07424973837179254,-1.0,0.24506796128259672,0.1181602066277262,-0.9650520517072078,-0.19320278864540502,-0.2886605849007696,0.24527529538671208,0.2138236851132568,0.028732079576790217,0.18821029825365398,-0.14360587197365998,0.11306413220136077
wine_quality,mlp,lime,520,0,0.12216045275372386,-0.4337995596575741,0.17828214507876014,0.19674670362081054,1.0,-0.21811016545757841,0.15704486501265927,0.36708493210606197,0.11282257071013985,0.11166170809673655,-0.24277781452934427,0.5776499711288899,0.0330601066132052
wine_quality,mlp,lime,1511,0,0.05488896317432801,-1.0,-0.46189379887241633,-0.27210882976905243,0.10194220031874043,-0.5280705366156353,0.7115974936998578,-0.596640263729335,0.5926613223865309,0.2632104141481553,0.0978365366133433,-0.4219271383563473,0.10763337063467665
wine_quality,mlp,lime,718,0,0.07371919449066999,-0.5494783395976502,-0.3084026736245834,-0.38144389330293027,-1.0,0.060875188991437644,0.5480585338793418,0.09203393094331334,-0.022672176873267776,-0.04736035290484272,0.02207515527888357,-0.07579476688483931,0.11127346239053529
wine_quality,mlp,lime,563,0,0.07522682270612144,-0.6368317029987014,0.44859089999246193,0.24310343502199994,-0.580207698005979,0.08850584878100214,-0.09154840432467129,0.09398999499995878,-0.20157754927418386,-0.16491060577662425,0.10760791514287393,1.0,0.08403960228297773
wine_quality,mlp,lime,1508,0,0.052860585793621184,0.04201276933022424,1.0,-0.3688496520041513,0.08492471054907495,-0.5878800555775552,0.418230218727774,-0.8441431971675456,0.5957148310190646,-0.0075415560212921656,-0.031019877612074663,-0.60641534892539,0.09542114833785166
wine_quality,mlp,lime,991,0,0.07295804462625885,-0.9013944220868585,0.5336911234689713,0.2513047051194224,-1.0,-0.0673118545973615,-0.7700059570779566,-0.09453777092618129,-0.07343730619657629,-0.05700060771057382,-0.1589837933452927,-0.1453953749372577,0.12885700696116137
wine_quality,mlp,lime,1086,1,0.1396671037845214,1.0,0.39043190817721096,0.05990768117920113,0.18667880368756926,0.08153360080067545,0.4438582309962795,0.006120799653541903,0.35321954846761,0.008737133121346335,-0.09840414061526878,0.674212982748695,-0.02314229660278011
wine_quality,mlp,lime,1389,0,0.07317456740657707,-0.6410986007205154,0.16302054561177926,-0.2860065672023076,-1.0,0.42768619704085514,-0.7123311991416641,-0.4770455974949882,0.13943255932861942,-0.059916165520556654,0.09307095856022476,-0.10757737698070947,0.12935219647563329
wine_quality,mlp,lime,719,0,0.07607406624185876,-1.0,-0.694991552340063,-0.09966079798328172,-0.9570663874228823,-0.18041403757464736,-0.14710175754991933,-0.3928184319075336,0.19063196722142964,0.019660332459807948,-0.3611906262527996,0.7510142027572868,0.1441260706665084
wine_quality,mlp,lime,844,1,0.12695755188529478,0.07071818924603698,0.5324014011242294,0.11891730100727148,1.0,0.159133896117142,0.03053822808824397,0.5118707756734593,0.3226702380865385,-0.17242003643716958,0.1529625459325188,-0.24330642029692937,0.011203572703284148
wine_quality,mlp,lime,631,0,0.09355332838792814,-0.9325787424225683,0.4046886378290418,0.03826147705630013,-0.02295141157492706,-0.37015738784025404,0.3552119817380083,0.5654909501493698,-1.0,-0.08748132926511229,0.11746807829460948,0.6249570707186092,0.09608244420635449
wine_quality,mlp,lime,745,0,0.07583705088712045,-1.0,0.26225809679491624,-0.0836690329428674,0.10973402979531423,0.012919313831936554,0.10228856464901498,-0.11552393727719576,0.3836357057007378,0.16552308287734777,-0.06765652215803815,-0.46777604384383337,0.10252142576432394
wine_quality,mlp,lime,1359,0,0.07124355495255903,-1.0,0.28164120740240434,0.04734152520994927,0.24169925864104977,-0.04231399650287694,0.3706145007847998,0.3291566533551752,0.27645831437430635,-0.20922619559360858,0.10958207870746549,-0.5264958950367996,0.10401492665107114
wine_quality,mlp,lime,334,0,0.12592436882607183,1.0,-0.48321692941183475,-0.038593639442354055,0.8373856914049224,0.16277512795099297,-0.011878834451338282,-0.04028587925881508,0.13729531182763663,0.08931298153616626,-0.02496992002618388,-0.15672912718775414,0.040890007275987225
wine_quality,mlp,lime,1286,0,0.13346637811986115,1.0,0.3614929655965078,-0.07253161959249792,-0.7145155178281313,0.30596613071284345,0.13265015127940713,-0.33526030798561773,0.37391959810106734,-0.06776244420569584,0.17271322331665678,0.007082704530802814,0.057574179032529496
wine_quality,mlp,lime,97,0,0.08067781135410586,-1.0,0.044524661286432815,0.0109244228504575,0.09340552170853739,0.17034418486920394,0.49041623726379635,-0.34851267487406556,0.5780776423293069,-0.04534661023068708,-0.22701843104302927,-0.3122533136678,0.10084218920384494
wine_quality,mlp,lime,1344,0,0.07672996286632933,-0.048983856800787595,0.3393476902685655,-0.05221309008862106,-1.0,-0.5204458938274472,0.5912408979577817,0.5314810462792788,0.022031029022506733,0.295936480459226,-0.11653871630708705,-0.07048800820657272,0.08330345515387953
wine_quality,mlp,lime,1303,0,0.13577403016828682,1.0,0.42647943329938476,-0.0924605717416889,0.07079402036035456,0.1488198297439976,-0.4658414103929471,0.015191961342191806,-0.044622193164285874,-0.14703481562527365,-0.05755970370360183,-0.22239240002856125,0.07099797404143961
wine_quality,mlp,lime,946,1,0.16593551350026922,1.0,0.13402499085616557,0.03029430097835031,0.932483991738909,0.0016068860922386062,0.13141603822980713,0.14110828749762291,-8.197054004025472e-05,0.00020680080383807112,0.09602151552504326,0.37349264725402487,-0.022994289283741864
wine_quality,mlp,lime,729,0,0.15411007414854008,1.0,-0.3782569984751504,-0.08093943197767824,-0.5191154366247223,0.20916835749368462,-0.09468577848561532,-0.22180593607595933,0.2942095958748896,-0.1438032923087981,-0.01779024337978956,0.3762982086731624,0.07512552592584681
wine_quality,mlp,lime,1156,0,0.1290905693704449,0.9375793394580731,0.5264335559325205,0.04610084986638966,1.0,0.12336013221481326,-0.49914832528298764,0.0919188274210776,0.22001392516675783,-0.012896206130448113,-0.01956564123447386,-0.23854849024584182,0.01207923477346487
wine_quality,mlp,lime,858,0,0.07363349536225844,-0.002065976072028088,1.0,0.012461081927315654,0.10146943994129742,-0.31577008590408967,0.44552655479246894,0.9344858154098458,0.49326930942323627,0.05934829341997102,-0.09632411067045887,-0.4316029889638964,0.04920510892559685
wine_quality,mlp,lime,554,0,0.08966781456169313,0.06453135582808821,-0.33830887135547943,0.07205697428334863,1.0,-0.3628823449058337,0.1797198733433641,0.32655185492917815,-0.822104298889427,-0.054738330737243886,0.005725393759285294,0.8369583874376035,0.06630567080191846
wine_quality,mlp,lime,1560,0,0.07374874172228624,-0.6497392855321564,-0.3444701035147274,0.15858468265181747,-1.0,0.13016649510440775,-0.5595729588049805,0.03642167768074955,0.11450101234754807,-0.08572951135763904,0.09409548569849083,-0.10242761628105364,0.1266966025449145
wine_quality,mlp,lime,437,0,0.12447720157766762,1.0,0.04575311802167338,0.004401710046915398,-0.001426010232906727,-0.28357592271951876,0.39099478785919595,0.5576175319495207,0.42377230815627315,0.0517439431124062,0.014832137131177781,0.6018953694409218,-0.0013366279740806564
wine_quality,mlp,lime,252,0,0.09085611768759234,0.03215976881134702,0.3295794582511668,0.09510111962448528,-1.0,-0.25840026605737876,0.3585344842655938,0.47318159665229587,0.08945135518284533,-0.15308539661581091,-0.02941834391086715,0.8130244536580431,0.0768313423771726
wine_quality,mlp,lime,879,0,0.07039094034113419,-1.0,-0.03940126584254076,-0.2145319295136928,-0.9438465073196898,-0.23665161560661027,-0.6439414937733533,-0.12300611719828983,0.12814708044776124,-0.02005997200572349,-0.043384119911429424,-0.15779177557119234,0.13947467851853296
wine_quality,mlp,lime,633,0,0.1277104621937992,1.0,-0.4611702339429543,-0.01976283295887628,0.10349489166446514,-0.302949955598979,-0.4495204505479745,0.13334386114790978,-0.6144800491059369,0.14623069618948098,-0.14471484944110077,0.43690579001057905,0.0953962996166751
wine_quality,mlp,lime,226,0,0.09116981558380108,-0.8544189451518721,-0.053850336793730136,-0.031643268900404045,1.0,0.29038237913758247,-0.7747761898730359,-0.06546210880642193,-0.7304571670595357,-0.11190578280371567,0.019607644248357738,-0.045728636723754566,0.11741158915144453
wine_quality,mlp,lime,101,0,0.03811834954528211,0.04589168709788789,0.6143353527657003,-0.4491114688335589,-1.0,0.09501620424625414,0.8031939845871703,0.01568878522665377,0.561564237360359,-0.037379555631698445,0.22607179932745644,-0.874199164942355,0.08712709420941499
wine_quality,mlp,lime,550,0,0.08564875803840845,-1.0,0.2515289887709452,-0.10343028266892602,-0.3524692434465225,0.5859669555628737,0.3412883195305313,-0.4838832519976168,0.3036796289421127,0.1166169603743948,0.21632379014779113,-0.416182209203134,0.10544145210327834
wine_quality,mlp,lime,594,0,0.06668302968523127,-0.9816600774131057,-0.6530606825694373,-0.11869227818731301,-1.0,0.04799672830049682,-0.05219253065711635,-0.31890943028251956,-0.9115819888948091,-0.08765721594451326,-0.030525610926447372,-0.2897843352883258,0.15969753974121814
wine_quality,mlp,lime,466,0,0.1670240309624954,1.0,0.03075912492078692,-0.011517655165363298,0.09185881082793364,-0.21994491196312047,-0.021298849175734182,0.200052328143301,0.24964338540333236,-0.022159545480741796,-0.009454005622246962,-0.055465723318438055,0.04150197012637724
wine_quality,mlp,lime,972,0,0.15014581263956303,1.0,0.32795390602812574,-0.0058426562880458536,0.1688910375529864,0.14528029677647136,0.40657960440117646,0.30018903663795615,-0.4908094309745534,0.11001894265903088,0.17062025951467946,-0.03376452042923085,0.002729256504301489
wine_quality,mlp,lime,901,0,0.04525780617584127,0.15781296129302522,0.04798838252979571,0.028810799217895176,-0.03431482087327594,-0.03963898938639705,1.0,0.021065086930773358,0.3052362573598781,-0.25466886938224664,-0.27104987199301295,-0.6324709837753565,0.08532262467431712
wine_quality,mlp,lime,1224,1,0.16090674823211482,-0.018776094421423143,0.21633273146539586,0.10710965313516493,1.0,-0.22465089009580005,0.3950138357474132,0.19506600540246263,0.16820136603112934,0.013483310951655553,0.0855906689253162,-0.027457658898957207,0.015244065358055975
wine_quality,mlp,lime,430,1,0.12483646974158433,0.1265999720374058,0.20258828209484434,0.05273983518294937,1.0,0.11710291114424702,0.3876044301875958,0.31861151166539287,0.5119990555537027,-0.12618837169536853,0.10348134766719039,-0.24445606490393526,0.006761429510434874
wine_quality,mlp,lime,1487,0,0.10507326280847604,0.0650374940749005,-0.3402694111683926,-0.1928203256935232,1.0,0.4046138889881143,0.3719786761253379,-0.2938998682063587,0.31424524947671834,-0.02096190388878334,-0.028963004352939588,-0.3753696080031126,0.05804451012187564
wine_quality,mlp,lime,1010,0,0.15419341160172748,1.0,0.37423054076747864,0.07556333831988679,-0.5260936367944302,0.18278885770608563,0.3808777503799669,-0.04814660045756481,0.2600893583426865,-0.059904623062413676,0.06395443480846048,-0.14402864778899757,0.03101702893535098
wine_quality,mlp,lime,668,0,0.06653003101929811,0.21800196233227623,-1.0,-0.006279438620639229,-0.912922204372332,-0.012590156128778554,0.09178657079658643,0.6427488720729673,0.4834073506398956,0.218449093069273,0.03604120590990012,0.018266488804325992,0.09578088439542301
wine_quality,mlp,lime,998,0,0.08366670930557983,-1.0,-0.5357706103946369,-0.1261838401683036,-0.9471779677133403,0.17462176840133636,0.3375411317050681,0.12429726537151091,0.40394205683667733,0.10775109379697044,0.09356594272054676,-0.3169261755998133,0.12128099806038395
wine_quality,mlp,lime,753,0,0.07789175726998206,-1.0,-0.5064849880030807,-0.1693627433213705,-0.997131866825034,-0.3489594266882657,0.05438643964021749,-0.05190925947582349,-0.032840461553994935,0.014898410260701968,0.2010222774581867,0.7376277870605998,0.13535430701903087
wine_quality,mlp,lime,1315,0,0.056965150836692666,-1.0,-0.048318266197644066,-0.11327853442001755,-0.7376140175728549,0.09797873836082367,-0.9683002999110991,-0.39286705665063315,0.15607488314924528,-0.018037607969325624,0.12964533591300298,-0.4433700374947505,0.13614423502871015
wine_quality,mlp,lime,376,1,0.11678563027406569,0.06309457398132534,0.19889016094418277,0.13997741829548133,1.0,-0.36780455359529796,0.04743647710282311,0.39397178315854015,0.23892260816506383,0.1417891231315687,0.10004118559629246,0.5011823644288098,0.01517749961875449
wine_quality,mlp,lime,1173,0,0.07930168220767299,-1.0,0.42108586244931034,0.27505626618614093,-0.7693567653311087,-0.08549535699566216,-0.5839032867369998,-0.31359580783461194,0.2777462924095219,-0.18043313607978928,-0.10792428220848939,-0.33291480640576593,0.14190326894857588
wine_quality,mlp,lime,741,0,0.07433999688657798,-1.0,-0.2625361019966629,0.039406942386305474,-0.5796448024486023,-0.15732802715585067,-0.7595586997694622,0.07922089304062355,0.2743432200307635,-0.2699900012004001,0.11269428924131564,-0.031157984165678353,0.1394890931897427
wine_quality,mlp,lime,1478,0,0.07149164548985068,-0.6939844711689476,-0.5348687640890867,-0.055930286792474776,-1.0,-0.3104706475545505,0.2958506469136207,-0.32448110232832583,-0.053264069198566875,-0.1317140391426837,0.03745536546478504,0.7022090255786327,0.125678070984505
wine_quality,mlp,lime,164,0,0.09054565059854755,-0.9383501947349852,0.026399830383572978,0.06190502133063632,-1.0,-0.40752444623201045,-0.6841607213377754,-0.0062378731857153525,0.3391263465903474,0.10976415583311919,0.06237527616228718,0.5886808947749215,0.13739316532073265
wine_quality,mlp,lime,1330,0,0.05628064591835864,-1.0,-0.07303784779342022,0.10978233973635218,-0.7073322588910929,0.24990846158317895,-0.8801849493336059,-0.02772480462549949,0.11445514945643753,-0.19731359974633939,0.6311681060062637,-0.32426991996172433,0.11666226276684935
wine_quality,mlp,lime,387,0,0.08061308843853848,-0.5202547965739908,-0.4962512452909576,0.10424128297490014,-1.0,-0.008084727312388958,-0.10520371263690437,0.06677615969412636,0.1993037613553863,-0.0002571978967600963,0.061067204932002545,-0.5586477830098275,0.1361017918305114
wine_quality,mlp,lime,232,0,0.06765495434763626,-0.9371719457756627,0.7105671881563761,0.13882660283554255,0.3008979536409991,-0.5988254418064664,-0.40520978862279955,-0.05742806388058113,0.19368753285956097,0.021845756949793405,0.03766296360950278,1.0,0.0862407612965363
wine_quality,mlp,lime,672,0,0.07084139963084436,-1.0,-0.6017249297242441,0.1976909965317625,-0.9565645048772102,-0.302942978529202,-0.693956307953621,0.1763643911911361,0.26495404888645147,-0.14008151005990344,-0.03526687981806693,-0.11949460560170268,0.14505180562924705
wine_quality,mlp,lime,57,0,0.11133869550896686,-0.7284119179859417,-0.05621417466330194,-0.019123766969516096,1.0,-0.163661180755094,-0.4717509751916103,-0.17940915071798844,-0.5636556379869339,-0.14607930015118742,0.11467585012535968,0.6441572464601687,0.10821711842216625
wine_quality,mlp,lime,1,0,0.06454948944592481,-0.6929569258758601,-0.48993806620793207,-0.06464379834383857,0.21693461410592782,0.013529012824379117,-0.6881263392982454,-0.10666084688046562,-1.0,-0.17752748491354597,-0.08696221271275635,-0.023846187343792413,0.132441441249011
wine_quality,mlp,lime,799,0,0.08528471882590695,-0.15371860888162742,0.17407929788995086,0.07961027792533759,-1.0,-0.49356223649163083,0.560181549525007,0.3436402657996983,0.06521993850398493,0.01171335715840358,0.12029456322169184,0.8064783451771806,0.07945027277737657
wine_quality,mlp,lime,1300,0,0.14778085533214658,1.0,-0.36162391822920226,0.007968892535154468,-0.23701141193885322,0.16812210510929004,0.09645828546958679,-0.22635808958959158,0.1837039239110153,0.14750434505426857,-0.05048485825540106,-0.1790094988749017,0.07617520859916596
wine_quality,mlp,lime,281,0,0.07674920904348016,-0.7364097160802882,0.26149782092371365,-0.1074837627676227,1.0,-0.09288135464916301,0.6270482628591387,-0.3012785319855479,-0.8710358056471473,0.23990327080908652,0.04706219575407029,0.5970758084796749,0.06736184344190037
wine_quality,mlp,lime,1153,0,0.03429324784539123,0.09369442920234838,-0.10582710426156776,0.33758605248816775,0.07174995186355643,0.4627993027755494,0.011966122607008184,1.0,0.6213980506013214,0.002856291656423123,0.4805088862501567,-0.7832252334080247,0.07292280448286831
wine_quality,mlp,lime,1452,0,0.15623570621748428,1.0,-0.02560125689615456,-0.08082333422191511,0.890170210849128,0.12326537581620807,0.08081598045450711,-0.12214449124244971,0.18842860704969816,-0.08779904983101235,0.07355815502963556,-0.20964875655139006,0.023966339652893215
wine_quality,mlp,lime,843,0,0.06924648135563324,-1.0,-0.7010532194369861,0.5527002083298269,-0.26011394031571594,0.18850434955767664,-0.8949127669316903,-0.3983744250053107,0.009641525695854858,0.10325954173527632,-0.10356449794807066,-0.25032746017190405,0.13408187704639918
wine_quality,mlp,lime,738,0,0.08049337517023837,-1.0,0.21716745706811363,0.03775972333521779,-0.43366567400245026,-0.3680574435829865,-0.7557642320796094,-0.02049474371606095,0.19055706296941496,-0.183658881257448,-0.05065499667108676,0.5082170952207887,0.12842935330334782
wine_quality,mlp,lime,171,0,0.08135705142933494,-1.0,0.04045248502705153,-0.05925991431173204,-0.5910132771709218,-0.09816747431114625,0.7854310894611702,0.25161186909939864,0.3930157921984857,0.29522782942512804,0.4683029946020861,-0.1373827303878109,0.07872741754746736
wine_quality,mlp,lime,939,0,0.13360132875364913,1.0,0.0481345736657908,0.00525939504711326,-0.6093319100386752,0.10394859493463317,0.28271480344941075,-0.17802007696771008,0.14151860755507412,0.02988663146123823,-0.21984221208745855,-0.3126617576672544,0.08166024394716587
wine_quality,mlp,lime,620,0,0.08042191174032906,-1.0,-0.22211011028619546,-0.10283596231694107,-0.39682670044855384,-0.2282259457548964,-0.786570889396237,0.018735202261967763,0.16151440427628505,-0.021150788836708036,0.021651584559067804,0.9395024328721437,0.12523970339330254
wine_quality,mlp,lime,374,0,0.11522942130142465,0.1713574605027204,0.0792083317098308,0.31457355939392834,1.0,-0.32085742409701656,-0.12486811242948782,0.27833342129481337,0.13389891178688518,0.06704974391779922,0.05517343543239065,0.6434286097270303,0.021216650861054384
wine_quality,mlp,lime,78,0,0.0768921032317127,-0.6965396158413539,-0.6228400447756818,-0.03881290502209482,-1.0,0.06243716803075437,-0.7740332896140025,-0.25355580506489506,0.33349763295194224,-0.05477346148245282,-0.01754974192305188,-0.3986340736493998,0.16198901674732527
wine_quality,mlp,lime,116,0,0.049373544087746815,-1.0,-0.36823451325081047,0.11695100164965107,-0.8625278637327071,0.10327345822871092,0.09683409951050102,-0.2606783894770033,0.325827106115602,0.08039420311682278,-0.2666768358784148,-0.5408105037030696,0.11555956063532928
wine_quality,mlp,lime,1598,0,0.086084957542943,-0.02867091265184398,0.4669611971029843,0.14679927601476858,0.0917235095891028,0.3598124164164931,-0.03576895957225811,-0.3547544707934778,0.44905870061244246,-0.04864002213283333,-0.35569415065356796,1.0,0.05813810064101246
wine_quality,mlp,lime,313,0,0.07863033395725773,-0.9846892763351579,0.2625247831597759,0.0752138294697855,-1.0,0.02226070280538823,-0.8934695303375895,0.19208290198274178,0.24008671443838916,-0.11262939829465397,-0.14463128710753334,0.8658597332000328,0.12228984404703663
wine_quality,mlp,lime,887,1,0.15751573668387617,1.0,0.14676830478507313,0.17952411815792374,0.8882552707278439,0.1124820120341371,-0.04304968629234944,0.42162855943398087,0.27931187390342477,-0.09180632215547643,0.06560667585932307,0.08016596253581425,-0.027901925772744668
wine_quality,mlp,lime,652,1,0.2263287572435759,1.0,0.20689275962670423,0.07628010033953837,0.4822484201259887,-0.004544890272568686,-0.29120822372692173,0.9999999999999991,-0.3219446825107706,-0.09367383845782254,0.12291923093966904,0.3041552620892598,0.06754232786680134
wine_quality,mlp,lime,953,1,0.16206982988416732,1.0,0.2693644875533907,0.006601197820180811,0.15676894916798848,0.345971142128487,0.2964230416666475,0.27689057994694816,0.30114295164584864,0.050589980553669096,0.17551664922135757,-0.06420715302554653,-0.025041204644807427
wine_quality,mlp,lime,875,1,0.14683773209356535,1.0,0.36364699886821533,0.1393574425236093,0.8679361248977839,0.1805471035677573,0.42946909169582365,0.030962885791222052,-0.5652458888248767,0.06869670188613089,-0.0822284597480138,0.4275652001680205,-0.016957769542809017
wine_quality,mlp,lime,476,0,0.061266616858213774,-1.0,0.5662759677104974,0.4933682043327456,-0.055598607970719804,-0.40225345770890236,0.8937148865710404,0.42204350707746435,0.4052777364236866,-0.03568216853309772,0.12356059863356422,-0.2754062047529975,0.06987572072331849
wine_quality,mlp,lime,139,0,0.0880599745961041,-0.8024399866678341,-0.30390357235471877,-0.008839569919020195,-1.0,0.19493674143950132,-0.7430326703148804,-0.048085219478982644,0.14145949140616904,0.030031692575438116,0.05310016455242909,-0.12917804154937187,0.1469973463742387
wine_quality,mlp,lime,688,0,0.0830904800516225,-0.905754196006022,-0.5576123806586859,-0.1321169828893921,-1.0,0.20756577427406744,0.5720886059276417,-0.19038237030232663,0.5426681168791255,0.05977334106415665,0.12108776272963867,-0.36551828821472515,0.12336581541303257
wine_quality,mlp,lime,1565,0,0.14143862569922022,-0.02381577978193833,-0.2815792877440493,-0.11626979825103617,1.0,0.22419834508355133,-0.05664819284157012,-0.24527483032792527,0.32180369525620334,-0.12341227361626021,0.09408750241709929,-0.29238840196361876,0.07033637859328719
wine_quality,mlp,lime,341,1,0.16368664290058596,1.0,0.05009166420468687,0.11380427141656047,0.9401468349685299,0.058035410221595904,0.26332130318255953,0.2579516381047279,0.35711462450518316,0.037667727328034174,-0.01173973975818908,0.37461752484458233,-0.04953564332175513
wine_quality,mlp,lime,487,0,0.08005384923764132,-0.6510780326102541,-0.6387482603269778,0.2374933009466908,-1.0,-0.6220722842757208,0.4224079541686202,0.49906229189274653,0.5320516161062004,0.14104593312103517,0.056564011913200395,-0.24503408212640038,0.11595780092583807
wine_quality,mlp,lime,1429,1,0.1590466899537875,1.0,0.3334783983468785,0.061562862746473074,0.8080892487182435,0.24646648451630013,-0.4388880755333923,-0.0264583451267671,0.330959299167282,-0.03619840975693534,0.11456426610523338,-0.10250222397504989,-0.0034797590389702426
wine_quality,mlp,lime,1451,0,0.11979227986855011,0.09307723683369093,0.307933816086351,0.031653714161684506,1.0,0.02702362985242501,0.5022381514633723,-0.13708087079253042,-0.6720861299897439,0.24111527354351145,0.11234768204467285,0.5689963760409233,0.02516072162303208
wine_quality,mlp,lime,1284,0,0.06377423846728555,-0.2416847874275702,0.3273142803926557,0.3271733362560266,-1.0,0.7024278717679157,0.5868037006250785,-0.34132727968846105,0.4943557911193438,-0.01458927898865232,0.4920995715347337,-0.16522363971546222,0.06814514662106351
wine_quality,mlp,lime,282,0,0.07839470725993938,-1.0,0.19586267864340548,0.18725351945670218,-0.5289612521954953,0.02723963176435266,0.046470189964678034,-0.016075910187061837,0.4821968828917245,0.13326608784765856,-0.017794389762512595,0.6326930715881874,0.08023152152610616
wine_quality,mlp,lime,1120,1,0.14962559168934134,1.0,0.07890033274208509,0.08973836221930415,0.06143577679910004,0.25664954849567606,0.35634567400598105,0.059129661925166346,0.23395070317818192,0.012713324043770716,0.0922277442237778,0.14012745637854948,-0.005449127145754365
wine_quality,mlp,lime,651,0,0.13976268875641373,1.0,-0.295199691068673,-0.07851421294634067,0.08881510806656766,-0.3486112371584559,-0.5080921337884136,0.3142855647226763,-0.458312074187788,-0.14896337987026903,-0.10814327013046436,-0.07509567583155773,0.10960261811428548
wine_quality,mlp,lime,1524,0,0.12872872414643116,-0.44561113006814834,0.1451416977824893,0.08012581883906587,1.0,0.21956153776605514,0.002920261146142198,-0.38257953193670063,0.26364248159267645,-0.16782794824147465,-0.0043290401359628965,-0.25504823385312764,0.08206865595921214
wine_quality,mlp,lime,355,0,0.13409122291135975,1.0,-0.40874806049934265,-0.10093024926536666,-0.297088900634644,0.21110462753218084,0.17083417884944954,-0.12773895854745035,0.209401001446273,0.19138359755843287,-0.02989215134726665,0.07340894181487265,0.05898061004626098
wine_quality,mlp,lime,856,0,0.04727779094023388,0.38291357751700006,0.4292828229288934,-0.19878590156784048,0.15704206426698922,0.3670236899249223,0.06274799347281505,1.0,0.37840058430730034,-0.20992854202930214,-0.2906757224094452,-0.7871632227076358,0.07125746814305774
wine_quality,mlp,lime,412,0,0.06744986146962884,-1.0,-0.6716619507198252,-0.05092627907725747,0.00033345808908265344,0.23696292320071574,-0.7819331078196844,-0.5463565138906686,-0.9222515986549553,-0.023988073885812453,0.3004617195980179,-0.29580607435894896,0.1510927412800538
wine_quality,mlp,lime,1259,0,0.13093666822221353,1.0,-0.31862714426842165,-0.0857743935963299,0.056898679284871544,0.17572472919682114,0.05537267244171025,-0.4084005621949166,-0.6834830246695685,-0.02721694930455025,-0.08408534580290958,0.4738124840081366,0.08143601192076769
wine_quality,mlp,lime,911,0,0.07275297825188612,0.07166328228953552,0.7115096454883385,0.24252164080563848,-0.36846981882841917,-0.5695691030866528,0.5633947040149871,-0.050366895443470956,-1.0,0.21931558383568472,0.2948948132247681,0.9057138621170567,0.06682784129529387
wine_quality,mlp,lime,426,0,0.11721665528896845,1.0,-0.3540330460580393,-0.12501061548242515,-0.6673421677427954,0.27365484843066035,-0.11110064415433714,-0.22365636766848743,0.3146141763335334,-0.1480345532089943,-0.17320465800865362,-0.11082653926831547,0.09150679804977924
wine_quality,mlp,lime,51,0,0.08214463417054356,-1.0,-0.025624548847253143,-0.1699052922678364,0.26103859003644325,0.24796046797406976,0.6271092234165938,-0.43818002439856635,0.3357395518505751,0.004382588846683597,-0.03386371580716199,-0.25796048745680505,0.0967867497495311
wine_quality,mlp,lime,499,0,0.14307107771979485,1.0,-0.37279965425300404,-0.04060739794213935,0.9384270441819985,-0.17368295683647275,-0.5506367866310458,-0.0270341965120704,-0.07590141751978596,-0.14333204803201288,0.04494168558053671,0.4637309123912524,0.05704719983513259
wine_quality,mlp,lime,1026,0,0.12655726017276908,1.0,0.32107517408041136,0.15667698653344195,-0.3043397974098809,0.40247169157385543,0.23006025385039952,-0.07699103542673197,0.260668139508064,0.09003516222304195,-0.14166274109068006,-0.22870832843351377,0.030813615445754672
wine_quality,mlp,lime,1326,0,0.04516009689027958,0.08903272468343472,0.4662858793378275,-0.013703726757225978,-0.46176376293156085,1.0,0.912793955396096,-0.8348562330112593,0.4221096129204618,0.09836110717768384,0.3152327811785499,-0.5255258065073195,0.06987964092427748
wine_quality,mlp,lime,832,0,0.10923320662165657,-0.42155450835091873,0.12881663816897793,0.030239406089309827,1.0,-0.221684887670484,-0.13888134344566344,0.23913796370875937,-0.600843951530006,-0.2285698046727542,0.10347308906641751,-0.3486761568214516,0.0993860022223146
wine_quality,mlp,lime,676,0,0.07812268345242755,-1.0,-0.0873806651820224,0.029422230305205563,0.17503155339003565,-0.31711878847832925,0.4537684350191663,0.5360542298441145,0.13703172782168974,0.2649760026238292,0.12748709157871715,-0.34478176569012625,0.08944636786529897
wine_quality,mlp,lime,1075,0,0.12209413398477549,-0.3388928670180702,0.336766686967028,0.12292422317558142,1.0,0.04554669769456007,-0.4523808712060774,0.017790311277228025,0.4727912354204769,-0.018811877177054754,-0.1841782651103003,-0.13863544658516258,0.056351060663621465
wine_quality,mlp,lime,143,0,0.08891552470468256,-1.0,0.40945787714556814,-0.17614415395217542,-0.4756826948686718,0.4590449242852039,0.4149343171208833,-0.4497202919368964,0.4933954494379977,0.28197748306272447,-0.15923457219596862,-0.5482039682435401,0.10660709910877153
wine_quality,mlp,lime,28,0,0.08795893784564207,-0.9152564978388695,-0.48440683685263214,0.1440655873839195,-1.0,-0.09688217783091614,0.39150528362907344,-0.4592088813463638,0.30272496528786025,-0.03644964671782874,-0.07444229532439779,-0.4621103898671547,0.16176188663951446
wine_quality,mlp,lime,353,1,0.14753498201371612,1.0,0.07194499758507795,0.16812796938717336,0.8506161853115666,-0.20087834234909452,-0.43076556664521126,0.33303517857290416,-0.44402832338280396,-0.02221355615935883,0.11439521210279749,0.5803510591809936,0.014164720749818269
wine_quality,mlp,lime,1305,0,0.08076171372613022,-0.6720019555453123,-0.08640794649185049,0.15361784018594304,-1.0,-0.010419027602424047,-0.64146614869741,-0.13415130555720128,0.533102102556727,-0.166977446803361,0.20807634551125198,-0.2244084122329309,0.13323791848607064
wine_quality,mlp,lime,149,0,0.07626624833113509,0.16091666431705004,-0.04235547015958109,-0.02551701257518684,-0.5931959305122938,-0.10502820310716814,-0.2028552456074105,0.28173178512439034,-0.14205056966225985,0.17706136389581467,-0.3363081123700775,1.0,0.08889006263647493
wine_quality,mlp,lime,508,0,0.06806037628917007,-0.5266218636636198,-0.1517805626466594,0.10575269689692801,0.1478189800479609,-0.45242603817722077,-1.0,0.3662932289072552,0.07355976558956019,-0.18334663883376737,0.004002301785956223,-0.293030993373827,0.11723670663213638
wine_quality,mlp,lime,949,1,0.16454135051044294,1.0,0.5806996684351914,0.052888206718044985,0.8034194515650004,0.18733996111723092,0.28129894252586307,-0.0296645422132989,0.11575678803667744,0.10982160183356109,0.04577036503872955,-0.20939461581111124,-0.00753902371290445
wine_quality,mlp,lime,702,0,0.08371176926689913,-1.0,-0.5803994029163875,-0.3369873725621209,0.1621504735848563,0.076659775376225,0.04587234119940255,-0.5170207786373788,0.689566477992555,0.17835035473515215,-0.00332946685084063,-0.42480439148798105,0.1302370502962647
wine_quality,mlp,lime,709,0,0.07540630650449195,-1.0,0.2788028005523257,0.15823747077254985,0.06829135796670979,-0.44721604539832055,-0.03164008391040566,0.19854823177864692,0.5246824712755086,0.039941670689834105,0.06871210186373301,-0.45147727101097834,0.10589009222875553
wine_quality,mlp,lime,1234,0,0.1338640272855492,1.0,-0.3993571983541983,-0.0031994006345321385,-0.7063393105787722,0.36062060603200624,0.415740044671001,-0.24160317099070208,0.31160913919751615,-0.02436117213421726,-0.03569453162890034,0.01139135305482946,0.07150019854656506
wine_quality,mlp,lime,1130,0,0.03815878891651201,0.18093573727047996,-0.6345444179173757,-0.5779783149546776,0.4603449274542853,0.2405899217492341,0.7342654359800145,0.32621985170714524,1.0,0.2614568387519351,0.34549200719850964,-0.6390431422696444,0.06250753017282527
wine_quality,mlp,lime,1226,0,0.07942736184268709,-0.8683279219018152,-0.21815134869277397,-0.14436959074292544,-1.0,0.3300708381962955,-0.16090109495217017,-0.05644857601266825,0.04555487155390521,-0.19313532015086726,0.06860841286084131,0.7880942150349133,0.11441229003026579
wine_quality,mlp,lime,655,0,0.07715952997305593,-1.0,-0.22020366019499318,0.017084936265517162,-0.48783858064314334,-0.4834419856705891,-0.15462435308719472,0.5624569107744367,0.02468247535288785,-0.055669393171701574,-0.04881016149406972,0.6602949984068595,0.11310209980514732
wine_quality,mlp,lime,681,0,0.09184659782505131,-0.647524880695505,0.36294990122294607,-0.18111986400195973,-0.8412723733595795,0.27142398166675963,0.3609306030309316,0.10940586635873144,-1.0,0.20914749183900208,-0.014264517136180552,0.0023900561867890757,0.12058724767124208
wine_quality,mlp,lime,1179,1,0.12089506299369178,0.188337856399982,0.2988637402378747,0.05925419427255095,1.0,0.1397582537762924,-0.12938614434445186,-0.009991835279676198,0.2667245986267038,0.09924760804610762,0.017826716352456404,-0.01805427449872114,0.026108231023901293
wine_quality,mlp,lime,924,1,0.14865309491855222,1.0,0.12198538210870505,0.15971947857930102,0.743773923753812,0.1582184476733348,0.16618787503111998,0.19824805880998073,0.24576131321033196,0.06342668026704729,0.15521364988059122,-0.051208100943184294,-0.030070252142052944
wine_quality,mlp,lime,1399,0,0.049159168636433596,0.22716310266152098,-0.7366690932098733,0.12442855599834377,0.16241533060792496,0.7195836859600792,0.21903214470439464,-0.21817551086145187,1.0,0.30378920042800717,-0.31292133591668947,-0.3263271984574247,0.06916494273786837
wine_quality,mlp,lime,104,0,0.08774358658242998,-1.0,0.16608721545593683,0.04297752217753966,-0.9065091132310227,-0.04767164150061326,0.22688459496265706,0.1453531295150924,0.37068731857749265,0.005744414985161104,-0.13007222235991112,0.1342813945044437,0.11022890110991113
wine_quality,mlp,lime,452,0,0.05389581804405761,-1.0,-0.018036177547828942,-0.24542523069330108,0.256322294876656,-0.14078595136879973,0.08439291998754998,-0.5101611082699109,0.2982663385354792,0.009416064305228978,-0.44498193243031714,-0.6811103183545871,0.12458448697214859
wine_quality,mlp,lime,801,0,0.0808931796096751,-0.7632056954518951,-0.052188786597644046,-0.4089494950663544,-1.0,0.11464553076279209,0.554698021461677,-0.03574166893595823,0.5777651249161048,-0.04751607680437589,0.073882402938638,0.8345793630857523,0.08880696574227999
wine_quality,mlp,lime,155,0,0.07615239188749187,-0.07084912650798737,0.15755686769373142,0.18572525584356347,-0.1783514405079425,-0.021240309585266084,-0.9587461898836815,-0.6819069066501121,0.725325602664318,-0.190359570680282,-0.19134070892273614,1.0,0.10535267182615651
wine_quality,mlp,lime,50,0,0.1279379463277653,-0.7720511630742589,-0.3911125411421499,0.0857194626272945,1.0,-0.1448251938009231,0.22784836433643985,0.09264764232392289,0.2760203479568691,0.02228401439978118,-0.001965644982550625,-0.25154297099737144,0.0886009771148217
wine_quality,mlp,lime,394,0,0.05837798175956671,-1.0,-0.18342152924465363,-0.058925694803360074,-0.7913303918749756,-0.5552100568099506,0.564652904375738,0.2332391179632753,0.8655474935508845,-0.07408179462888338,0.2684497623295977,-0.21252970291159276,0.10030814292371244
wine_quality,mlp,lime,1244,0,0.09183115136439014,0.16123854270333157,0.439323796281335,0.18590586818041213,-1.0,0.04389546901201597,-0.6786383788139544,-0.4485675233457162,0.34471225938393224,-0.383214617391095,-0.07669783616220939,0.7618427298484233,0.09862716631866371
wine_quality,mlp,lime,1067,1,0.12926868401162797,0.135405553747209,0.38410676715103015,-0.014910306448114792,1.0,0.016694144887892597,0.40387133026430005,0.4359730434817572,0.4273860330550299,-0.053149928018648616,0.024736265730002822,-0.008405799019594718,-0.0016330772876012312
wine_quality,mlp,lime,201,0,0.11231501582985812,-0.7515794323979459,0.46563444076827226,-0.027852325602968818,1.0,-0.07579280011269697,-0.44909497522075825,0.2978344910341808,-0.5563437960098969,-0.06515892188835942,-0.09576713539465839,-0.2971844707377507,0.10655353799540322
wine_quality,mlp,lime,864,0,0.07327208291023596,-1.0,-0.15491786336728564,0.10634015325048761,-0.9545012750310234,-0.016420105654537605,-0.817313200592867,-0.037788855498209456,0.25242401383711555,-0.0542970509985697,-0.07658984443327553,0.6213328308409939,0.1304456657158281
wine_quality,mlp,lime,1022,0,0.07485440043421498,-0.05999279064773162,0.11111017786204813,-0.16606177429498314,-1.0,0.24386231982651876,0.5000684191030743,-0.4326120560244905,0.4609114052042624,-0.048741151148739996,0.23365448129213237,-0.2519209615419651,0.08827397675138521
wine_quality,mlp,lime,573,0,0.046844061144359794,-1.0,-0.36015266249032213,0.228439295132634,-0.8417146198197059,-0.3634354300289413,-0.22952605136170418,0.5277538493826195,0.5484709746844857,0.06721237091704056,-0.05631477472265539,-0.5725620769559754,0.11197016062369089
wine_quality,mlp,lime,628,0,0.07716778714873805,-1.0,-0.1169692638295754,0.14540547427229192,-0.5032093087833757,0.01722700945464323,0.17113316970844478,-0.012305332664282869,-0.818489776437242,-0.09781509389166944,-0.029564292436807575,-0.06725293820785244,0.1298939663872853
wine_quality,mlp,lime,1595,0,0.17934869695243327,1.0,-0.044709690312679885,-0.004615793050074856,0.8176333949248045,0.21732820562289998,-0.06264072998498758,-0.1336727637381202,0.2527470027169443,-0.13209747639957597,-0.07542627189518125,-0.08759760320126055,0.018439611998396027
wine_quality,mlp,lime,842,0,0.06679066243913168,-0.24998579434410384,0.29141335657204437,0.0017638230620503229,-0.020086335658784968,-0.1830427979103116,-0.7577934235986323,0.4053729622345866,-1.0,-0.2910132485794473,0.005323111273301419,-0.11960356091450522,0.11475933810282693
wine_quality,mlp,lime,286,0,0.11759531488927343,0.07696131092023095,0.1370215694575985,-0.07273832094828221,1.0,-0.3865366755737835,-0.04753259907294555,0.27659741901915585,0.22562042239322325,-0.12978853352854763,0.03351591908973201,-0.15178007444869293,0.060631736482732915
wine_quality,mlp,lime,654,0,0.07859398913879316,-0.9579774286896219,0.17072285332362946,-0.09554168107458419,-1.0,-0.42804271021058365,0.17514269961968373,0.1098191106068302,0.13222775377017856,-0.011473483936305342,0.30638869854795875,-0.05080238762059689,0.118018665897359
wine_quality,mlp,lime,613,0,0.11105123060945349,-0.4900047990434808,0.30724680686450995,0.07475294357467253,1.0,0.05278731773825572,0.1348143919799762,0.042554898835219186,0.22621296030273827,-0.07844082019732863,-0.05189516154054605,-0.3419184723774043,0.060192321800322204
wine_quality,mlp,lime,399,0,0.08705427795504017,-1.0,-0.6311718877424141,0.09054651128336969,-0.9341986236473468,0.20959705301698525,-0.15911757353365022,-0.04084561650818823,0.19935981857899351,0.2520368971032866,0.0379524618178285,-0.03282838623577279,0.13681529108471577
wine_quality,mlp,lime,1071,0,0.08046831899782488,-0.8194344026079627,-0.45123418994809217,-0.15665127722621222,-0.34073149310424256,-0.2549522764510822,-0.7437615284010453,-0.04558696108793355,-1.0,0.0956293182702065,0.18868882889055494,0.7191831152819148,0.1389043679738205
wine_quality,mlp,lime,495,0,0.08356314987748381,0.04811077699369304,1.0,0.20012563080873477,0.09641515509807241,0.18642572846816102,0.316817825968715,0.6134524188578606,0.4089034635488386,0.01740457956962928,0.22970346983268955,0.12577866132625987,0.02168718183936104
wine_quality,mlp,lime,558,0,0.1258829880099817,1.0,-0.18368311185374647,0.1371241861357558,-0.1729621697084219,-0.33687605662395065,0.5172543225885632,0.3654339225807467,-0.6865943378576805,-0.0246748076504893,0.19826734900883028,0.7673392648520432,0.04077405638863593
wine_quality,mlp,lime,816,0,0.06757328811920148,0.05845784796617368,0.14496336161133422,-0.09216071495200621,-0.5795728396216785,-0.6088041570087702,0.44548504991247984,0.6919502883277866,-0.1976553524467711,-0.01648217775689456,0.08404175784570155,1.0,0.07450270834159295
wine_quality,mlp,lime,1196,0,0.07346745237021236,-1.0,-0.06495811080309756,0.0043845055811583995,-0.4922714807933894,-0.05967743211625283,-0.6945755473739441,-0.0896119735792767,0.14786736776910814,-0.24360396728896458,0.19059535216820625,-0.09878434594784884,0.12913243213862005
wine_quality,mlp,lime,1045,0,0.1640808450980951,1.0,0.08087050766001073,-0.13827698918032227,-0.3411383288021073,0.15455682528092135,0.0917814820109298,-0.23923045490266143,0.1540621234728731,-0.01006908709484172,-0.02430539795339071,-0.21415613807197537,0.07483296334182465
wine_quality,mlp,lime,1110,0,0.04520186621591554,-1.0,-0.601400570702813,0.009590226782307016,0.3508716371904446,0.3593880069963532,0.8057972760681199,0.32567862592793845,0.7554075407572857,-0.22781408082273574,0.06909116444720635,-0.6607139074630509,0.0807748820299298
wine_quality,mlp,lime,1163,0,0.0673934902853643,-1.0,-0.9084352063651604,-0.021084379125415897,-0.14253353322912335,0.09415199703406182,0.7442634434430142,0.28935499829418976,0.5104538059758049,0.015240772611347458,-0.0895007810061328,-0.5122211195023931,0.11636483855688057
wine_quality,mlp,lime,921,0,0.06431315786544177,0.07850732291008852,0.8369997310815024,0.2707687244178621,0.23924523614061804,0.06452228060428815,-1.0,-0.15264355385093786,-0.23336127355768257,-0.15044657866327082,-0.004900110190715648,-0.47344400067323833,0.09859802935309628
wine_quality,mlp,lime,1419,0,0.08029217112928859,-0.5647819617525737,-0.383882474898174,-0.012952453378808682,-1.0,0.10880529977843961,-0.7539228633538543,-0.018024822581840735,0.07932783991121879,0.022028538440254545,0.05416366237538064,0.014160183084433247,0.1396368939343097
wine_quality,mlp,lime,55,0,0.07866602619747319,-1.0,-0.1203875130890582,-0.08203097587020405,-0.9642255134263035,0.05476914270974184,-0.2079107302239402,-0.08306807789854392,-0.02705225653800085,0.04846941040216069,-0.03812434765286342,0.679607894282471,0.12205852808817694
wine_quality,mlp,lime,1404,0,0.044559639906327775,-0.3545041952216712,0.3155066670812729,0.29826737051097824,-1.0,-0.9454293982444291,-0.49659339106215106,0.4676690409778566,0.2550591741625568,0.037330034076972045,-0.3552151501093083,-0.4954260811956556,0.11451695592361816
wine_quality,mlp,lime,202,0,0.11099707146225185,-0.7914063263969071,-0.0038646450321788385,0.11545646221416465,1.0,0.2884370711381253,-0.21779324397461594,-0.3111104250914508,0.2791597967264987,0.13210152591082244,0.06719097536820477,-0.2528346163362013,0.08114436356250122
wine_quality,mlp,lime,1108,0,0.0720073738947419,-1.0,-0.3929390664998863,-0.11904076834384772,-0.9222765485447638,-0.49803824942865005,0.5486917619345226,-0.05440065610524757,0.0601827053737668,0.33659481512720907,-0.05770681371299397,0.8137469514697414,0.10889571329982436
wine_quality,mlp,lime,896,1,0.1585027588633542,1.0,0.39871735454304424,0.041075051887267434,0.9033710443332245,0.23906762794021233,-0.028597827181896063,-0.00024015333913515247,0.199160629976663,0.08703409327565455,0.19531146624812928,0.09339933110819443,-0.037063227872542626
wine_quality,mlp,lime,1375,0,0.07097100387688064,-0.5777951076536231,-0.19388361671355003,0.3267497868819815,-1.0,0.20697332112595712,-0.9252702281173123,-0.2507006247835152,-0.03389980221285294,-0.06156610581923782,0.24035124732979826,-0.43559292973007535,0.1371482133344629
wine_quality,mlp,lime,1409,0,0.11109485180081156,0.07303518902334176,0.15537650075816672,-0.01699278814591187,1.0,0.17346127228385355,-0.08030179569035771,-0.2695459550626581,0.37302313250529473,-0.10092157290988095,-0.1142497330307481,-0.2216308353616526,0.05285726105408249
wine_quality,mlp,lime,1293,0,0.06816471926042177,-0.7846354676128808,-0.5455264744627668,0.12198010495232424,-1.0,0.08710140548005874,0.6812268126653401,-0.06943720480221541,-0.060841989875209335,0.09570163622360132,0.20161176406984468,-0.29034176659230704,0.11217602269704308
wine_quality,mlp,lime,111,0,0.05667039877689544,-0.9070062174561032,-0.03528937984818377,-0.44179384747298883,0.13436628607585463,0.23111672487410626,-1.0,-0.07518862831122614,0.35475016648144636,0.348249443985964,0.4997173037299333,0.06146440370997704,0.09828264850263334
wine_quality,mlp,lime,1348,0,0.09337896386836061,-0.8020785656745645,-0.5711308786000122,-0.02885899348084797,-1.0,0.25313057556246255,0.5200664900406983,-0.10824342427990011,0.25967399561121146,0.03526976707640175,-0.038126985322447876,-0.40976841269037934,0.1411301372567417
wine_quality,mlp,lime,639,0,0.15737372610438372,0.009073195758910203,0.32874420314770514,0.14492772804307846,1.0,-0.059625353147933276,-0.004928938969575954,0.06858085374671834,0.3792568722161362,-0.04664939557519838,-0.055706263000198944,-0.2728415038930693,0.038010364360248516
wine_quality,mlp,lime,944,1,0.1656059040348418,1.0,0.3386387683893151,0.01245091722183521,0.12381825940027683,0.13182163114383183,0.1112244686788007,0.015035696601327921,0.07738346049267066,0.04850102251704795,0.02757658096925763,0.4995933543357135,-0.003383698493127335
wine_quality,mlp,lime,669,0,0.08298526162412415,-1.0,0.2361356977790659,0.011289481822892229,-0.02930394943587749,-0.2753885924183324,0.7241898048678473,0.5680912539151215,0.1378810152708926,0.013441916404523612,0.1757307299229798,-0.09226763147392743,0.0800299961216755
wine_quality,mlp,lime,1464,0,0.045765931599397104,-1.0,-0.06357310777376193,0.34596820722146526,0.09862210139206466,0.06635491820384314,-0.49447194081210055,-0.6264826056766485,0.5748483894954248,-0.290706755255507,-0.24736978693202585,-0.9686118710114575,0.11980177566000752
wine_quality,mlp,lime,1029,0,0.05495936369529828,-0.07818332114563492,-0.3507428058662112,-0.26890512023093227,-1.0,0.2567352888383107,0.6604462947011873,-0.16886080584068358,0.29248310444489617,-0.05863861050814737,-0.06186210072576455,-0.362913498687618,0.10239939234056748
wine_quality,mlp,lime,1126,0,0.12313461445345902,1.0,0.42363835433075564,-0.03506319368307407,-0.6909829632185408,0.19726813397335746,0.377281054956227,-0.3392376687939943,0.29092321447456426,0.10132163018719112,-0.05865185384016839,-0.20920972804840082,0.05309620581088679
wine_quality,mlp,lime,372,1,0.13103331669028034,-0.06321324152087535,0.2359532723182889,-0.03063454868110399,1.0,0.16779649951669554,0.008623587036235796,0.19518320624888974,0.3930257120268889,0.04725481808942096,0.08616542913252784,-0.15647341013839203,0.024339698893110037
wine_quality,mlp,lime,401,0,0.08283426454403875,0.11158099773041677,0.6702185545210151,-0.1729834622462959,-1.0,0.25150184150867544,0.10087369472935274,-0.3820569439788858,0.6043732123758704,0.3279338517354257,0.2422668670048434,-0.5168384987727531,0.0873570360351969
wine_quality,mlp,lime,1354,0,0.08391450044768965,-0.8321493822017867,-0.2778274460443314,-0.10499740736154321,-1.0,-0.010628411777941243,0.34722387794392306,-0.12150956047790933,0.3321970246642511,0.15132703390277286,-0.1275085970661144,-0.03498483641866045,0.1340689140818089
wine_quality,mlp,lime,19,0,0.09512900437213752,-0.7879443855016713,0.4265779928714088,0.11488892429984585,1.0,-0.09482841273835646,-0.1905220089203762,-0.2130893587961522,-0.6266304663735857,0.04808694009164632,-0.06307746157315802,-0.2805659005607093,0.10067951560621193
wine_quality,mlp,lime,1341,0,0.08346610719317982,-0.07047835902599099,0.11584063025920736,-0.10682088573926686,-1.0,0.4548490435664339,0.14615959960725008,0.07957146634932005,-0.04996576390306316,0.11416717099288018,0.0002209865194983819,-0.3258512038995493,0.09903851231589346
wine_quality,mlp,lime,566,0,0.08491025876196677,-1.0,-0.35659772729077516,-0.03506079085505832,-0.4185848507001587,-0.2695546244392933,0.5778123236005394,0.11301648929532082,-0.8393366835746525,0.04947786498648443,0.11070691283532746,-0.021588713658984952,0.13752666573689198
wine_quality,mlp,lime,1542,0,0.04585584493258233,0.02454288443462825,-0.6923026874003396,0.07131747491086095,-1.0,0.6302720735576042,-0.44716177914251004,-0.5369241954727386,0.8641331403032823,0.04626401108633281,-0.014852180167257714,-0.5782843184377341,0.10692845315278798
wine_quality,mlp,lime,1538,0,0.16024859239675213,1.0,-0.2550753055548426,-0.01765617711243993,0.08333018309113513,0.20404337612920287,0.126421567758261,-0.16009111427542896,-0.10248481755922585,0.0958249580259144,-0.06533637832354906,0.05502714991374908,0.05137981333646803
wine_quality,mlp,lime,1049,0,0.12836053480966045,-0.07619366012795793,0.1066710032171014,0.007589955802614839,1.0,-0.15035843934426368,0.45935601244964275,0.4795177704490339,0.09578247719860021,0.019742088444427153,0.07404082485065688,-0.11267391962053315,0.030937249745311646
wine_quality,mlp,lime,1279,0,0.1580652243723401,1.0,0.32047379019517747,0.05312472405011906,-0.3562680269431332,0.34631837374852875,0.24020531427005065,0.2953111482231233,0.22842529648507917,-0.033579708653179635,0.03563063242225995,-0.20332178842220822,0.020930406620801575
wine_quality,mlp,lime,565,0,0.13587528491645964,1.0,-0.09272085133134976,-0.0627025068312328,-0.2740566086679482,-0.307674708661421,0.3066121421624254,0.3691600908108337,0.2223282306404906,0.023809239991707642,0.1106817908261825,0.44412306929291756,0.030782153761958142
wine_quality,mlp,lime,1272,0,0.1372129281336532,1.0,0.08164038828491428,-0.026533872059912995,-0.6217922115074491,0.2397648349175617,-0.19215715155090618,-0.18189800109734278,0.16852305348448565,-0.05600544031877403,-0.014255135362405741,-0.2886988832443271,0.08615484594299774
wine_quality,mlp,lime,541,1,0.08496217748256478,-0.021262799138913362,0.4842566463774217,0.4034516714659424,0.2295964821453664,-0.550046571727379,1.0,0.8292096339662686,-0.041455964066637443,0.24800053435943772,0.12338744213202275,0.9352206314089555,0.012664377456812342
wine_quality,mlp,lime,692,0,0.10309197511659629,-0.8109863580150851,0.01697358890813735,0.09372847949273376,1.0,-0.3570402004322529,-0.5171971040771693,0.012859736248870792,-0.6885522060115522,-0.023704763977863724,0.023577696013045758,-0.009145053937172938,0.12481136901379114
wine_quality,mlp,lime,1024,0,0.048364508078432226,-0.38637630261866807,-0.19868301394027327,0.3032578751759183,-0.8729824933136012,0.39324870057944455,1.0,-0.23055091808787448,0.005550363988568128,0.18813483776104534,0.27236471717303606,-0.8021852667707302,0.09348128047301846
wine_quality,mlp,lime,507,0,0.08069987348087652,-1.0,-0.5370598759038332,-0.19050672419648396,0.005626768482937777,-0.5495544305701908,0.5679718419588502,0.10500029023941108,0.2492608790539984,0.28602449697056603,0.1262759608865883,-0.1569482100801067,0.10508996870546297
wine_quality,mlp,lime,766,0,0.08105936689000519,-1.0,-0.05860808242287589,0.022781576899808836,-0.9245992408733985,-0.15577329859388092,-0.6529398078081033,0.12294151702674394,-0.04581359925218729,0.07060825095383007,0.13743048691267237,0.6856223236909683,0.1218519175242165
wine_quality,mlp,lime,1282,0,0.06212324685744234,0.17604561800524868,-1.0,-0.598766946038073,0.1926637779478311,-0.047847442368561956,0.6548669307800751,0.10612385146128296,-0.12218698458646798,0.11836740257128245,0.13087190440353594,-0.27680863417693097,0.09436481904472999
wine_quality,mlp,lime,1285,0,0.06664906893738484,0.2659186262103322,1.0,-0.20911344327160541,-0.7824708630449332,-0.044683116006358034,-0.15930923565254046,0.8587343203916394,-0.08878708640093666,0.13524810507136228,-0.127381925195021,-0.3740001022290109,0.07515498407092765
wine_quality,mlp,lime,894,0,0.05217618549414836,-0.9633199418967433,0.28518203267350717,0.15246214802405328,-0.874980319156476,0.19554793777564758,-1.0,-0.2161568454626323,0.4317477026110297,0.20010085878214293,-0.04173000713672012,-0.5902037397326577,0.11922180348085629
wine_quality,mlp,lime,1119,0,0.1306166374994224,1.0,-0.2951897341847985,-0.021625635805590723,-0.42936526237631467,0.25096196815268235,0.5157208471201887,-0.20916058830743012,0.27449229749394427,-0.008463634589495827,0.023452103289743013,-0.06529443138006337,0.05000696248804443
wine_quality,mlp,lime,1437,0,0.0818110742878943,-0.11528329181994408,-0.6886213667835126,0.09233287703195985,-1.0,0.007452938167232374,-0.049797029292917606,-0.28136338146383466,0.5262900359106482,-0.16672751031661573,0.049217593779609124,0.7513927663344221,0.10851199322831384
wine_quality,mlp,lime,890,0,0.06232964007795694,-1.0,0.4812164447259534,0.35786449590242525,-0.8213324266306917,0.44637754086125064,-0.0693851167726909,-0.3900217901756547,0.733260931038798,-0.48331980490349236,-0.058214171231074203,-0.14672638359075096,0.10960362609391557
wine_quality,mlp,lime,551,0,0.07004389218732852,-0.75809343717974,0.3581455197833165,0.01438688103015166,0.16311728431317973,-0.6273018318595419,-0.0116295546334898,0.435553127011201,-0.21307443176130225,0.24378502470638816,0.23905078741949573,1.0,0.07437553852945326
wine_quality,mlp,lime,971,1,0.11924573196881748,-0.06203744778448201,0.4307621747327762,-0.02110436059121469,1.0,0.0240577761967494,0.6705331885926424,0.46369618058394385,0.536686749559507,-0.0012297203692778716,-0.011217166115834868,-0.24264873698233316,0.001453259000981602
wine_quality,mlp,lime,146,0,0.0772721002246378,-0.7765239400103181,-0.5092912198536239,-0.011138615467682356,-1.0,0.43949946567388365,-0.8493546764458307,-0.30449215006381736,0.3962477145406227,0.13110167477349358,-0.24490879286940526,-0.2788318842934298,0.14689617662673568
wine_quality,mlp,lime,200,0,0.12965961226469866,0.08600580750720101,0.32931262082448454,0.09684710581007033,1.0,-0.04907320012625154,0.09854179247691401,0.40573931680239145,0.35350246468870444,0.1303104132732245,0.04031068540684526,-0.2733743121599634,0.01932033011753098
wine_quality,mlp,lime,7,0,0.07711978438467094,-0.6690892249479269,-0.6420958153487566,0.009453391725679244,-1.0,0.1307199134731375,0.5540731499569607,-0.2333826620548437,0.4429541683416869,0.013572258990223756,-0.04916299470303256,-0.2238341667915596,0.12175829325746773
wine_quality,mlp,lime,1421,0,0.07095116488694266,-1.0,0.21284657267975918,-0.05696289187397431,-0.670077640707143,0.25851777348885113,-0.060865391570725916,-0.07493781250261804,0.29391814171033215,-0.18608914319634465,-0.1619745257254155,-0.2978614066663757,0.1160700097107941
wine_quality,mlp,lime,362,0,0.05511992328083854,-0.8536722871004615,-0.26358241931332865,0.12737026158384945,-1.0,-0.8032754084126376,0.3902129823917512,0.6096041695829277,0.32269562310871536,-0.23158486504273673,0.08044916218228378,-0.45962466245888267,0.12482849652030018
wine_quality,mlp,lime,1353,0,0.07467704559348808,-0.005076042417512018,-0.7746735740415617,-0.008961484489434356,-1.0,-0.1468136418541008,-0.3014590720992919,-0.13245666271358644,0.013916975583760706,0.22700923945930004,0.05316068260942439,-0.35714767257154983,0.13428030904472502
wine_quality,mlp,lime,224,0,0.04182121648411384,-0.23463933329142808,-0.15588367940170175,0.33696634537764325,-1.0,-0.03049768046222638,0.011585758271009097,-0.3863687519421477,0.4895455656830665,0.25269216407136696,-0.33753149152220197,-0.41604473610700876,0.10127003458929851
wine_quality,mlp,lime,861,0,0.12648019165274574,1.0,-0.31354975272429053,0.02128114199421008,-0.34676195152812017,0.07974937924646865,-0.4264947745833869,-0.10309907242470963,0.203956386532843,-0.03179397156929812,0.009421292731932356,-0.21816087918959395,0.09264991169529985
wine_quality,mlp,lime,474,0,0.1035200422675714,-0.7988743694029378,0.4285051847772333,0.06361318001042696,1.0,-0.3612516475324845,0.1805318147186523,0.4746431664434264,0.27374857840940975,0.07112546570119682,0.03730845508740178,-0.31894214846267904,0.06451204879060538
wine_quality,mlp,lime,529,0,0.09125419829130249,-1.0,-0.1806244111963409,-0.1324996374107788,-0.5060187638133926,-0.026692703653159875,0.1718639880757367,0.36086736989052576,0.14201255098530455,0.06983942961316186,0.11143293541082709,-0.01064288837069211,0.12043381475286494
wine_quality,mlp,lime,93,0,0.04336881338709189,-0.9774679378468398,0.37614315296395445,0.12054429254668449,-0.026418408625931703,0.21098863311378604,0.2999763550294495,-0.336558143711997,1.0,-0.10613909054850307,-0.12550600755127952,-0.9273363656625785,0.09143525863680761
wine_quality,mlp,lime,574,0,0.0627970162620828,-0.7813469607138407,0.7905671254383572,-0.0077353490486619225,0.036232179273836894,-0.4278844682179031,-0.9414253224777557,0.631893645321482,0.46796452233476593,0.11538821298387007,0.00944210468864496,1.0,0.07772628399676944
wine_quality,mlp,lime,1181,0,0.11308448928285633,1.0,0.2924507415552283,0.31277875464786814,-0.8359124623817519,0.31506829844712936,0.3732768228369227,0.3829190436474268,0.2734786551191694,0.10912722655439273,0.1747423335799205,-0.33286319379224316,0.028491348026034313
wine_quality,mlp,lime,465,0,0.11553277192646039,-0.4855880539286511,0.41152085635922414,0.17731914769759616,1.0,-0.5129603242534798,0.18910179062739366,0.4806169585849785,-0.8024351701949279,0.027967126312159415,-0.17977700691627935,0.5404027227206198,0.06590534942105811
wine_quality,mlp,lime,1579,0,0.1617815586952781,1.0,0.022196494908609875,-0.05685640707044597,-0.219093726585591,0.13534909389569885,-0.0029433029781856033,-0.1697537078875082,0.0938783445490769,-0.022631566178727757,0.05483906614281189,-0.1972736235788412,0.06626179954506228
wine_quality,mlp,lime,547,1,0.14525363134951555,0.08418720496598626,0.3559269754730118,-0.0539635920966356,1.0,-0.28273325452274684,0.3939227084359923,0.3425749568900624,0.3007253312684362,0.01081963522947153,0.183406135363181,0.009603319983971369,0.008827502411182159
wine_quality,mlp,lime,775,0,0.08608588049061854,-0.3983541354886561,-0.3839471292575067,0.05513273464244002,-1.0,0.1861773036731557,0.4692765098407041,0.06330485172473459,-0.8252051700721941,-0.015622026826881826,0.08537375724159346,0.6597063189513364,0.11609884427072793
wine_quality,mlp,lime,698,0,0.07957792075821046,-0.6393498742990138,0.05715257873049787,0.28377632154901017,-1.0,-0.35751679256399194,-0.8754382336458539,0.6647980311753742,0.03639661479574501,0.0023321043978835,-0.0613533597220456,0.8812683591384439,0.10778100686955029
wine_quality,mlp,lime,1028,0,0.07275091039068643,-0.6601025766893598,0.5109746540902546,-0.005523628837971117,-1.0,0.024924109857822247,-0.8356058232677409,-0.24710717178290978,0.5488919965265597,-0.037941921570235806,0.1485830757782146,-0.33807233677396187,0.12320792757891463
wine_quality,mlp,lime,461,0,0.0846973164769506,-1.0,-0.11584433009900211,-0.027737049310745672,-0.5699716715504005,-0.5417761081869497,0.8624810919116688,0.28367755160699204,0.13594565470075295,-0.08918187071668954,-0.1589013737634695,0.13451923812075622,0.11746456165653901
wine_quality,mlp,lime,497,0,0.14032765459446608,0.07804143334504106,0.3193351715110507,-0.10248720111979662,1.0,0.0015060715532607878,-0.5255801753895295,-0.18061624913125732,0.2145666663660227,-0.021790730402028693,-0.048519012453424985,-0.14826117703272207,0.07152517567491093
wine_quality,mlp,lime,1431,0,0.07106298879688223,-0.7992059562457379,0.19954705946445886,0.2819475520945981,-1.0,0.0942326822094719,-0.9810361252442246,-0.1258088274366493,0.3942225397286714,-0.09026236859292597,-0.10583483505862533,-0.3000077477878393,0.12513112940280552
wine_quality,mlp,lime,1000,0,0.14834203428159298,1.0,0.1492754521838178,-0.03459107640419743,0.15163491314328667,0.24977854509881575,0.3237117221179112,-0.1332195001707174,0.2545471897770518,0.05021519922900871,-0.09437330225125225,-0.06452388546808421,0.018580388649108173
wine_quality,mlp,lime,1155,0,0.07588615017547604,-0.7517101034074104,-0.12903281248743126,0.1957332172778903,-1.0,0.06092289603703777,-0.10292357893229258,0.23111145595729626,-0.9604072704693489,-0.033929571578454616,0.032905303478076846,-0.1849404089909165,0.14588966924937627
wine_quality,mlp,lime,1298,0,0.14322653772725175,1.0,-0.08046972089492886,-0.04197401489233555,-0.34775853938157103,0.11513339468848303,0.36721509748266945,-0.26670860897785725,0.4808289981506211,0.07179913657537908,-0.06110697993749269,-0.2308481775661291,0.053225419710090066
wine_quality,mlp,lime,1154,0,0.1293232673772427,1.0,-0.037269183656419236,-0.23184788275419843,0.13832579085301408,0.23636822049437758,-0.6266475968453074,-0.25723774077606465,-0.5308474579101203,-0.08672072092397422,-0.051280156087480086,-0.11137521423917454,0.10394292488497509
wine_quality,mlp,lime,1229,0,0.07524042699255883,-1.0,0.46456347767302325,0.2038025959495568,-0.013870420280673063,-0.09226070068907438,-0.8529423218174454,-0.3032999398854452,0.2621967705635855,-0.05297890832291073,0.06900245471770736,-0.1182845191648992,0.11787422350855692
wine_quality,mlp,lime,983,0,0.04472472136103727,-0.23947120818518278,0.5727573323993619,-0.052190769442554664,0.09155260866156291,-0.010083758829254554,1.0,0.06495796968260886,0.9376601856025345,-0.1730484166829565,0.1762831556249033,-0.5883598753876982,0.06986455631301261
wine_quality,mlp,lime,684,0,0.07111637829924451,-0.9257597312289809,-0.5801774825270576,-0.09613813986775127,-1.0,-0.3451082228987143,-0.8373467194741377,0.31886104977086205,0.2966097275084461,-0.20258157501065355,0.1438829556285561,0.15341305590821472,0.13829539013964298
wine_quality,mlp,lime,545,0,0.07507622533537618,-1.0,0.2206618834023578,0.2951576116037189,-0.5311660142645831,-0.40593788014570803,-0.7003237502485363,0.23404586555636891,-0.8007863301397464,-0.27604338728924654,0.17184085724131223,0.04190808309573305,0.13676983844770207
wine_quality,mlp,lime,1091,0,0.15476749099407783,1.0,0.27790481563509734,0.03712807222031471,-0.27571888901816316,0.21604775911855362,0.2777138231607917,-0.05260267474662827,0.10186343220808222,-0.1035863608290759,0.02947290140135309,-0.19439690841214122,0.047150777968768647
wine_quality,mlp,lime,65,0,0.08628277331882762,-0.06931697642313821,-0.6468786190843796,-0.18759305030504275,-1.0,0.15935385401929114,0.656706140517894,-0.32670794176524015,0.11988367395110489,-0.2948863305659962,-0.23047080993648283,0.737780369365746,0.11996440888566694
wine_quality,mlp,lime,1574,0,0.08779781578253981,-0.005128101556820064,0.495316301714194,0.002959093815777744,-1.0,-0.05834699991501726,-0.7068512514940213,-0.33538840272985904,0.011612581802713056,-0.19038428370715674,0.0025712880425126706,0.8260632264129534,0.11379171728718941
wine_quality,mlp,lime,1097,0,0.07466731248208797,-1.0,0.2975162418749365,0.08824748421929371,-0.8907465224004522,0.19493823428160853,0.7356698742474131,0.23715056531331857,-0.9096343558879535,-0.020338161868936385,-0.015657323900446194,-0.6241613990446473,0.12648244101421166
wine_quality,mlp,lime,533,1,0.14726208690556933,1.0,0.35893803428134663,0.04244952072568317,0.14887224891784773,0.0709301498351567,0.13060617085710943,0.4014626651070244,0.30583988022180253,0.06118932339292512,0.10229714372555242,-0.09586898757175388,-0.006381589343420327
wine_quality,mlp,lime,536,0,0.08029415686983296,-1.0,-0.017708386143427856,0.22908056674357458,-0.573671273388495,0.18612654634097758,0.010011977249576653,0.5387190808821459,0.020256321141232325,-0.10065103013792986,0.08810390870668276,-0.16233447636355433,0.10686270420050621
wine_quality,mlp,lime,400,0,0.06890086040007912,-0.4939868952643571,-0.4913891305019157,-0.18788346067804335,-0.9517097253812881,-0.4020239711182388,-0.6919412068201753,-0.32726732579268686,-0.8329409797947153,-0.23408981652242478,-0.2237773031527523,1.0,0.14422845376847726
wine_quality,mlp,lime,590,0,0.06005083133184238,-0.8136643673170705,0.3187598811018898,0.1443640604842696,-0.6836570187904784,-0.29682182548730945,-1.0,0.20919321160047522,0.1042283178466434,-0.05419428348665536,-0.18218257416191289,0.14869769802286495,0.11626238977664889
wine_quality,mlp,lime,272,0,0.10413281041034846,-0.6847806367128499,0.510263500924968,0.013024129210015107,1.0,-0.33330151321608004,-0.7600963169246814,0.4437424064476592,0.33224445356251636,0.10239056611033481,0.24222109913544893,0.8155204571115159,0.057557167280668425
wine_quality,mlp,lime,1572,0,0.07708022519974203,-1.0,-0.504416884701035,0.2410084525355084,-0.9864122725080924,0.17188076021924764,-0.7169883802364712,-0.056912497620375604,0.31629017172562374,0.188936951731441,-0.010498819854034055,-0.06275240305049912,0.1369048052135205
wine_quality,mlp,lime,490,0,0.05722198763790316,-0.0940965845456375,-0.734083992009137,0.040130478734464306,0.02861243032839435,-0.6584816990872043,-0.13850617306056062,0.531169014929517,0.3484714772845312,-0.025460721733457124,0.25995658586411896,1.0,0.07453751218668568
wine_quality,mlp,lime,1016,1,0.16932477076325736,0.9782182967305529,0.2538498030911939,0.10474117996254088,1.0,0.14287826202427228,0.1488304366699517,0.0691429520122509,0.2780318282455339,0.06203085542602606,0.07424211550370226,-0.1850819391227831,-0.030777625601683997
wine_quality,mlp,lime,1567,0,0.08183734272090878,-0.7413159080799695,-0.6798578663359799,-0.10736477894513699,-1.0,0.38097497574606565,0.5087648096428885,-0.20225026674367094,0.36735637055248604,0.08242877084125988,0.045479435238605107,0.030826056819829768,0.11498813180903755
wine_quality,mlp,lime,934,0,0.05280979227012006,0.0442789788492962,-0.035315464146192355,-0.07265518281310739,-0.09911588575243035,0.10188481244708147,0.4173458214158077,-0.6041679533752848,0.13128712729017777,-0.3263645716116866,0.027778265364061583,-1.0,0.11086662128370561
wine_quality,mlp,lime,82,0,0.08054610565358439,-1.0,0.24932252042885794,0.003841831073093278,-0.49923576551643895,-0.03303062479166467,-0.7315371732087135,-0.019547848907481256,0.20038125392013256,-0.009674650345863735,-0.09585801706091239,-0.10664601265968561,0.13135919213442873
wine_quality,mlp,lime,63,0,0.057619629601935715,-0.7688235683211374,-1.0,-0.21865554467105236,-0.679137602670988,0.055656223237022996,-0.323357417217392,-0.5690775503830984,0.04788796849006934,-0.022854717315714417,0.29974602768218045,-0.28348100325274467,0.14305267735790841
wine_quality,mlp,lime,1050,0,0.036085014109066296,-0.47097380321966276,0.6618230365487886,-0.06749054411863431,0.45082405425996014,0.12504150566552139,-0.11303273655823735,-0.8127747935215739,0.4497538016997369,0.07475442979407032,-0.751473269844179,-1.0,0.09950377483234199
wine_quality,mlp,lime,543,0,0.04628692609367431,0.20285869929226358,-1.0,-0.34138540203724327,0.018801706276102722,-0.45508786922942274,0.04517153017440188,0.40712710567430255,0.3488674198051733,-0.02320002430143124,0.11746944263873328,0.0006576834507885834,0.0988093850593304
wine_quality,mlp,lime,948,1,0.14442768571465803,1.0,0.6949617382639517,0.008830172310470763,0.8462798617946179,0.27020215541492054,0.3563938235378948,0.0653411969444615,0.175978115268539,0.1688822214796189,-0.21992382224397855,-0.3129670212729115,0.003407476886327851
wine_quality,mlp,lime,1066,1,0.14939578750532093,1.0,0.3002472922674633,0.016828092541937168,0.22334703599206673,0.20236000946445626,0.2093483228225233,-0.2791304649127594,0.4458622550378,0.12388945426192094,0.020272105670002576,-0.11698963802859814,0.008795000190825325
wine_quality,mlp,lime,1394,0,0.0907633155512661,-1.0,-0.24670799066877666,-0.04652728082724683,-0.8232109914901421,0.1514093713836226,-0.5733241390812044,-0.26183477897808566,0.4510299512192029,-0.13897493697652247,0.0006585530665052,0.4533432208136263,0.13699570544680156
wine_quality,mlp,lime,262,0,0.06456230731873554,-1.0,0.234037568548399,-0.3232810194816438,-0.7607378023920095,0.0584130981154714,0.3173459555940859,0.01771927014438661,0.3373132781241384,0.1571591760923756,0.02416694240756782,-0.5780339846940196,0.11391866174955614
wine_quality,mlp,lime,1588,0,0.1681093604060699,1.0,-0.36293940204645353,0.10290946793606137,0.8484238228617222,0.24161800571157538,-0.3546621771428156,-0.1337660066099768,0.24764622397115676,-0.05001619967209693,0.08132675498164821,0.043631265917126794,0.021927229513714702
wine_quality,mlp,lime,321,0,0.06987128930547307,-0.7045582483389397,-0.07862152459803276,0.3452075384237808,-0.6735373765766018,-0.4522352430888616,-1.0,0.3404942589902504,0.2293430733305952,-0.26172646000013294,0.005516333581521182,0.8474126600006805,0.12099718476901765
wine_quality,mlp,lime,1030,0,0.11906115312886768,1.0,-0.10563111320161117,0.08835917756164736,-0.6647256665825145,0.26602133636522673,0.40233290050632076,-0.31351158209241914,-0.054343308633122894,-0.09407529214020398,-0.013183960893469751,-0.07258271201566191,0.07493832746644469
wine_quality,mlp,lime,3,0,0.058418293593304076,-1.0,0.396885391524064,0.021950816435563125,-0.5936063778464723,-0.5324405660280805,-0.22753809041135697,0.5323872424269235,0.6888001139138674,-0.05451389987312867,0.16713023729038962,-0.32879632502016604,0.09959335520761266
wine_quality,mlp,lime,653,0,0.12264790155676326,1.0,0.47657347543391076,0.012999467540218806,-0.7901928819866312,-0.04071132731342623,0.32077343265789643,0.41017393423292736,0.15441473709245737,0.021991898817970104,-0.07487670587197058,0.4954619794097231,0.033650550757347075
wine_quality,mlp,lime,145,0,0.07232016715498664,-1.0,-0.48228753403374724,0.2803389062583892,-0.5334336893878712,0.030398654948048318,-0.7566913945655831,-0.09247416161380977,-0.869879396000362,-0.11904611634724731,0.10356240839702788,-0.3333507884994866,0.15272934184854942
wine_quality,mlp,lime,663,0,0.15787043717172897,-0.4063993110771793,0.2772094883348527,-0.10920699497757853,1.0,0.025449108978875905,0.3524553932123425,0.2853880732647559,0.17625822313352627,0.13670614843848075,0.09328980465257897,-0.14878578456838615,0.02458456468904377
wine_quality,mlp,lime,276,0,0.10027016577446446,-0.7986337721253433,-0.17900071297115347,0.0013870556031173092,1.0,-0.4790823425041281,0.1523858897056854,-0.2521740499654304,0.006592902407650718,0.07206034681121543,-0.20256743663101423,0.5571851932533352,0.09442823389014487
wine_quality,mlp,lime,294,0,0.11629358432686908,-0.758400977480869,0.36314441403768954,0.20461338997414158,1.0,-0.30121532367409976,-0.0062247620813202075,0.31301064231240044,-0.7842799198979615,-0.02307908767023659,-0.005030243775011765,0.7755309886141658,0.07255476014179198
wine_quality,mlp,lime,1304,0,0.07861604762933437,-1.0,-0.39304472119980843,0.1958304763407874,-0.9911325147785711,0.18429780591730138,-0.8022522304074761,-0.09646664787691851,0.377889223354758,0.08209287951225575,0.09407185931788488,-0.12830440459673503,0.13513660236928807
wine_quality,mlp,lime,1424,0,0.05370410537995458,-1.0,0.9867998299926815,0.020141986241801364,0.05498464715526387,-0.18686508810398242,0.3085761646283016,0.046805791085744064,0.5004196141881332,-0.26575916723271026,0.29552580449727084,-0.811776861794413,0.09196916825980758
wine_quality,mlp,lime,1407,0,0.12439979178256064,-0.19212718562027056,-0.07497833961283304,-0.1834584737698193,1.0,0.21244246697181407,-0.06874055833302352,-0.24725285903228061,0.38244097116366266,-0.1270403033798026,-0.03295418097632847,-0.18413022686802144,0.07212118644301366
wine_quality,mlp,lime,584,0,0.13146242300544406,-0.10628714436616649,0.3720679510080777,-0.005819148667242408,1.0,-0.2946133269321546,-0.6176348213529553,0.27394614560249625,-0.680960012373363,-0.0341512263935453,0.022766823932772105,0.4708503052937928,0.08620009137470691
wine_quality,mlp,lime,1206,0,0.13264878746534792,-0.028569803298638802,0.1493863269025957,0.10703883847982074,1.0,0.2470997589917653,-0.12082742519079243,-0.06927829437550624,0.1993929524350347,-0.06292476010794631,-0.03198917901344574,-0.07964747398677109,0.03875571904938031
wine_quality,mlp,lime,459,0,0.08648869224727615,-1.0,-0.19074222675818392,0.2187694240905454,-0.521002295351882,-0.46780981512650976,-0.07765293155467475,0.47037990408909175,0.27509175212065323,0.03927586205297743,0.2841793538841719,-0.2650281170104249,0.12408296659107118
wine_quality,mlp,lime,352,0,0.08694821653938618,-1.0,-0.3353676695466343,-0.3759783627480187,0.21102516519737125,0.07021189562662963,0.48879442744902435,-0.07821942301426928,-0.04646584250334561,0.3643554647542358,0.24638642179301262,-0.2971151362392921,0.10443729851235303
wine_quality,mlp,lime,1232,0,0.07361940651374767,-1.0,0.07244723717407443,0.21294187328763883,0.1861384562111512,0.07475549959100057,-0.4862485320853265,-0.36594158775509283,0.11143689463986567,-0.033255326295271295,0.03270469784474832,-0.27265110046543584,0.11608445838151854
wine_quality,mlp,lime,673,0,0.08533601004323478,-0.8384625438339829,-0.5252329777678072,0.14032742235497792,-1.0,0.0012363788986735048,0.6181206666995069,0.11712796809868203,0.2492024311852918,0.03149627856233599,0.0315304133450577,-0.504974937705709,0.12643647137344383
wine_quality,mlp,lime,304,0,0.07985363776150645,-1.0,-0.46379419816129086,0.22598501525118886,-0.9689191307404891,-0.26578412854126837,-0.7282910930133668,0.0684324205168688,-0.7241499694338565,0.06489428265277354,0.09782852774611686,-0.14585331798490395,0.16578028873959022
wine_quality,mlp,lime,118,0,0.07710276024923492,-0.005894284418171127,0.11349828820697293,-0.30867084091368036,-0.6820386471637334,0.2428329974702892,-0.1223807184008913,0.16482357295782063,-1.0,0.13089953573754895,0.03042387168533962,-0.12436324062405354,0.11734922165251235
wine_quality,mlp,lime,236,0,0.07192140425875075,-1.0,-0.2477856225733288,-0.5477487254196597,-0.4855758142176494,0.14960337428333093,-0.049847588000854724,-0.20526357585434873,-0.9217794821092562,-0.019951631903843102,0.13394663124534315,-0.47803254299856884,0.15440262131835192
wine_quality,mlp,lime,1180,1,0.10529942947604752,-0.0315781458428017,0.390607142195179,0.1282579169756616,1.0,0.07701469555279028,-0.008837506253802464,-0.09979058791835033,0.20592443056363632,0.07279339006054017,-0.01434972674621284,0.08619017779539735,0.03937249064101884
wine_quality,mlp,lime,2,0,0.05870786041076462,-1.0,-0.7065964336170223,0.15920860947543783,0.012526230043155305,-0.2021988749630452,-0.5313361839507282,0.27730284374255904,0.3582834408321652,-0.19874924775122543,0.1793110284964721,0.1059973535492036,0.11153011324717327
wine_quality,mlp,lime,1515,0,0.07508212695995967,-1.0,-0.4933816347351446,0.09800541679506539,0.22506738938359014,-0.4741047489115116,-0.7625616970315603,-0.4157075206054485,0.1796304186355772,0.3006932629731179,0.003287626353082088,0.8602160902072814,0.11561349466499404
wine_quality,mlp,lime,318,0,0.15101072788883507,1.0,-0.3103350730469654,0.07348061994542661,0.12931994638259808,-0.21801316656816508,-0.0069439748648022865,0.2040321595413944,0.06638640861140742,0.04634100526603529,-0.0014179800642563597,0.5149555372480802,0.034148260120722335
wine_quality,mlp,lime,1204,0,0.1569227970412987,0.09504877208665292,0.36407475973845316,0.041931008778438694,1.0,0.2066291254384189,-0.19526998687178915,-0.031375957422720376,0.1146012457738764,-0.07596386509831757,0.039460910838947066,-0.10499747137876456,0.03192729493041682
