dataId,modelName,expMethod,instanceId,pred,i_max,a0_i,a1_i,a2_i,a3_i,a4_i,a5_i,intercept
wine_quality,mlp,decision_tree,434,0,1.0,1.0,0.0,0.0,0.0,0.0,0.0,0.0
wine_quality,mlp,decision_tree,213,0,1.0,1.0,0.0,0.0,0.0,0.0,0.0,0.0
wine_quality,mlp,decision_tree,1447,0,1.0,1.0,0.0,0.0,0.0,0.0,0.0,0.0
wine_quality,mlp,decision_tree,231,0,1.0,1.0,0.0,0.0,0.0,0.0,0.0,0.0
wine_quality,mlp,decision_tree,763,0,1.0,1.0,0.0,0.0,0.0,0.0,0.0,0.0
wine_quality,mlp,decision_tree,1472,1,1.0,1.0,1.0,0.0,0.0,0.0,0.0,0.0
wine_quality,mlp,decision_tree,472,0,1.0,1.0,0.0,0.0,0.0,0.0,0.0,0.0
wine_quality,mlp,decision_tree,1327,0,1.0,1.0,0.0,0.0,0.0,0.0,0.0,0.0
wine_quality,mlp,decision_tree,766,0,1.0,1.0,0.0,0.0,0.0,0.0,0.0,0.0
wine_quality,mlp,decision_tree,19,0,1.0,1.0,0.0,0.0,0.0,0.0,0.0,0.0
wine_quality,mlp,decision_tree,1130,0,1.0,1.0,0.0,0.0,0.0,0.0,0.0,0.0
wine_quality,mlp,decision_tree,905,0,1.0,1.0,0.0,0.0,0.0,0.0,0.0,0.0
wine_quality,mlp,decision_tree,890,0,1.0,1.0,0.0,0.0,0.0,0.0,0.0,0.0
wine_quality,mlp,decision_tree,127,0,1.0,1.0,0.0,0.0,0.0,0.0,0.0,0.0
wine_quality,mlp,decision_tree,1018,0,1.0,1.0,1.0,0.0,0.0,0.0,0.0,0.0
wine_quality,mlp,decision_tree,270,0,1.0,1.0,0.0,0.0,0.0,0.0,0.0,0.0
wine_quality,mlp,decision_tree,1416,0,1.0,1.0,0.0,0.0,0.0,0.0,0.0,0.0
wine_quality,mlp,decision_tree,1229,0,1.0,1.0,0.0,0.0,0.0,0.0,0.0,0.0
wine_quality,mlp,decision_tree,1,0,1.0,1.0,0.0,0.0,0.0,0.0,0.0,0.0
wine_quality,mlp,decision_tree,984,0,1.0,1.0,0.0,0.0,0.0,0.0,0.0,0.0
wine_quality,mlp,decision_tree,1176,0,1.0,1.0,1.0,0.0,0.0,0.0,0.0,0.0
wine_quality,mlp,decision_tree,1107,1,1.0,1.0,1.0,0.0,0.0,0.0,0.0,0.0
wine_quality,mlp,decision_tree,1095,0,1.0,1.0,0.0,0.0,0.0,0.0,0.0,0.0
wine_quality,mlp,decision_tree,1330,0,1.0,1.0,0.0,0.0,0.0,0.0,0.0,0.0
wine_quality,mlp,decision_tree,241,1,1.0,1.0,0.0,0.0,0.0,0.0,0.0,0.0
wine_quality,mlp,decision_tree,1288,0,1.0,1.0,0.0,0.0,0.0,0.0,0.0,0.0
wine_quality,mlp,decision_tree,267,1,1.0,1.0,1.0,0.0,0.0,0.0,0.0,0.0
wine_quality,mlp,decision_tree,727,0,1.0,1.0,0.0,0.0,0.0,0.0,0.0,0.0
wine_quality,mlp,decision_tree,1488,0,1.0,1.0,1.0,0.0,0.0,0.0,0.0,0.0
wine_quality,mlp,decision_tree,278,1,1.0,1.0,1.0,0.0,0.0,0.0,0.0,0.0
wine_quality,mlp,decision_tree,1563,0,1.0,1.0,0.0,0.0,0.0,0.0,0.0,0.0
wine_quality,mlp,decision_tree,989,0,1.0,1.0,0.0,0.0,0.0,0.0,0.0,0.0
wine_quality,mlp,decision_tree,1436,0,1.0,1.0,0.0,0.0,0.0,0.0,0.0,0.0
wine_quality,mlp,decision_tree,451,0,1.0,1.0,0.0,0.0,0.0,0.0,0.0,0.0
wine_quality,mlp,decision_tree,864,0,1.0,1.0,0.0,0.0,0.0,0.0,0.0,0.0
wine_quality,mlp,decision_tree,1495,0,1.0,1.0,0.0,0.0,0.0,0.0,0.0,0.0
wine_quality,mlp,decision_tree,622,0,1.0,1.0,0.0,0.0,0.0,0.0,0.0,0.0
wine_quality,mlp,decision_tree,1413,0,1.0,1.0,0.0,0.0,0.0,0.0,0.0,0.0
wine_quality,mlp,decision_tree,616,0,1.0,1.0,0.0,0.0,0.0,0.0,0.0,0.0
wine_quality,mlp,decision_tree,1127,0,1.0,1.0,1.0,0.0,0.0,0.0,0.0,0.0
wine_quality,mlp,decision_tree,1552,0,1.0,1.0,1.0,0.0,0.0,0.0,0.0,0.0
wine_quality,mlp,decision_tree,728,0,1.0,1.0,0.0,0.0,0.0,0.0,0.0,0.0
wine_quality,mlp,decision_tree,726,0,1.0,1.0,1.0,0.0,0.0,0.0,0.0,0.0
wine_quality,mlp,decision_tree,959,0,1.0,1.0,0.0,0.0,0.0,0.0,0.0,0.0
wine_quality,mlp,decision_tree,44,0,1.0,1.0,0.0,0.0,0.0,0.0,0.0,0.0
wine_quality,mlp,decision_tree,666,0,1.0,1.0,0.0,0.0,0.0,0.0,0.0,0.0
wine_quality,mlp,decision_tree,242,0,1.0,1.0,0.0,0.0,0.0,0.0,0.0,0.0
wine_quality,mlp,decision_tree,117,0,1.0,1.0,0.0,0.0,0.0,0.0,0.0,0.0
wine_quality,mlp,decision_tree,779,0,1.0,1.0,0.0,0.0,0.0,0.0,0.0,0.0
wine_quality,mlp,decision_tree,1586,1,1.0,1.0,1.0,0.0,0.0,0.0,0.0,0.0
wine_quality,mlp,decision_tree,688,0,1.0,1.0,0.0,0.0,0.0,0.0,0.0,0.0
wine_quality,mlp,decision_tree,739,0,1.0,1.0,0.0,0.0,0.0,0.0,0.0,0.0
wine_quality,mlp,decision_tree,481,1,1.0,1.0,1.0,0.0,0.0,0.0,0.0,0.0
wine_quality,mlp,decision_tree,1124,0,1.0,1.0,1.0,0.0,0.0,0.0,0.0,0.0
wine_quality,mlp,decision_tree,1218,0,1.0,1.0,0.0,0.0,0.0,0.0,0.0,0.0
wine_quality,mlp,decision_tree,578,0,1.0,1.0,0.0,0.0,0.0,0.0,0.0,0.0
wine_quality,mlp,decision_tree,243,0,1.0,1.0,0.0,0.0,0.0,0.0,0.0,0.0
wine_quality,mlp,decision_tree,377,1,1.0,1.0,1.0,0.0,0.0,0.0,0.0,0.0
wine_quality,mlp,decision_tree,875,1,1.0,1.0,1.0,0.0,0.0,0.0,0.0,0.0
wine_quality,mlp,decision_tree,558,0,1.0,1.0,1.0,0.0,0.0,0.0,0.0,0.0
wine_quality,mlp,decision_tree,259,0,1.0,1.0,0.0,0.0,0.0,0.0,0.0,0.0
wine_quality,mlp,decision_tree,725,0,1.0,1.0,0.0,0.0,0.0,0.0,0.0,0.0
wine_quality,mlp,decision_tree,1377,0,1.0,1.0,1.0,0.0,0.0,0.0,0.0,0.0
wine_quality,mlp,decision_tree,1574,0,1.0,1.0,0.0,0.0,0.0,0.0,0.0,0.0
wine_quality,mlp,decision_tree,1348,0,1.0,1.0,0.0,0.0,0.0,0.0,0.0,0.0
wine_quality,mlp,decision_tree,319,0,1.0,1.0,0.0,0.0,0.0,0.0,0.0,0.0
wine_quality,mlp,decision_tree,227,0,1.0,1.0,0.0,0.0,0.0,0.0,0.0,0.0
wine_quality,mlp,decision_tree,1071,0,1.0,1.0,0.0,0.0,0.0,0.0,0.0,0.0
wine_quality,mlp,decision_tree,1546,0,1.0,1.0,0.0,0.0,0.0,0.0,0.0,0.0
wine_quality,mlp,decision_tree,10,0,1.0,1.0,0.0,0.0,0.0,0.0,0.0,0.0
wine_quality,mlp,decision_tree,1242,0,1.0,1.0,1.0,0.0,0.0,0.0,0.0,0.0
wine_quality,mlp,decision_tree,23,0,1.0,1.0,0.0,0.0,0.0,0.0,0.0,0.0
wine_quality,mlp,decision_tree,1507,0,1.0,1.0,1.0,0.0,0.0,0.0,0.0,0.0
wine_quality,mlp,decision_tree,1476,0,1.0,1.0,0.0,0.0,0.0,0.0,0.0,0.0
wine_quality,mlp,decision_tree,1206,1,1.0,1.0,1.0,0.0,0.0,0.0,0.0,0.0
wine_quality,mlp,decision_tree,108,0,1.0,1.0,0.0,0.0,0.0,0.0,0.0,0.0
wine_quality,mlp,decision_tree,1449,0,1.0,1.0,1.0,0.0,0.0,0.0,0.0,0.0
wine_quality,mlp,decision_tree,810,0,1.0,1.0,0.0,0.0,0.0,0.0,0.0,0.0
wine_quality,mlp,decision_tree,390,1,1.0,1.0,1.0,0.0,0.0,0.0,0.0,0.0
wine_quality,mlp,decision_tree,712,0,1.0,1.0,0.0,0.0,0.0,0.0,0.0,0.0
wine_quality,mlp,decision_tree,1508,0,1.0,1.0,0.0,0.0,0.0,0.0,0.0,0.0
wine_quality,mlp,decision_tree,897,0,1.0,1.0,0.0,0.0,0.0,0.0,0.0,0.0
wine_quality,mlp,decision_tree,456,0,1.0,1.0,0.0,0.0,0.0,0.0,0.0,0.0
wine_quality,mlp,decision_tree,1251,0,1.0,1.0,0.0,0.0,0.0,0.0,0.0,0.0
wine_quality,mlp,decision_tree,1398,0,1.0,1.0,0.0,0.0,0.0,0.0,0.0,0.0
wine_quality,mlp,decision_tree,292,0,1.0,1.0,0.0,0.0,0.0,0.0,0.0,0.0
wine_quality,mlp,decision_tree,639,0,1.0,1.0,0.0,0.0,0.0,0.0,0.0,0.0
wine_quality,mlp,decision_tree,167,0,1.0,1.0,0.0,0.0,0.0,0.0,0.0,0.0
wine_quality,mlp,decision_tree,579,0,1.0,1.0,0.0,0.0,0.0,0.0,0.0,0.0
wine_quality,mlp,decision_tree,1205,1,1.0,1.0,1.0,0.0,0.0,0.0,0.0,0.0
wine_quality,mlp,decision_tree,992,0,1.0,1.0,0.0,0.0,0.0,0.0,0.0,0.0
wine_quality,mlp,decision_tree,1596,0,1.0,1.0,1.0,0.0,0.0,0.0,0.0,0.0
wine_quality,mlp,decision_tree,835,0,1.0,1.0,0.0,0.0,0.0,0.0,0.0,0.0
wine_quality,mlp,decision_tree,719,0,1.0,1.0,0.0,0.0,0.0,0.0,0.0,0.0
wine_quality,mlp,decision_tree,1025,0,1.0,1.0,0.0,0.0,0.0,0.0,0.0,0.0
wine_quality,mlp,decision_tree,982,1,1.0,1.0,1.0,0.0,0.0,0.0,0.0,0.0
wine_quality,mlp,decision_tree,692,0,1.0,1.0,0.0,0.0,0.0,0.0,0.0,0.0
wine_quality,mlp,decision_tree,1346,0,1.0,1.0,1.0,0.0,0.0,0.0,0.0,0.0
wine_quality,mlp,decision_tree,1559,0,1.0,1.0,0.0,0.0,0.0,0.0,0.0,0.0
wine_quality,mlp,decision_tree,532,0,1.0,1.0,0.0,0.0,0.0,0.0,0.0,0.0
wine_quality,mlp,decision_tree,1070,0,1.0,1.0,1.0,0.0,0.0,0.0,0.0,0.0
wine_quality,mlp,decision_tree,172,0,1.0,1.0,0.0,0.0,0.0,0.0,0.0,0.0
wine_quality,mlp,decision_tree,738,0,1.0,1.0,0.0,0.0,0.0,0.0,0.0,0.0
wine_quality,mlp,decision_tree,656,0,1.0,1.0,0.0,0.0,0.0,0.0,0.0,0.0
wine_quality,mlp,decision_tree,1210,0,1.0,1.0,0.0,0.0,0.0,0.0,0.0,0.0
wine_quality,mlp,decision_tree,680,0,1.0,1.0,0.0,0.0,0.0,0.0,0.0,0.0
wine_quality,mlp,decision_tree,1192,1,1.0,1.0,1.0,0.0,0.0,0.0,0.0,0.0
wine_quality,mlp,decision_tree,1388,0,1.0,1.0,0.0,0.0,0.0,0.0,0.0,0.0
wine_quality,mlp,decision_tree,856,0,1.0,1.0,0.0,0.0,0.0,0.0,0.0,0.0
wine_quality,mlp,decision_tree,1079,0,1.0,1.0,1.0,0.0,0.0,0.0,0.0,0.0
wine_quality,mlp,decision_tree,902,0,1.0,1.0,0.0,0.0,0.0,0.0,0.0,0.0
wine_quality,mlp,decision_tree,814,1,1.0,1.0,1.0,0.0,0.0,0.0,0.0,0.0
wine_quality,mlp,decision_tree,92,0,1.0,1.0,0.0,0.0,0.0,0.0,0.0,0.0
wine_quality,mlp,decision_tree,535,0,1.0,1.0,0.0,0.0,0.0,0.0,0.0,0.0
wine_quality,mlp,decision_tree,1440,0,1.0,1.0,1.0,0.0,0.0,0.0,0.0,0.0
wine_quality,mlp,decision_tree,299,0,1.0,1.0,0.0,0.0,0.0,0.0,0.0,0.0
wine_quality,mlp,decision_tree,1081,0,1.0,1.0,1.0,0.0,0.0,0.0,0.0,0.0
wine_quality,mlp,decision_tree,1125,1,1.0,1.0,1.0,0.0,0.0,0.0,0.0,0.0
wine_quality,mlp,decision_tree,539,0,1.0,1.0,1.0,0.0,0.0,0.0,0.0,0.0
wine_quality,mlp,decision_tree,1262,0,1.0,1.0,0.0,0.0,0.0,0.0,0.0,0.0
wine_quality,mlp,decision_tree,372,0,1.0,1.0,0.0,0.0,0.0,0.0,0.0,0.0
wine_quality,mlp,decision_tree,316,0,1.0,1.0,0.0,0.0,0.0,0.0,0.0,0.0
wine_quality,mlp,decision_tree,1267,0,1.0,1.0,1.0,0.0,0.0,0.0,0.0,0.0
wine_quality,mlp,decision_tree,1197,0,1.0,1.0,0.0,0.0,0.0,0.0,0.0,0.0
wine_quality,mlp,decision_tree,1378,0,1.0,1.0,0.0,0.0,0.0,0.0,0.0,0.0
wine_quality,mlp,decision_tree,1199,0,1.0,1.0,0.0,0.0,0.0,0.0,0.0,0.0
wine_quality,mlp,decision_tree,1350,0,1.0,1.0,0.0,0.0,0.0,0.0,0.0,0.0
wine_quality,mlp,decision_tree,502,1,1.0,1.0,1.0,0.0,0.0,0.0,0.0,0.0
wine_quality,mlp,decision_tree,861,0,1.0,1.0,1.0,0.0,0.0,0.0,0.0,0.0
wine_quality,mlp,decision_tree,96,0,1.0,1.0,0.0,0.0,0.0,0.0,0.0,0.0
wine_quality,mlp,decision_tree,218,0,1.0,1.0,0.0,0.0,0.0,0.0,0.0,0.0
wine_quality,mlp,decision_tree,1316,0,1.0,1.0,1.0,0.0,0.0,0.0,0.0,0.0
wine_quality,mlp,decision_tree,1462,0,1.0,1.0,0.0,0.0,0.0,0.0,0.0,0.0
wine_quality,mlp,decision_tree,1255,0,1.0,1.0,1.0,0.0,0.0,0.0,0.0,0.0
wine_quality,mlp,decision_tree,1480,0,1.0,1.0,0.0,0.0,0.0,0.0,0.0,0.0
wine_quality,mlp,decision_tree,69,0,1.0,1.0,0.0,0.0,0.0,0.0,0.0,0.0
wine_quality,mlp,decision_tree,29,0,1.0,1.0,0.0,0.0,0.0,0.0,0.0,0.0
wine_quality,mlp,decision_tree,24,0,1.0,1.0,0.0,0.0,0.0,0.0,0.0,0.0
wine_quality,mlp,decision_tree,100,0,1.0,1.0,0.0,0.0,0.0,0.0,0.0,0.0
wine_quality,mlp,decision_tree,855,0,1.0,1.0,1.0,0.0,0.0,0.0,0.0,0.0
wine_quality,mlp,decision_tree,843,0,1.0,1.0,0.0,0.0,0.0,0.0,0.0,0.0
wine_quality,mlp,decision_tree,1424,0,1.0,1.0,0.0,0.0,0.0,0.0,0.0,0.0
wine_quality,mlp,decision_tree,595,0,1.0,1.0,0.0,0.0,0.0,0.0,0.0,0.0
wine_quality,mlp,decision_tree,1384,0,1.0,1.0,0.0,0.0,0.0,0.0,0.0,0.0
wine_quality,mlp,decision_tree,1269,1,1.0,1.0,1.0,0.0,0.0,0.0,0.0,0.0
wine_quality,mlp,decision_tree,211,0,1.0,1.0,0.0,0.0,0.0,0.0,0.0,0.0
wine_quality,mlp,decision_tree,954,0,1.0,1.0,1.0,0.0,0.0,0.0,0.0,0.0
wine_quality,mlp,decision_tree,1347,0,1.0,1.0,0.0,0.0,0.0,0.0,0.0,0.0
wine_quality,mlp,decision_tree,841,0,1.0,1.0,0.0,0.0,0.0,0.0,0.0,0.0
wine_quality,mlp,decision_tree,157,0,1.0,1.0,0.0,0.0,0.0,0.0,0.0,0.0
wine_quality,mlp,decision_tree,720,0,1.0,1.0,0.0,0.0,0.0,0.0,0.0,0.0
wine_quality,mlp,decision_tree,893,0,1.0,1.0,0.0,0.0,0.0,0.0,0.0,0.0
wine_quality,mlp,decision_tree,1556,0,1.0,1.0,0.0,0.0,0.0,0.0,0.0,0.0
wine_quality,mlp,decision_tree,438,0,1.0,1.0,0.0,0.0,0.0,0.0,0.0,0.0
wine_quality,mlp,decision_tree,1511,0,1.0,1.0,0.0,0.0,0.0,0.0,0.0,0.0
wine_quality,mlp,decision_tree,216,0,1.0,1.0,1.0,0.0,0.0,0.0,0.0,0.0
wine_quality,mlp,decision_tree,1075,0,1.0,1.0,0.0,0.0,0.0,0.0,0.0,0.0
wine_quality,mlp,decision_tree,362,0,1.0,1.0,0.0,0.0,0.0,0.0,0.0,0.0
wine_quality,mlp,decision_tree,1515,0,1.0,1.0,0.0,0.0,0.0,0.0,0.0,0.0
wine_quality,mlp,decision_tree,929,1,1.0,1.0,1.0,0.0,0.0,0.0,0.0,0.0
wine_quality,mlp,decision_tree,1195,0,1.0,1.0,0.0,0.0,0.0,0.0,0.0,0.0
wine_quality,mlp,decision_tree,1562,0,1.0,1.0,0.0,0.0,0.0,0.0,0.0,0.0
wine_quality,mlp,decision_tree,149,0,1.0,1.0,0.0,0.0,0.0,0.0,0.0,0.0
wine_quality,mlp,decision_tree,524,0,1.0,1.0,0.0,0.0,0.0,0.0,0.0,0.0
wine_quality,mlp,decision_tree,894,0,1.0,1.0,0.0,0.0,0.0,0.0,0.0,0.0
wine_quality,mlp,decision_tree,721,0,1.0,1.0,0.0,0.0,0.0,0.0,0.0,0.0
wine_quality,mlp,decision_tree,163,0,1.0,1.0,0.0,0.0,0.0,0.0,0.0,0.0
wine_quality,mlp,decision_tree,1207,0,1.0,1.0,0.0,0.0,0.0,0.0,0.0,0.0
wine_quality,mlp,decision_tree,542,0,1.0,1.0,0.0,0.0,0.0,0.0,0.0,0.0
wine_quality,mlp,decision_tree,1324,0,1.0,1.0,0.0,0.0,0.0,0.0,0.0,0.0
wine_quality,mlp,decision_tree,1211,0,1.0,1.0,0.0,0.0,0.0,0.0,0.0,0.0
wine_quality,mlp,decision_tree,1315,0,1.0,1.0,0.0,0.0,0.0,0.0,0.0,0.0
wine_quality,mlp,decision_tree,432,1,1.0,1.0,1.0,0.0,0.0,0.0,0.0,0.0
wine_quality,mlp,decision_tree,207,0,1.0,1.0,0.0,0.0,0.0,0.0,0.0,0.0
wine_quality,mlp,decision_tree,1519,0,1.0,1.0,0.0,0.0,0.0,0.0,0.0,0.0
wine_quality,mlp,decision_tree,528,0,1.0,1.0,0.0,0.0,0.0,0.0,0.0,0.0
wine_quality,mlp,decision_tree,103,0,1.0,1.0,0.0,0.0,0.0,0.0,0.0,0.0
wine_quality,mlp,decision_tree,382,0,1.0,1.0,0.0,0.0,0.0,0.0,0.0,0.0
wine_quality,mlp,decision_tree,1355,0,1.0,1.0,0.0,0.0,0.0,0.0,0.0,0.0
wine_quality,mlp,decision_tree,1215,0,1.0,1.0,1.0,0.0,0.0,0.0,0.0,0.0
wine_quality,mlp,decision_tree,964,0,1.0,1.0,1.0,0.0,0.0,0.0,0.0,0.0
wine_quality,mlp,decision_tree,572,0,1.0,1.0,0.0,0.0,0.0,0.0,0.0,0.0
wine_quality,mlp,decision_tree,1021,0,1.0,1.0,1.0,0.0,0.0,0.0,0.0,0.0
wine_quality,mlp,decision_tree,1151,0,1.0,1.0,1.0,0.0,0.0,0.0,0.0,0.0
wine_quality,mlp,decision_tree,1247,0,1.0,1.0,0.0,0.0,0.0,0.0,0.0,0.0
wine_quality,mlp,decision_tree,641,0,1.0,1.0,0.0,0.0,0.0,0.0,0.0,0.0
wine_quality,mlp,decision_tree,1577,0,1.0,1.0,1.0,0.0,0.0,0.0,0.0,0.0
wine_quality,mlp,decision_tree,422,0,1.0,1.0,0.0,0.0,0.0,0.0,0.0,0.0
wine_quality,mlp,decision_tree,800,0,1.0,1.0,0.0,0.0,0.0,0.0,0.0,0.0
wine_quality,mlp,decision_tree,707,0,1.0,1.0,0.0,0.0,0.0,0.0,0.0,0.0
wine_quality,mlp,decision_tree,789,0,1.0,1.0,0.0,0.0,0.0,0.0,0.0,0.0
wine_quality,mlp,decision_tree,380,0,1.0,1.0,0.0,0.0,0.0,0.0,0.0,0.0
wine_quality,mlp,decision_tree,1094,0,1.0,1.0,0.0,0.0,0.0,0.0,0.0,0.0
wine_quality,mlp,decision_tree,423,1,1.0,1.0,1.0,0.0,0.0,0.0,0.0,0.0
wine_quality,mlp,decision_tree,1512,0,1.0,1.0,0.0,0.0,0.0,0.0,0.0,0.0
wine_quality,mlp,decision_tree,1200,0,1.0,1.0,0.0,0.0,0.0,0.0,0.0,0.0
wine_quality,mlp,decision_tree,1392,0,1.0,1.0,0.0,0.0,0.0,0.0,0.0,0.0
wine_quality,mlp,decision_tree,41,0,1.0,1.0,0.0,0.0,0.0,0.0,0.0,0.0
wine_quality,mlp,decision_tree,140,0,1.0,1.0,0.0,0.0,0.0,0.0,0.0,0.0
wine_quality,mlp,decision_tree,873,0,1.0,1.0,1.0,0.0,0.0,0.0,0.0,0.0
wine_quality,mlp,decision_tree,672,0,1.0,1.0,0.0,0.0,0.0,0.0,0.0,0.0
wine_quality,mlp,decision_tree,1121,0,1.0,1.0,1.0,0.0,0.0,0.0,0.0,0.0
wine_quality,mlp,decision_tree,192,0,1.0,1.0,0.0,0.0,0.0,0.0,0.0,0.0
wine_quality,mlp,decision_tree,1235,0,1.0,1.0,1.0,0.0,0.0,0.0,0.0,0.0
wine_quality,mlp,decision_tree,126,0,1.0,1.0,0.0,0.0,0.0,0.0,0.0,0.0
wine_quality,mlp,decision_tree,1494,0,1.0,1.0,0.0,0.0,0.0,0.0,0.0,0.0
wine_quality,mlp,decision_tree,1120,1,1.0,1.0,1.0,0.0,0.0,0.0,0.0,0.0
wine_quality,mlp,decision_tree,237,0,1.0,1.0,0.0,0.0,0.0,0.0,0.0,0.0
wine_quality,mlp,decision_tree,1159,0,1.0,1.0,0.0,0.0,0.0,0.0,0.0,0.0
wine_quality,mlp,decision_tree,877,0,1.0,1.0,1.0,0.0,0.0,0.0,0.0,0.0
wine_quality,mlp,decision_tree,1059,1,1.0,1.0,1.0,0.0,0.0,0.0,0.0,0.0
wine_quality,mlp,decision_tree,507,0,1.0,1.0,0.0,0.0,0.0,0.0,0.0,0.0
wine_quality,mlp,decision_tree,1341,0,1.0,1.0,0.0,0.0,0.0,0.0,0.0,0.0
wine_quality,mlp,decision_tree,454,0,1.0,1.0,1.0,0.0,0.0,0.0,0.0,0.0
wine_quality,mlp,decision_tree,1461,0,1.0,1.0,0.0,0.0,0.0,0.0,0.0,0.0
wine_quality,mlp,decision_tree,217,0,1.0,1.0,0.0,0.0,0.0,0.0,0.0,0.0
wine_quality,mlp,decision_tree,1369,0,1.0,1.0,0.0,0.0,0.0,0.0,0.0,0.0
wine_quality,mlp,decision_tree,1279,1,1.0,1.0,1.0,0.0,0.0,0.0,0.0,0.0
wine_quality,mlp,decision_tree,626,0,1.0,1.0,0.0,0.0,0.0,0.0,0.0,0.0
wine_quality,mlp,decision_tree,1510,0,1.0,1.0,0.0,0.0,0.0,0.0,0.0,0.0
wine_quality,mlp,decision_tree,1128,0,1.0,1.0,0.0,0.0,0.0,0.0,0.0,0.0
wine_quality,mlp,decision_tree,269,0,1.0,1.0,0.0,0.0,0.0,0.0,0.0,0.0
wine_quality,mlp,decision_tree,195,0,1.0,1.0,0.0,0.0,0.0,0.0,0.0,0.0
wine_quality,mlp,decision_tree,1146,0,1.0,1.0,0.0,0.0,0.0,0.0,0.0,0.0
wine_quality,mlp,decision_tree,261,0,1.0,1.0,0.0,0.0,0.0,0.0,0.0,0.0
wine_quality,mlp,decision_tree,302,0,1.0,1.0,0.0,0.0,0.0,0.0,0.0,0.0
wine_quality,mlp,decision_tree,1374,0,1.0,1.0,0.0,0.0,0.0,0.0,0.0,0.0
wine_quality,mlp,decision_tree,448,0,1.0,1.0,0.0,0.0,0.0,0.0,0.0,0.0
wine_quality,mlp,decision_tree,870,0,1.0,1.0,1.0,0.0,0.0,0.0,0.0,0.0
wine_quality,mlp,decision_tree,366,0,1.0,1.0,0.0,0.0,0.0,0.0,0.0,0.0
wine_quality,mlp,decision_tree,871,0,1.0,1.0,0.0,0.0,0.0,0.0,0.0,0.0
wine_quality,mlp,decision_tree,743,0,1.0,1.0,0.0,0.0,0.0,0.0,0.0,0.0
wine_quality,mlp,decision_tree,452,0,1.0,1.0,0.0,0.0,0.0,0.0,0.0,0.0
wine_quality,mlp,decision_tree,212,0,1.0,1.0,0.0,0.0,0.0,0.0,0.0,0.0
wine_quality,mlp,decision_tree,152,0,1.0,1.0,0.0,0.0,0.0,0.0,0.0,0.0
wine_quality,mlp,decision_tree,1524,0,1.0,1.0,0.0,0.0,0.0,0.0,0.0,0.0
wine_quality,mlp,decision_tree,244,0,1.0,1.0,0.0,0.0,0.0,0.0,0.0,0.0
wine_quality,mlp,decision_tree,1473,0,1.0,1.0,1.0,0.0,0.0,0.0,0.0,0.0
wine_quality,mlp,decision_tree,1039,0,1.0,1.0,1.0,0.0,0.0,0.0,0.0,0.0
wine_quality,mlp,decision_tree,921,0,1.0,1.0,1.0,0.0,0.0,0.0,0.0,0.0
wine_quality,mlp,decision_tree,344,0,1.0,1.0,0.0,0.0,0.0,0.0,0.0,0.0
wine_quality,mlp,decision_tree,640,0,1.0,1.0,0.0,0.0,0.0,0.0,0.0,0.0
wine_quality,mlp,decision_tree,1337,0,1.0,1.0,0.0,0.0,0.0,0.0,0.0,0.0
wine_quality,mlp,decision_tree,1278,0,1.0,1.0,0.0,0.0,0.0,0.0,0.0,0.0
wine_quality,mlp,decision_tree,347,0,1.0,1.0,1.0,0.0,0.0,0.0,0.0,0.0
wine_quality,mlp,decision_tree,521,0,1.0,1.0,0.0,0.0,0.0,0.0,0.0,0.0
wine_quality,mlp,decision_tree,972,0,1.0,1.0,1.0,0.0,0.0,0.0,0.0,0.0
wine_quality,mlp,decision_tree,997,1,1.0,1.0,1.0,0.0,0.0,0.0,0.0,0.0
wine_quality,mlp,decision_tree,1126,1,1.0,1.0,1.0,0.0,0.0,0.0,0.0,0.0
wine_quality,mlp,decision_tree,830,0,1.0,1.0,0.0,0.0,0.0,0.0,0.0,0.0
wine_quality,mlp,decision_tree,158,0,1.0,1.0,0.0,0.0,0.0,0.0,0.0,0.0
wine_quality,mlp,decision_tree,136,0,1.0,1.0,0.0,0.0,0.0,0.0,0.0,0.0
wine_quality,mlp,decision_tree,1478,0,1.0,1.0,0.0,0.0,0.0,0.0,0.0,0.0
wine_quality,mlp,decision_tree,17,0,1.0,1.0,0.0,0.0,0.0,0.0,0.0,0.0
wine_quality,mlp,decision_tree,1263,0,1.0,1.0,0.0,0.0,0.0,0.0,0.0,0.0
wine_quality,mlp,decision_tree,156,0,1.0,1.0,0.0,0.0,0.0,0.0,0.0,0.0
wine_quality,mlp,decision_tree,193,0,1.0,1.0,0.0,0.0,0.0,0.0,0.0,0.0
wine_quality,mlp,decision_tree,37,0,1.0,1.0,0.0,0.0,0.0,0.0,0.0,0.0
wine_quality,mlp,decision_tree,1058,0,1.0,1.0,1.0,0.0,0.0,0.0,0.0,0.0
wine_quality,mlp,decision_tree,546,0,1.0,1.0,0.0,0.0,0.0,0.0,0.0,0.0
wine_quality,mlp,decision_tree,1516,0,1.0,1.0,0.0,0.0,0.0,0.0,0.0,0.0
wine_quality,mlp,decision_tree,439,0,1.0,1.0,0.0,0.0,0.0,0.0,0.0,0.0
wine_quality,mlp,decision_tree,1485,0,1.0,1.0,0.0,0.0,0.0,0.0,0.0,0.0
wine_quality,mlp,decision_tree,57,0,1.0,1.0,0.0,0.0,0.0,0.0,0.0,0.0
wine_quality,mlp,decision_tree,265,0,1.0,1.0,0.0,0.0,0.0,0.0,0.0,0.0
wine_quality,mlp,decision_tree,339,0,1.0,1.0,0.0,0.0,0.0,0.0,0.0,0.0
wine_quality,mlp,decision_tree,282,0,1.0,1.0,0.0,0.0,0.0,0.0,0.0,0.0
wine_quality,mlp,decision_tree,1322,0,1.0,1.0,1.0,0.0,0.0,0.0,0.0,0.0
wine_quality,mlp,decision_tree,554,0,1.0,1.0,1.0,0.0,0.0,0.0,0.0,0.0
wine_quality,mlp,decision_tree,778,0,1.0,1.0,0.0,0.0,0.0,0.0,0.0,0.0
wine_quality,mlp,decision_tree,1009,0,1.0,1.0,0.0,0.0,0.0,0.0,0.0,0.0
wine_quality,mlp,decision_tree,311,0,1.0,1.0,0.0,0.0,0.0,0.0,0.0,0.0
wine_quality,mlp,decision_tree,1453,0,1.0,1.0,0.0,0.0,0.0,0.0,0.0,0.0
wine_quality,mlp,decision_tree,1329,0,1.0,1.0,0.0,0.0,0.0,0.0,0.0,0.0
wine_quality,mlp,decision_tree,928,0,1.0,1.0,1.0,0.0,0.0,0.0,0.0,0.0
wine_quality,mlp,decision_tree,1356,0,1.0,1.0,0.0,0.0,0.0,0.0,0.0,0.0
wine_quality,mlp,decision_tree,460,0,1.0,1.0,1.0,0.0,0.0,0.0,0.0,0.0
wine_quality,mlp,decision_tree,424,0,1.0,1.0,0.0,0.0,0.0,0.0,0.0,0.0
wine_quality,mlp,decision_tree,38,0,1.0,1.0,0.0,0.0,0.0,0.0,0.0,0.0
wine_quality,mlp,decision_tree,544,0,1.0,1.0,0.0,0.0,0.0,0.0,0.0,0.0
wine_quality,mlp,decision_tree,722,0,1.0,1.0,0.0,0.0,0.0,0.0,0.0,0.0
wine_quality,mlp,decision_tree,1319,0,1.0,1.0,0.0,0.0,0.0,0.0,0.0,0.0
wine_quality,mlp,decision_tree,1365,0,1.0,1.0,0.0,0.0,0.0,0.0,0.0,0.0
wine_quality,mlp,decision_tree,1016,1,1.0,1.0,1.0,0.0,0.0,0.0,0.0,0.0
wine_quality,mlp,decision_tree,255,0,1.0,1.0,0.0,0.0,0.0,0.0,0.0,0.0
wine_quality,mlp,decision_tree,1297,0,1.0,1.0,1.0,0.0,0.0,0.0,0.0,0.0
wine_quality,mlp,decision_tree,642,0,1.0,1.0,0.0,0.0,0.0,0.0,0.0,0.0
wine_quality,mlp,decision_tree,1407,0,1.0,1.0,0.0,0.0,0.0,0.0,0.0,0.0
wine_quality,mlp,decision_tree,782,0,1.0,1.0,0.0,0.0,0.0,0.0,0.0,0.0
wine_quality,mlp,decision_tree,1250,0,1.0,1.0,0.0,0.0,0.0,0.0,0.0,0.0
wine_quality,mlp,decision_tree,1011,0,1.0,1.0,0.0,0.0,0.0,0.0,0.0,0.0
wine_quality,mlp,decision_tree,562,0,1.0,1.0,0.0,0.0,0.0,0.0,0.0,0.0
wine_quality,mlp,decision_tree,15,0,1.0,1.0,0.0,0.0,0.0,0.0,0.0,0.0
wine_quality,mlp,decision_tree,599,0,1.0,1.0,0.0,0.0,0.0,0.0,0.0,0.0
wine_quality,mlp,decision_tree,1442,0,1.0,1.0,0.0,0.0,0.0,0.0,0.0,0.0
wine_quality,mlp,decision_tree,425,0,1.0,1.0,1.0,0.0,0.0,0.0,0.0,0.0
wine_quality,mlp,decision_tree,1019,0,1.0,1.0,0.0,0.0,0.0,0.0,0.0,0.0
wine_quality,mlp,decision_tree,1302,1,1.0,1.0,1.0,0.0,0.0,0.0,0.0,0.0
wine_quality,mlp,decision_tree,767,0,1.0,1.0,0.0,0.0,0.0,0.0,0.0,0.0
wine_quality,mlp,decision_tree,953,1,1.0,1.0,1.0,0.0,0.0,0.0,0.0,0.0
wine_quality,mlp,logistic_regression,434,0,0.5342564114194619,1.0,-0.42286302775448953,0.6573513284633843,0.0,0.0,0.0,-2.902541661239123
wine_quality,mlp,logistic_regression,213,0,0.686901100396451,1.0,-0.7047717328777912,-0.04869269079861767,0.0,0.0,0.0,-2.902541661239123
wine_quality,mlp,logistic_regression,1447,0,0.6454779535145196,0.5912079883823462,-1.0,0.34976820060888963,0.0,0.0,0.0,-2.902541661239123
wine_quality,mlp,logistic_regression,231,0,0.5342564114194619,1.0,-0.33224950897975764,0.07825610618899534,0.0,0.0,0.0,-2.902541661239123
wine_quality,mlp,logistic_regression,763,0,0.6212725131250019,0.49139366623250735,-1.0,-0.06729547111925895,0.0,0.0,0.0,-2.902541661239123
wine_quality,mlp,logistic_regression,1472,1,1.450124470220156,1.0,-0.08902379992477806,0.18451967994585586,0.0,0.0,0.0,-2.902541661239123
wine_quality,mlp,logistic_regression,472,0,0.9158681338619347,1.0,-0.1761929282310373,0.3195457763255581,0.0,0.0,0.0,-2.902541661239123
wine_quality,mlp,logistic_regression,1327,0,1.0685128228389238,1.0,-0.28694277524707423,0.1017329385821031,0.0,0.0,0.0,-2.902541661239123
wine_quality,mlp,logistic_regression,766,0,0.5163823628116158,0.2956039941911731,-1.0,0.11335080493069359,0.0,0.0,0.0,-2.902541661239123
wine_quality,mlp,logistic_regression,19,0,0.5100677155332788,0.0,-0.1581843777447443,1.0,0.0,0.0,0.0,-2.902541661239123
wine_quality,mlp,logistic_regression,1130,0,0.9158681338619347,1.0,-0.5814366556798074,0.146078072395853,0.0,0.0,0.0,-2.902541661239123
wine_quality,mlp,logistic_regression,905,0,0.5002454208268421,0.4577094040901569,-1.0,0.20058391667204517,0.0,0.0,0.0,-2.902541661239123
wine_quality,mlp,logistic_regression,890,0,0.686901100396451,1.0,-0.1644467330156348,0.13390489865318075,0.0,0.0,0.0,-2.902541661239123
wine_quality,mlp,logistic_regression,127,0,1.7105166179320128,0.7585309418459781,-1.0,0.004888444599163202,0.0,0.0,0.0,-2.902541661239123
wine_quality,mlp,logistic_regression,1018,0,2.671281831913588,1.0,0.05436810558608841,-0.009390733748863135,0.0,0.0,0.0,-2.902541661239123
wine_quality,mlp,logistic_regression,270,0,1.1448351673274184,1.0,-0.3876244451013283,0.14607806488612463,0.0,0.0,0.0,-2.902541661239123
wine_quality,mlp,logistic_regression,1416,0,0.3052893779539782,1.0,-0.26428939234655596,0.8490788028412659,0.0,0.0,0.0,-2.902541661239123
wine_quality,mlp,logistic_regression,1229,0,0.2581911814058079,0.8868119825735193,-1.0,0.5505610778908626,0.0,0.0,0.0,-2.902541661239123
wine_quality,mlp,logistic_regression,1,0,0.984353844844196,0.46521285951135727,-1.0,0.17838816987719028,0.0,0.0,0.0,-2.902541661239123
wine_quality,mlp,logistic_regression,984,0,0.9158681338619347,1.0,-0.31714725585063563,0.146078072395853,0.0,0.0,0.0,-2.902541661239123
wine_quality,mlp,logistic_regression,1176,0,1.526446889769891,1.0,-0.6448660948777494,0.016433782675175437,0.0,0.0,0.0,-2.902541661239123
wine_quality,mlp,logistic_regression,1107,1,1.9080585371511232,1.0,-0.02537178266337156,0.16652900232361204,0.0,0.0,0.0,-2.902541661239123
wine_quality,mlp,logistic_regression,1095,0,0.9921904783504292,1.0,-0.21143150697021484,0.02528274257719298,0.0,0.0,0.0,-2.902541661239123
wine_quality,mlp,logistic_regression,1330,0,0.5325193047963894,0.8599389032592161,-1.0,0.14132049050090673,0.0,0.0,0.0,-2.902541661239123
wine_quality,mlp,logistic_regression,241,1,1.2974797812431669,1.0,-0.13680862925919943,0.154670904714311,0.0,0.0,0.0,-2.902541661239123
wine_quality,mlp,logistic_regression,1288,0,0.7632234448849455,1.0,-0.6977239868157689,0.7669098631813394,0.0,0.0,0.0,-2.902541661239123
wine_quality,mlp,logistic_regression,267,1,2.747604401585804,1.0,-0.04698478086160995,0.11868842834578695,0.0,0.0,0.0,-2.902541661239123
wine_quality,mlp,logistic_regression,727,0,0.48410847884206837,0.47296637731515545,-1.0,0.36272258918773703,0.0,0.0,0.0,-2.902541661239123
wine_quality,mlp,logistic_regression,1488,0,1.67909157874688,1.0,-0.25948413474895443,0.05477927672175577,0.0,0.0,0.0,-2.902541661239123
wine_quality,mlp,logistic_regression,278,1,2.5949595624863337,1.0,-0.031092871486601396,0.1127808687570997,0.0,0.0,0.0,-2.902541661239123
wine_quality,mlp,logistic_regression,1563,0,0.686901100396451,1.0,-0.9984266082744427,0.08521220368249176,0.0,0.0,0.0,-2.902541661239123
wine_quality,mlp,logistic_regression,989,0,1.2974797812431669,1.0,-0.031092871486601396,0.02577848485529976,0.0,0.0,0.0,-2.902541661239123
wine_quality,mlp,logistic_regression,1436,0,0.5342564114194619,-1.0,-0.33224950897975764,0.28172198871729326,0.0,0.0,0.0,-2.902541661239123
wine_quality,mlp,logistic_regression,451,0,0.4933441883865621,-0.15470405101578258,-0.32709311709209415,1.0,0.0,0.0,0.0,-2.902541661239123
wine_quality,mlp,logistic_regression,864,0,0.5647931887659368,0.40539977821930295,-1.0,0.10363502542338068,0.0,0.0,0.0,-2.902541661239123
wine_quality,mlp,logistic_regression,1495,0,1.0685128228389238,1.0,-0.24163601585970831,0.26607077069794915,0.0,0.0,0.0,-2.902541661239123
wine_quality,mlp,logistic_regression,622,0,0.5002454208268421,0.4577094040901569,-1.0,0.13372261493388937,0.0,0.0,0.0,-2.902541661239123
wine_quality,mlp,logistic_regression,1413,0,0.686901100396451,1.0,-0.7047717328777912,0.523446425042122,0.0,0.0,0.0,-2.902541661239123
wine_quality,mlp,logistic_regression,616,0,0.5325193047963894,0.7166157527160134,-1.0,0.15702276363550327,0.0,0.0,0.0,-2.902541661239123
wine_quality,mlp,logistic_regression,1127,0,1.7554138481741342,1.0,-0.4504410666605156,0.0619244000456801,0.0,0.0,0.0,-2.902541661239123
wine_quality,mlp,logistic_regression,1552,0,1.6027691591971451,1.0,-0.41279487548332144,0.09912440688776174,0.0,0.0,0.0,-2.902541661239123
wine_quality,mlp,logistic_regression,728,0,0.48410847884206837,0.47296637731515545,-1.0,0.36272258918773703,0.0,0.0,0.0,-2.902541661239123
wine_quality,mlp,logistic_regression,726,0,1.450124470220156,1.0,-0.500758888754465,0.14415599452302774,0.0,0.0,0.0,-2.902541661239123
wine_quality,mlp,logistic_regression,959,0,0.6105787559079564,1.0,-0.8457260555089792,0.19172745828560647,0.0,0.0,0.0,-2.902541661239123
wine_quality,mlp,logistic_regression,44,0,0.6454779535145196,0.35472479302940774,-1.0,0.0647718891660837,0.0,0.0,0.0,-2.902541661239123
wine_quality,mlp,logistic_regression,666,0,0.3550128607268072,0.6449541940444814,-1.0,0.3061943985846528,0.0,0.0,0.0,-2.902541661239123
wine_quality,mlp,logistic_regression,242,0,0.5002454208268421,0.9154188081803138,-1.0,0.03343065373347234,0.0,0.0,0.0,-2.902541661239123
wine_quality,mlp,logistic_regression,117,0,0.4679715368572947,0.3261837033980493,-1.0,0.05360432093827426,0.0,0.0,0.0,-2.902541661239123
wine_quality,mlp,logistic_regression,779,0,0.45793406693096733,1.0,-0.8809646261899551,0.23737685669157388,0.0,0.0,0.0,-2.902541661239123
wine_quality,mlp,logistic_regression,1586,1,1.67909157874688,1.0,-0.03844209343222633,0.1892374951960419,0.0,0.0,0.0,-2.902541661239123
wine_quality,mlp,logistic_regression,688,0,0.629341011529746,0.24254686438748685,-1.0,0.0,0.0,0.0,0.0,-2.902541661239123
wine_quality,mlp,logistic_regression,739,0,0.677751837484067,0.11261104768349489,-1.0,0.1603875391671178,0.0,0.0,0.0,-2.902541661239123
wine_quality,mlp,logistic_regression,481,1,1.9080585371511232,1.0,-0.02537178266337156,0.19720540286387267,0.0,0.0,0.0,-2.902541661239123
wine_quality,mlp,logistic_regression,1124,0,1.7554138481741342,1.0,-0.2849729260978341,0.07145123534284549,0.0,0.0,0.0,-2.902541661239123
wine_quality,mlp,logistic_regression,1218,0,1.0685128228389238,1.0,-0.19632925647234234,0.17216344112551812,0.0,0.0,0.0,-2.902541661239123
wine_quality,mlp,logistic_regression,578,0,0.45793406693096733,1.0,-0.7047717129241492,0.23737685669157388,0.0,0.0,0.0,-2.902541661239123
wine_quality,mlp,logistic_regression,243,0,0.30938532099346877,0.0,0.3129485675541209,1.0,0.0,0.0,0.0,-2.902541661239123
wine_quality,mlp,logistic_regression,377,1,2.1370256456778476,1.0,0.0,0.25824516168827716,0.0,0.0,0.0,-2.902541661239123
wine_quality,mlp,logistic_regression,875,1,1.9843809567008583,1.0,-0.032527925211883815,0.134841297596172,0.0,0.0,0.0,-2.902541661239123
wine_quality,mlp,logistic_regression,558,0,1.9080585371511232,1.0,-0.21988877589924216,0.039441079971996244,0.0,0.0,0.0,-2.902541661239123
wine_quality,mlp,logistic_regression,259,0,0.9921904783504292,1.0,-0.06505585042376763,0.27811017412583694,0.0,0.0,0.0,-2.902541661239123
wine_quality,mlp,logistic_regression,725,0,0.9158681338619347,1.0,-0.6871524275836612,0.0730390361979265,0.0,0.0,0.0,-2.902541661239123
wine_quality,mlp,logistic_regression,1377,0,2.289670334654837,1.0,-0.15504977085722024,0.05477927808716092,0.0,0.0,0.0,-2.902541661239123
wine_quality,mlp,logistic_regression,1574,0,0.9921904783504292,1.0,-0.06505585042376763,0.00842758109976075,0.0,0.0,0.0,-2.902541661239123
wine_quality,mlp,logistic_regression,1348,0,0.6212725131250019,0.3685452496743805,-1.0,-0.10767275932616376,0.0,0.0,0.0,-2.902541661239123
wine_quality,mlp,logistic_regression,319,0,0.9158681338619347,1.0,-0.8809646261899551,0.15520794957380368,0.0,0.0,0.0,-2.902541661239123
wine_quality,mlp,logistic_regression,227,0,0.8875321929355539,0.5159633313314858,-1.0,0.15074185773569254,0.0,0.0,0.0,-2.902541661239123
wine_quality,mlp,logistic_regression,1071,0,0.806847428186971,0.0,-1.0,0.11399853184142603,0.0,0.0,0.0,-2.902541661239123
wine_quality,mlp,logistic_regression,1546,0,0.7632234448849455,1.0,-0.634294559590012,0.15338196662848516,0.0,0.0,0.0,-2.902541661239123
wine_quality,mlp,logistic_regression,10,0,0.5002454208268421,0.0,-1.0,0.11700728090616713,0.0,0.0,0.0,-2.902541661239123
wine_quality,mlp,logistic_regression,1242,0,2.289670334654837,1.0,-0.0916203196870931,0.047475371338314774,0.0,0.0,0.0,-2.902541661239123
wine_quality,mlp,logistic_regression,23,0,0.3550128607268072,0.4299694626963209,-1.0,0.1413204941382658,0.0,0.0,0.0,-2.902541661239123
wine_quality,mlp,logistic_regression,1507,0,1.67909157874688,1.0,-0.10571575285719563,0.0398394742897781,0.0,0.0,0.0,-2.902541661239123
wine_quality,mlp,logistic_regression,1476,0,0.3711498301239381,-0.822550229517909,-1.0,0.6308218592708437,0.0,0.0,0.0,-2.902541661239123
wine_quality,mlp,logistic_regression,1206,1,1.373802200792902,1.0,-0.10571575195021188,0.23129027190627344,0.0,0.0,0.0,-2.902541661239123
wine_quality,mlp,logistic_regression,108,0,0.3052893779539782,1.0,-0.31714727081586713,0.90385806590897,0.0,0.0,0.0,-2.902541661239123
wine_quality,mlp,logistic_regression,1449,0,1.6027691591971451,1.0,-0.11074984151324677,0.1512951575185474,0.0,0.0,0.0,-2.902541661239123
wine_quality,mlp,logistic_regression,810,0,0.9921904783504292,1.0,-0.3578071635166621,0.0,0.0,0.0,0.0,-2.902541661239123
wine_quality,mlp,logistic_regression,390,1,2.8239266710130577,1.0,-0.3314332072860902,0.10363647075218223,0.0,0.0,0.0,-2.902541661239123
wine_quality,mlp,logistic_regression,712,0,0.677751837484067,0.22522209536698978,-1.0,-0.024675007164123637,0.0,0.0,0.0,-2.902541661239123
wine_quality,mlp,logistic_regression,1508,0,1.0685128228389238,1.0,0.0,0.19564026815453417,0.0,0.0,0.0,-2.902541661239123
wine_quality,mlp,logistic_regression,897,0,1.1448351673274184,1.0,-0.4510538962714555,0.08034293919190845,0.0,0.0,0.0,-2.902541661239123
wine_quality,mlp,logistic_regression,456,0,0.83954578937344,1.0,-0.6150734949156212,0.10955855344351154,0.0,0.0,0.0,-2.902541661239123
wine_quality,mlp,logistic_regression,1251,0,0.5002454208268421,0.9154188081803138,-1.0,0.20058391667204517,0.0,0.0,0.0,-2.902541661239123
wine_quality,mlp,logistic_regression,1398,0,0.7632234448849455,1.0,-0.6977239868157689,0.16433783426148277,0.0,0.0,0.0,-2.902541661239123
wine_quality,mlp,logistic_regression,292,0,0.83954578937344,1.0,-0.5381893080511685,0.16931776317142222,0.0,0.0,0.0,-2.902541661239123
wine_quality,mlp,logistic_regression,639,0,0.83954578937344,1.0,-0.03844209343222633,0.8864282935604021,0.0,0.0,0.0,-2.902541661239123
wine_quality,mlp,logistic_regression,167,0,0.45183456746016376,-0.33783313621848354,-1.0,0.018506254998840642,0.0,0.0,0.0,-2.902541661239123
wine_quality,mlp,logistic_regression,579,0,0.45793406693096733,1.0,-0.14095434258482983,0.0730390361979265,0.0,0.0,0.0,-2.902541661239123
wine_quality,mlp,logistic_regression,1205,1,1.373802200792902,1.0,-0.10571575195021188,0.23129027190627344,0.0,0.0,0.0,-2.902541661239123
wine_quality,mlp,logistic_regression,992,0,0.20978032803912958,0.7276406248564776,-1.0,0.0398596274534806,0.0,0.0,0.0,-2.902541661239123
wine_quality,mlp,logistic_regression,1596,0,1.373802200792902,1.0,-0.28190868516965967,0.17042440736498352,0.0,0.0,0.0,-2.902541661239123
wine_quality,mlp,logistic_regression,835,0,0.6374094551097755,0.11973833126675257,-1.0,0.05247343387002994,0.0,0.0,0.0,-2.902541661239123
wine_quality,mlp,logistic_regression,719,0,0.629341011529746,0.36382029658123033,-1.0,0.09300578764831308,0.0,0.0,0.0,-2.902541661239123
wine_quality,mlp,logistic_regression,1025,0,0.9158681338619347,1.0,-0.9866803980938089,0.11868842834578694,0.0,0.0,0.0,-2.902541661239123
wine_quality,mlp,logistic_regression,982,1,2.8239266710130577,1.0,-0.14285913236860395,0.10363647075218223,0.0,0.0,0.0,-2.902541661239123
wine_quality,mlp,logistic_regression,692,0,0.5853235876935041,-0.26078684028178817,-0.6065240974240463,1.0,0.0,0.0,0.0,-2.902541661239123
wine_quality,mlp,logistic_regression,1346,0,1.67909157874688,1.0,-0.3075367474578106,0.04481940729593302,0.0,0.0,0.0,-2.902541661239123
wine_quality,mlp,logistic_regression,1559,0,0.5342564114194619,1.0,-0.9967485525939555,0.07825610618899534,0.0,0.0,0.0,-2.902541661239123
wine_quality,mlp,logistic_regression,532,0,0.83954578937344,1.0,-0.21143150571439126,0.13943815148044106,0.0,0.0,0.0,-2.902541661239123
wine_quality,mlp,logistic_regression,1070,0,1.450124470220156,1.0,-0.06676784994358353,0.242182080917058,0.0,0.0,0.0,-2.902541661239123
wine_quality,mlp,logistic_regression,172,0,0.24205423942103418,0.0,-1.0,0.4836300873449913,0.0,0.0,0.0,-2.902541661239123
wine_quality,mlp,logistic_regression,738,0,0.30660203477248615,0.0,-1.0,0.24545136959339228,0.0,0.0,0.0,-2.902541661239123
wine_quality,mlp,logistic_regression,656,0,0.3052893779539782,1.0,-0.8457260555089792,0.08216891337587719,0.0,0.0,0.0,-2.902541661239123
wine_quality,mlp,logistic_regression,1210,0,0.9158681338619347,1.0,-0.6695331422431732,0.1369481952179023,0.0,0.0,0.0,-2.902541661239123
wine_quality,mlp,logistic_regression,680,0,0.2581911814058079,-0.5912079883823462,-1.0,0.06477189249594224,0.0,0.0,0.0,-2.902541661239123
wine_quality,mlp,logistic_regression,1192,1,2.4423150236318256,1.0,0.0132144696173278,0.11298225823862125,0.0,0.0,0.0,-2.902541661239123
wine_quality,mlp,logistic_regression,1388,0,0.83954578937344,1.0,-0.7111787529847475,0.2091572408747132,0.0,0.0,0.0,-2.902541661239123
wine_quality,mlp,logistic_regression,856,0,1.2974797812431669,1.0,-0.1119343320699183,0.1675601438288452,0.0,0.0,0.0,-2.902541661239123
wine_quality,mlp,logistic_regression,1079,0,2.3659926040820904,1.0,-0.020461114895314908,0.014136588099695573,0.0,0.0,0.0,-2.902541661239123
wine_quality,mlp,logistic_regression,902,0,1.2211575118159128,1.0,-0.48232813822648374,0.15064301098482835,0.0,0.0,0.0,-2.902541661239123
wine_quality,mlp,logistic_regression,814,1,1.6027691591971451,1.0,-0.14095434918603486,0.1512951575185474,0.0,0.0,0.0,-2.902541661239123
wine_quality,mlp,logistic_regression,92,0,1.2626266205467565,0.3626836781982845,-0.2811701059914891,1.0,0.0,0.0,0.0,-2.902541661239123
wine_quality,mlp,logistic_regression,535,0,0.83954578937344,1.0,0.0961052335805658,0.39839472241670354,0.0,0.0,0.0,-2.902541661239123
wine_quality,mlp,logistic_regression,1440,0,1.6027691591971451,1.0,-0.10068167799002489,0.13564392446197684,0.0,0.0,0.0,-2.902541661239123
wine_quality,mlp,logistic_regression,299,0,0.6454779535145196,0.472966390705877,-1.0,0.31090507510089993,0.0,0.0,0.0,-2.902541661239123
wine_quality,mlp,logistic_regression,1081,0,2.3659926040820904,1.0,-0.020461114895314908,0.014136588099695573,0.0,0.0,0.0,-2.902541661239123
wine_quality,mlp,logistic_regression,1125,1,1.6027691591971451,1.0,0.030204503397007466,0.06260488931354663,0.0,0.0,0.0,-2.902541661239123
wine_quality,mlp,logistic_regression,539,0,1.526446889769891,1.0,-0.2431462454484009,0.08216891713074138,0.0,0.0,0.0,-2.902541661239123
wine_quality,mlp,logistic_regression,1262,0,0.45793406693096733,1.0,-0.6342945117012713,0.20085734797977114,0.0,0.0,0.0,-2.902541661239123
wine_quality,mlp,logistic_regression,372,0,1.0685128228389238,1.0,-0.01510225099123177,0.4460597993767725,0.0,0.0,0.0,-2.902541661239123
wine_quality,mlp,logistic_regression,316,0,0.686901100396451,1.0,-0.6812793524238071,0.21911710233567253,0.0,0.0,0.0,-2.902541661239123
wine_quality,mlp,logistic_regression,1267,0,1.67909157874688,1.0,-0.1537683737289053,0.19919736120835177,0.0,0.0,0.0,-2.902541661239123
wine_quality,mlp,logistic_regression,1197,0,0.48410847884206837,0.9459327546303109,-1.0,0.12090752183624782,0.0,0.0,0.0,-2.902541661239123
wine_quality,mlp,logistic_regression,1378,0,0.5342564114194619,1.0,-0.5436810100296611,0.06260488816965129,0.0,0.0,0.0,-2.902541661239123
wine_quality,mlp,logistic_regression,1199,0,0.5002454208268421,0.4577094040901569,-1.0,0.18386859410190065,0.0,0.0,0.0,-2.902541661239123
wine_quality,mlp,logistic_regression,1350,0,0.6105787559079564,1.0,-0.8721549835197111,0.13694818583074184,0.0,0.0,0.0,-2.902541661239123
wine_quality,mlp,logistic_regression,502,1,2.1370256456778476,1.0,-0.12836913021863472,0.14868660336831863,0.0,0.0,0.0,-2.902541661239123
wine_quality,mlp,logistic_regression,861,0,1.7554138481741342,1.0,-0.680257966725315,0.0619244000456801,0.0,0.0,0.0,-2.902541661239123
wine_quality,mlp,logistic_regression,96,0,1.1448351673274184,1.0,-0.7118194390325294,0.06573513070070175,0.0,0.0,0.0,-2.902541661239123
wine_quality,mlp,logistic_regression,218,0,0.38161172244247277,1.0,-0.9302986251433215,0.15338196662848516,0.0,0.0,0.0,-2.902541661239123
wine_quality,mlp,logistic_regression,1316,0,2.5186372930590797,1.0,-0.3011297435810894,0.039839474339249274,0.0,0.0,0.0,-2.902541661239123
wine_quality,mlp,logistic_regression,1462,0,0.9158681338619347,1.0,-0.6519138569026852,0.10042867398988557,0.0,0.0,0.0,-2.902541661239123
wine_quality,mlp,logistic_regression,1255,0,1.373802200792902,1.0,-0.43460923793512346,-0.012173172699654417,0.0,0.0,0.0,-2.902541661239123
wine_quality,mlp,logistic_regression,1480,0,0.686901100396451,1.0,-0.8222336351477111,0.1825975936238697,0.0,0.0,0.0,-2.902541661239123
wine_quality,mlp,logistic_regression,69,0,0.9921904783504292,1.0,-0.7074823768119878,0.4045238812350877,0.0,0.0,0.0,-2.902541661239123
wine_quality,mlp,logistic_regression,29,0,0.6051355711402282,0.7567462379844965,-1.0,0.1658160428705841,0.0,0.0,0.0,-2.902541661239123
wine_quality,mlp,logistic_regression,24,0,0.38161172244247277,1.0,-0.5497219181225587,0.3505873737500472,0.0,0.0,0.0,-2.902541661239123
wine_quality,mlp,logistic_regression,100,0,0.7632234448849455,1.0,-0.7188671292243545,0.15338196662848516,0.0,0.0,0.0,-2.902541661239123
wine_quality,mlp,logistic_regression,855,0,1.9080585371511232,1.0,-0.39326262230312004,0.10517621325865663,0.0,0.0,0.0,-2.902541661239123
wine_quality,mlp,logistic_regression,843,0,0.6696833939040374,0.22793560414738667,-1.0,0.18729221768332088,0.0,0.0,0.0,-2.902541661239123
wine_quality,mlp,logistic_regression,1424,0,0.3052893779539782,1.0,0.0528578784693112,0.6299616754731655,0.0,0.0,0.0,-2.902541661239123
wine_quality,mlp,logistic_regression,595,0,0.5244508063916453,0.14552812877457785,-1.0,0.15943850578416813,0.0,0.0,0.0,-2.902541661239123
wine_quality,mlp,logistic_regression,1384,0,0.7826419877974532,0.29255654186130897,-1.0,0.03205207086099744,0.0,0.0,0.0,-2.902541661239123
wine_quality,mlp,logistic_regression,1269,1,3.6634725354477387,1.0,-0.09690610678576266,0.07988644408138952,0.0,0.0,0.0,-2.902541661239123
wine_quality,mlp,logistic_regression,211,0,0.7342311618431321,0.8315892700266596,-1.0,0.10249618003969432,0.0,0.0,0.0,-2.902541661239123
wine_quality,mlp,logistic_regression,954,0,2.289670334654837,1.0,-0.11276347406786387,0.025563661104747525,0.0,0.0,0.0,-2.902541661239123
wine_quality,mlp,logistic_regression,1347,0,0.6212725131250019,0.3685452496743805,-1.0,-0.10767275932616376,0.0,0.0,0.0,-2.902541661239123
wine_quality,mlp,logistic_regression,841,0,0.83954578937344,1.0,-0.7496208300912668,0.1593578971591124,0.0,0.0,0.0,-2.902541661239123
wine_quality,mlp,logistic_regression,157,0,0.9921904783504292,1.0,-0.2602234016950705,0.20226194061754385,0.0,0.0,0.0,-2.902541661239123
wine_quality,mlp,logistic_regression,720,0,0.4679715368572947,0.6523674067960986,-1.0,-0.05360432093827426,0.0,0.0,0.0,-2.902541661239123
wine_quality,mlp,logistic_regression,893,0,0.629341011529746,0.6063671609687171,-1.0,0.13286541222720516,0.0,0.0,0.0,-2.902541661239123
wine_quality,mlp,logistic_regression,1556,0,0.984353844844196,0.5427483360965835,-1.0,0.07645207030906569,0.0,0.0,0.0,-2.902541661239123
wine_quality,mlp,logistic_regression,438,0,0.5342564114194619,1.0,-0.42286302775448953,0.6573513284633843,0.0,0.0,0.0,-2.902541661239123
wine_quality,mlp,logistic_regression,1511,0,0.677751837484067,0.6756662861009695,-1.0,0.24675005895606064,0.0,0.0,0.0,-2.902541661239123
wine_quality,mlp,logistic_regression,216,0,1.373802200792902,1.0,-0.4169899326409935,0.060865860369218594,0.0,0.0,0.0,-2.902541661239123
wine_quality,mlp,logistic_regression,1075,0,0.7632234448849455,1.0,0.04228630277544895,0.42727834204483306,0.0,0.0,0.0,-2.902541661239123
wine_quality,mlp,logistic_regression,362,0,0.6105787559079564,1.0,-0.8192971274982471,0.1232533700638158,0.0,0.0,0.0,-2.902541661239123
wine_quality,mlp,logistic_regression,1515,0,0.9198060769051012,0.04148828019559221,-1.0,0.22726979135661107,0.0,0.0,0.0,-2.902541661239123
wine_quality,mlp,logistic_regression,929,1,2.1370256456778476,1.0,-0.045306752973695304,0.1017329385821031,0.0,0.0,0.0,-2.902541661239123
wine_quality,mlp,logistic_regression,1195,0,0.2581911814058079,0.8868119825735193,-1.0,0.42101728179944964,0.0,0.0,0.0,-2.902541661239123
wine_quality,mlp,logistic_regression,1562,0,0.686901100396451,1.0,-0.9984266082744427,0.08521220368249176,0.0,0.0,0.0,-2.902541661239123
wine_quality,mlp,logistic_regression,149,0,0.9921904783504292,1.0,-0.21143150697021484,0.11798612817575782,0.0,0.0,0.0,-2.902541661239123
wine_quality,mlp,logistic_regression,524,0,0.2581911814058079,0.8868119825735193,-1.0,0.5505610778908626,0.0,0.0,0.0,-2.902541661239123
wine_quality,mlp,logistic_regression,894,0,0.5809301307507104,0.7882773550395799,-1.0,0.15833129900575849,0.0,0.0,0.0,-2.902541661239123
wine_quality,mlp,logistic_regression,721,0,0.3388759187420335,0.0,-1.0,0.1480500387563499,0.0,0.0,0.0,-2.902541661239123
wine_quality,mlp,logistic_regression,163,0,0.5325193047963894,0.2866463010864053,-1.0,0.03140455434157755,0.0,0.0,0.0,-2.902541661239123
wine_quality,mlp,logistic_regression,1207,0,0.7261627182631025,0.840829115226943,-1.0,0.5412051180394848,0.0,0.0,0.0,-2.902541661239123
wine_quality,mlp,logistic_regression,542,0,0.7180942198583584,0.7439920788177937,-1.0,0.13973261868964135,0.0,0.0,0.0,-2.902541661239123
wine_quality,mlp,logistic_regression,1324,0,1.0685128228389238,1.0,-0.28694277524707423,0.1017329385821031,0.0,0.0,0.0,-2.902541661239123
wine_quality,mlp,logistic_regression,1211,0,0.27432812339058155,0.27821553089483536,-1.0,0.45721337805165896,0.0,0.0,0.0,-2.902541661239123
wine_quality,mlp,logistic_regression,1315,0,0.5809301307507104,0.7882773550395799,-1.0,0.15833129900575849,0.0,0.0,0.0,-2.902541661239123
wine_quality,mlp,logistic_regression,432,1,2.747604401585804,1.0,-0.05873097607701243,0.05477927558391813,0.0,0.0,0.0,-2.902541661239123
wine_quality,mlp,logistic_regression,207,0,0.48410847884206837,0.15765545910505183,-1.0,0.10363502209949721,0.0,0.0,0.0,-2.902541661239123
wine_quality,mlp,logistic_regression,1519,0,0.7632234448849455,1.0,-0.9091554827347358,0.12051440878786268,0.0,0.0,0.0,-2.902541661239123
wine_quality,mlp,logistic_regression,528,0,0.38161172244247277,-1.0,-0.634294559590012,0.6135278665139406,0.0,0.0,0.0,-2.902541661239123
wine_quality,mlp,logistic_regression,103,0,0.492176922422098,0.0,-1.0,0.06795739777118184,0.0,0.0,0.0,-2.902541661239123
wine_quality,mlp,logistic_regression,382,0,0.2759382667000353,0.5531841987792322,0.05848028630043188,1.0,0.0,0.0,0.0,-2.902541661239123
wine_quality,mlp,logistic_regression,1355,0,0.686901100396451,1.0,-0.11746195215402486,-0.036519517055945416,0.0,0.0,0.0,-2.902541661239123
wine_quality,mlp,logistic_regression,1215,0,1.6027691591971451,1.0,0.0,0.04695366698515998,0.0,0.0,0.0,-2.902541661239123
wine_quality,mlp,logistic_regression,964,0,1.450124470220156,1.0,-0.22255949981194514,0.21911711104260398,0.0,0.0,0.0,-2.902541661239123
wine_quality,mlp,logistic_regression,572,0,0.9158681338619347,1.0,0.052857878469311184,0.12781830552373763,0.0,0.0,0.0,-2.902541661239123
wine_quality,mlp,logistic_regression,1021,0,2.0607032261281124,1.0,-0.07047717053394306,0.0243463455907807,0.0,0.0,0.0,-2.902541661239123
wine_quality,mlp,logistic_regression,1151,0,2.5186372930590797,1.0,-0.19861749137338286,0.05975921150887392,0.0,0.0,0.0,-2.902541661239123
wine_quality,mlp,logistic_regression,1247,0,0.9921904783504292,1.0,-0.45539095296637333,0.17697920381706503,0.0,0.0,0.0,-2.902541661239123
wine_quality,mlp,logistic_regression,641,0,0.5163823628116158,0.44340599128675967,-1.0,0.259087569983769,0.0,0.0,0.0,-2.902541661239123
wine_quality,mlp,logistic_regression,1577,0,2.0607032261281124,1.0,-0.3367242651299184,0.052750414519564526,0.0,0.0,0.0,-2.902541661239123
wine_quality,mlp,logistic_regression,422,0,1.2974797812431669,1.0,-0.8581632688757387,-0.019333863089288875,0.0,0.0,0.0,-2.902541661239123
wine_quality,mlp,logistic_regression,800,0,0.5486562467811631,0.27821553089483536,-1.0,0.060961782695559665,0.0,0.0,0.0,-2.902541661239123
wine_quality,mlp,logistic_regression,707,0,0.9921904783504292,1.0,-0.3578071635166621,0.033710324399043,0.0,0.0,0.0,-2.902541661239123
wine_quality,mlp,logistic_regression,789,0,0.5809301307507104,0.1313795591732633,-1.0,0.07196876913608403,0.0,0.0,0.0,-2.902541661239123
wine_quality,mlp,logistic_regression,380,0,0.2759382667000353,0.5531841987792322,0.05848028630043188,1.0,0.0,0.0,0.0,-2.902541661239123
wine_quality,mlp,logistic_regression,1094,0,1.2211575118159128,1.0,-0.6012583591704721,0.01369481928711122,0.0,0.0,0.0,-2.902541661239123
wine_quality,mlp,logistic_regression,423,1,1.373802200792902,1.0,0.03523858564620746,0.261723212521061,0.0,0.0,0.0,-2.902541661239123
wine_quality,mlp,logistic_regression,1512,0,0.9158681338619347,1.0,-0.916203196870931,0.1643378267517544,0.0,0.0,0.0,-2.902541661239123
wine_quality,mlp,logistic_regression,1200,0,0.48410847884206837,0.9459327546303109,-1.0,0.12090752183624782,0.0,0.0,0.0,-2.902541661239123
wine_quality,mlp,logistic_regression,1392,0,0.5647931887659368,0.8107995564386059,-1.0,0.014805004537995521,0.0,0.0,0.0,-2.902541661239123
wine_quality,mlp,logistic_regression,41,0,0.5486562467811631,0.13910776544741768,-1.0,0.060961782695559665,0.0,0.0,0.0,-2.902541661239123
wine_quality,mlp,logistic_regression,140,0,0.7665050458126795,0.3982874993735992,-1.0,0.3818132645643059,0.0,0.0,0.0,-2.902541661239123
wine_quality,mlp,logistic_regression,873,0,1.450124470220156,1.0,0.06676784994358353,0.06342863948732685,0.0,0.0,0.0,-2.902541661239123
wine_quality,mlp,logistic_regression,672,0,1.5652839755949064,0.14627827093065449,-1.0,0.03205207086099744,0.0,0.0,0.0,-2.902541661239123
wine_quality,mlp,logistic_regression,1121,0,2.3659926040820904,1.0,-0.15686855042724415,0.028273176199391147,0.0,0.0,0.0,-2.902541661239123
wine_quality,mlp,logistic_regression,192,0,0.5809301307507104,0.3941386775197899,-1.0,0.20151255160778567,0.0,0.0,0.0,-2.902541661239123
wine_quality,mlp,logistic_regression,1235,0,1.7554138481741342,1.0,-0.055156049456876216,0.04287073924664764,0.0,0.0,0.0,-2.902541661239123
wine_quality,mlp,logistic_regression,126,0,1.7105166179320128,0.7585309418459781,-1.0,0.009776889198326404,0.0,0.0,0.0,-2.902541661239123
wine_quality,mlp,logistic_regression,1494,0,0.6105787559079564,1.0,-0.1057157569386224,0.31498083773658275,0.0,0.0,0.0,-2.902541661239123
wine_quality,mlp,logistic_regression,1120,1,2.976571209867566,1.0,-0.14637567682944003,0.07022984516337714,0.0,0.0,0.0,-2.902541661239123
wine_quality,mlp,logistic_regression,237,0,0.6051355711402282,0.0,-1.0,0.1519980424552347,0.0,0.0,0.0,-2.902541661239123
wine_quality,mlp,logistic_regression,1159,0,1.2211575118159128,1.0,-0.18500257464258918,0.13694818583074184,0.0,0.0,0.0,-2.902541661239123
wine_quality,mlp,logistic_regression,877,0,1.9843809567008583,1.0,-0.3618731662554499,0.042137903332535954,0.0,0.0,0.0,-2.902541661239123
wine_quality,mlp,logistic_regression,1059,1,2.2133479151051016,1.0,-0.15310558111056924,0.0453345744344665,0.0,0.0,0.0,-2.902541661239123
wine_quality,mlp,logistic_regression,507,0,0.6454779535145196,0.35472479302940774,-1.0,0.31090507510089993,0.0,0.0,0.0,-2.902541661239123
wine_quality,mlp,logistic_regression,1341,0,0.9921904783504292,1.0,-0.39033510254260567,0.05899306408787891,0.0,0.0,0.0,-2.902541661239123
wine_quality,mlp,logistic_regression,454,0,1.450124470220156,1.0,0.04451189996238903,0.09225983997292793,0.0,0.0,0.0,-2.902541661239123
wine_quality,mlp,logistic_regression,1461,0,0.8310528685764887,0.7347050699118786,-1.0,0.14086313564375327,0.0,0.0,0.0,-2.902541661239123
wine_quality,mlp,logistic_regression,217,0,0.7342311618431321,-0.10394865875333245,-1.0,0.0911077181929267,0.0,0.0,0.0,-2.902541661239123
wine_quality,mlp,logistic_regression,1369,0,0.9158681338619347,1.0,-0.5990559410202954,-0.09129879055382789,0.0,0.0,0.0,-2.902541661239123
wine_quality,mlp,logistic_regression,1279,1,1.7554138481741342,1.0,-0.027578024728438108,0.0476341536301309,0.0,0.0,0.0,-2.902541661239123
wine_quality,mlp,logistic_regression,626,0,0.5325193047963894,-0.14332315054320266,-1.0,0.03140455434157755,0.0,0.0,0.0,-2.902541661239123
wine_quality,mlp,logistic_regression,1510,0,0.38161172244247277,1.0,-0.3805767070207628,0.6573513370459311,0.0,0.0,0.0,-2.902541661239123
wine_quality,mlp,logistic_regression,1128,0,0.6105787559079564,1.0,-0.4228630277544896,0.28759120620273065,0.0,0.0,0.0,-2.902541661239123
wine_quality,mlp,logistic_regression,269,0,0.686901100396451,1.0,0.21143150390042376,0.6086586120363285,0.0,0.0,0.0,-2.902541661239123
wine_quality,mlp,logistic_regression,195,0,0.5163823628116158,0.2956039941911731,-1.0,0.11335080493069359,0.0,0.0,0.0,-2.902541661239123
wine_quality,mlp,logistic_regression,1146,0,0.45793406693096733,1.0,-0.810487484828003,0.7303903244306231,0.0,0.0,0.0,-2.902541661239123
wine_quality,mlp,logistic_regression,261,0,1.1376549307613322,0.13417485816620817,-1.0,0.09555001823559674,0.0,0.0,0.0,-2.902541661239123
wine_quality,mlp,logistic_regression,302,0,0.7019572778735848,0.869823243029208,-1.0,0.2978017918982414,0.0,0.0,0.0,-2.902541661239123
wine_quality,mlp,logistic_regression,1374,0,0.8794636945308097,0.520696954040011,-1.0,0.03803120367427844,0.0,0.0,0.0,-2.902541661239123
wine_quality,mlp,logistic_regression,448,0,0.7632234448849455,1.0,-0.5497219181225587,0.09860269605105264,0.0,0.0,0.0,-2.902541661239123
wine_quality,mlp,logistic_regression,870,0,1.9843809567008583,1.0,-0.3618731662554499,0.042137903332535954,0.0,0.0,0.0,-2.902541661239123
wine_quality,mlp,logistic_regression,366,0,0.6105787559079564,1.0,-0.9117984204315035,0.35606528503736085,0.0,0.0,0.0,-2.902541661239123
wine_quality,mlp,logistic_regression,871,0,1.0685128228389238,1.0,-0.43796529798673317,0.07825610618899534,0.0,0.0,0.0,-2.902541661239123
wine_quality,mlp,logistic_regression,743,0,0.6105787559079564,1.0,-0.37000514928517836,0.08216891337587719,0.0,0.0,0.0,-2.902541661239123
wine_quality,mlp,logistic_regression,452,0,0.6105787559079564,1.0,-0.7664392714767831,0.21911710859377953,0.0,0.0,0.0,-2.902541661239123
wine_quality,mlp,logistic_regression,212,0,0.7632234448849455,1.0,-0.35943356461217724,0.21911709732918694,0.0,0.0,0.0,-2.902541661239123
wine_quality,mlp,logistic_regression,152,0,0.686901100396451,1.0,-0.7752488742397431,0.08521220368249176,0.0,0.0,0.0,-2.902541661239123
wine_quality,mlp,logistic_regression,1524,0,0.6105787559079564,1.0,-0.39643409974375754,0.42453940142063296,0.0,0.0,0.0,-2.902541661239123
wine_quality,mlp,logistic_regression,244,0,0.30938532099346877,0.0,0.3129485675541209,1.0,0.0,0.0,0.0,-2.902541661239123
wine_quality,mlp,logistic_regression,1473,0,1.373802200792902,1.0,-0.38762443711987155,0.04260610184124588,0.0,0.0,0.0,-2.902541661239123
wine_quality,mlp,logistic_regression,1039,0,1.450124470220156,1.0,-0.2559434295095997,0.20758463401035462,0.0,0.0,0.0,-2.902541661239123
wine_quality,mlp,logistic_regression,921,0,1.373802200792902,1.0,-0.10571575195021188,0.15216465300908213,0.0,0.0,0.0,-2.902541661239123
wine_quality,mlp,logistic_regression,344,0,1.1448351673274184,1.0,-0.42286303972667466,0.22642101409100424,0.0,0.0,0.0,-2.902541661239123
wine_quality,mlp,logistic_regression,640,0,0.4356976254753901,0.35034546908636083,-1.0,0.287875078164879,0.0,0.0,0.0,-2.902541661239123
wine_quality,mlp,logistic_regression,1337,0,0.3711498301239381,0.6169126721384317,-1.0,-0.04505870699127848,0.0,0.0,0.0,-2.902541661239123
wine_quality,mlp,logistic_regression,1278,0,0.7180942198583584,0.31885374806476874,-1.0,0.08151069157506295,0.0,0.0,0.0,-2.902541661239123
wine_quality,mlp,logistic_regression,347,0,2.1370256456778476,1.0,-0.16612475448987882,0.17998905013519012,0.0,0.0,0.0,-2.902541661239123
wine_quality,mlp,logistic_regression,521,0,0.22591728373008188,-0.33783313621848354,-1.0,0.6292126604467002,0.0,0.0,0.0,-2.902541661239123
wine_quality,mlp,logistic_regression,972,0,1.8317362677238693,1.0,-0.09690610678576266,0.0821689133758772,0.0,0.0,0.0,-2.902541661239123
wine_quality,mlp,logistic_regression,997,1,2.747604401585804,1.0,-0.22905080919455373,0.04869269079861767,0.0,0.0,0.0,-2.902541661239123
wine_quality,mlp,logistic_regression,1126,1,3.281860587821544,1.0,-0.009834024576025327,0.017835113622411095,0.0,0.0,0.0,-2.902541661239123
wine_quality,mlp,logistic_regression,830,0,1.2974797812431669,1.0,-0.5161416798821999,0.05155696971059952,0.0,0.0,0.0,-2.902541661239123
wine_quality,mlp,logistic_regression,158,0,0.6616148954992933,0.11535765746461504,-1.0,0.037915253453816265,0.0,0.0,0.0,-2.902541661239123
wine_quality,mlp,logistic_regression,136,0,0.7180942198583584,0.31885374806476874,-1.0,0.3493315626874703,0.0,0.0,0.0,-2.902541661239123
wine_quality,mlp,logistic_regression,1478,0,0.9762854012641663,0.7817626320097254,-1.0,0.04282438968159909,0.0,0.0,0.0,-2.902541661239123
wine_quality,mlp,logistic_regression,17,0,0.6773030328532522,0.11268566769437591,-0.6909337684284188,1.0,0.0,0.0,0.0,-2.902541661239123
wine_quality,mlp,logistic_regression,1263,0,0.8229843701717446,0.3709540411931138,-1.0,-0.01016029711592661,0.0,0.0,0.0,-2.902541661239123
wine_quality,mlp,logistic_regression,156,0,0.9921904783504292,1.0,-0.2602234016950705,0.21068951955103682,0.0,0.0,0.0,-2.902541661239123
wine_quality,mlp,logistic_regression,193,0,0.45183456746016376,0.8445828405462089,-1.0,0.14805003999072514,0.0,0.0,0.0,-2.902541661239123
wine_quality,mlp,logistic_regression,37,0,0.38161172244247277,1.0,-0.46514931257166076,0.5697044560597774,0.0,0.0,0.0,-2.902541661239123
wine_quality,mlp,logistic_regression,1058,0,1.8317362677238693,1.0,-0.22905079921773275,0.13238325662892694,0.0,0.0,0.0,-2.902541661239123
wine_quality,mlp,logistic_regression,546,0,0.45183456746016376,0.5067497043277254,-1.0,0.5736939097210006,0.0,0.0,0.0,-2.902541661239123
wine_quality,mlp,logistic_regression,1516,0,1.0685128228389238,1.0,-0.07551125495615883,0.39128053630906834,0.0,0.0,0.0,-2.902541661239123
wine_quality,mlp,logistic_regression,439,0,0.5647931887659368,0.1351332594064343,-1.0,0.19246505011431864,0.0,0.0,0.0,-2.902541661239123
wine_quality,mlp,logistic_regression,1485,0,0.6212725131250019,0.6142420827906342,-1.0,0.10767275932616376,0.0,0.0,0.0,-2.902541661239123
wine_quality,mlp,logistic_regression,57,0,0.5809301307507104,0.2627591183465266,-1.0,0.43181264441524825,0.0,0.0,0.0,-2.902541661239123
wine_quality,mlp,logistic_regression,265,0,0.7632234448849455,1.0,0.021143151387724476,0.27389637541634787,0.0,0.0,0.0,-2.902541661239123
wine_quality,mlp,logistic_regression,339,0,0.7441971414401192,0.6153397284552918,-0.021683701722685845,1.0,0.0,0.0,0.0,-2.902541661239123
wine_quality,mlp,logistic_regression,282,0,0.4034237140934855,-0.1891865594961241,-1.0,0.20727004885243122,0.0,0.0,0.0,-2.902541661239123
wine_quality,mlp,logistic_regression,1322,0,1.67909157874688,1.0,-0.06727366350639606,0.0398394742897781,0.0,0.0,0.0,-2.902541661239123
wine_quality,mlp,logistic_regression,554,0,1.450124470220156,1.0,-0.41729905505860293,0.15568847155527712,0.0,0.0,0.0,-2.902541661239123
wine_quality,mlp,logistic_regression,778,0,0.9921904783504292,1.0,-0.2602234016950705,0.11798612817575782,0.0,0.0,0.0,-2.902541661239123
wine_quality,mlp,logistic_regression,1009,0,1.2974797812431669,1.0,-0.2860544229585795,0.13533704604250965,0.0,0.0,0.0,-2.902541661239123
wine_quality,mlp,logistic_regression,311,0,0.41956065607825915,0.3638203124282388,-1.0,0.13950868754908294,0.0,0.0,0.0,-2.902541661239123
wine_quality,mlp,logistic_regression,1453,0,0.3550128607268072,-0.4299694626963209,-1.0,0.2590875779684105,0.0,0.0,0.0,-2.902541661239123
wine_quality,mlp,logistic_regression,1329,0,0.5325193047963894,0.8599389032592161,-1.0,0.14132049050090673,0.0,0.0,0.0,-2.902541661239123
wine_quality,mlp,logistic_regression,928,0,1.526446889769891,1.0,-0.21143151387724476,0.180771613181794,0.0,0.0,0.0,-2.902541661239123
wine_quality,mlp,logistic_regression,1356,0,0.686901100396451,1.0,-0.1644467330156348,-0.036519517055945416,0.0,0.0,0.0,-2.902541661239123
wine_quality,mlp,logistic_regression,460,0,1.6027691591971451,1.0,-0.16109068478403984,0.0730390351484302,0.0,0.0,0.0,-2.902541661239123
wine_quality,mlp,logistic_regression,424,0,1.2974797812431669,1.0,-0.8581632688757387,-0.019333863089288875,0.0,0.0,0.0,-2.902541661239123
wine_quality,mlp,logistic_regression,38,0,1.3877775589376813,0.32997656143215603,-1.0,0.006025292503727641,0.0,0.0,0.0,-2.902541661239123
wine_quality,mlp,logistic_regression,544,0,0.6105787559079564,-1.0,-0.1057157569386224,0.43823421718755906,0.0,0.0,0.0,-2.902541661239123
wine_quality,mlp,logistic_regression,722,0,0.6105787559079564,1.0,-0.39643409974375754,0.16433782675175437,0.0,0.0,0.0,-2.902541661239123
wine_quality,mlp,logistic_regression,1319,0,0.7907104862021973,-0.09652375404185257,-1.0,0.9094502517273506,0.0,0.0,0.0,-2.902541661239123
wine_quality,mlp,logistic_regression,1365,0,0.3711498301239381,0.6169126721384317,-1.0,0.33794030822564686,0.0,0.0,0.0,-2.902541661239123
wine_quality,mlp,logistic_regression,1016,1,2.5949595624863337,1.0,-0.06840431462959971,0.09022469147168972,0.0,0.0,0.0,-2.902541661239123
wine_quality,mlp,logistic_regression,255,0,0.48410847884206837,0.15765545910505183,-1.0,0.17272503288599647,0.0,0.0,0.0,-2.902541661239123
wine_quality,mlp,logistic_regression,1297,0,2.2133479151051016,1.0,-0.18955928853974868,0.05289033511383652,0.0,0.0,0.0,-2.902541661239123
wine_quality,mlp,logistic_regression,642,0,0.4356976254753901,0.35034546908636083,-1.0,0.287875078164879,0.0,0.0,0.0,-2.902541661239123
wine_quality,mlp,logistic_regression,1407,0,1.1448351673274184,1.0,-0.33829042220359157,0.33597956025235487,0.0,0.0,0.0,-2.902541661239123
wine_quality,mlp,logistic_regression,782,0,0.8875321929355539,0.687951108441981,-1.0,0.05652819503640783,0.0,0.0,0.0,-2.902541661239123
wine_quality,mlp,logistic_regression,1250,0,1.2974797812431669,1.0,-0.41042589834129173,0.09022469147168972,0.0,0.0,0.0,-2.902541661239123
wine_quality,mlp,logistic_regression,1011,0,0.9158681338619347,1.0,-0.08809646411551865,0.0730390361979265,0.0,0.0,0.0,-2.902541661239123
wine_quality,mlp,logistic_regression,562,0,0.4356976254753901,0.0,-1.0,0.2686833852392259,0.0,0.0,0.0,-2.902541661239123
wine_quality,mlp,logistic_regression,15,0,0.5647931887659368,0.0,-1.0,0.681030196062618,0.0,0.0,0.0,-2.902541661239123
wine_quality,mlp,logistic_regression,599,0,0.5163823628116158,0.14780199709558656,-1.0,0.3724383749144626,0.0,0.0,0.0,-2.902541661239123
wine_quality,mlp,logistic_regression,1442,0,0.5809301307507104,0.7882773550395799,-1.0,0.40302510321557133,0.0,0.0,0.0,-2.902541661239123
wine_quality,mlp,logistic_regression,425,0,2.3659926040820904,1.0,-0.3887611801144868,0.03180732231588013,0.0,0.0,0.0,-2.902541661239123
wine_quality,mlp,logistic_regression,1019,0,0.9158681338619347,1.0,-0.4052437424140015,0.12781830552373763,0.0,0.0,0.0,-2.902541661239123
wine_quality,mlp,logistic_regression,1302,1,1.526446889769891,1.0,-0.10571575693862238,0.180771613181794,0.0,0.0,0.0,-2.902541661239123
wine_quality,mlp,logistic_regression,767,0,0.5325193047963894,0.42996945162960803,-1.0,0.23553416159802384,0.0,0.0,0.0,-2.902541661239123
wine_quality,mlp,logistic_regression,953,1,2.2133479151051016,1.0,-0.05103519473560805,0.08311338818956299,0.0,0.0,0.0,-2.902541661239123
