participant_id,explanation_type,exp_property,n_trials,n_training_feedback_cases,training_instance_ids,aggregation,normalize_by_i_max,confidence_scale,confidence_intercept,comparison_C,max_features_attended,guess_bias,lapse_rate,use_exemplar_memory,memory_sensitivity,memory_decay,retrieval_threshold,strategy,k,sensitivity,always_attend_changed,comparison_scale,comparison_intercept,training_feedback_accuracy,test_nll_model_participant,test_total_nll_model_participant,n_parameters,test_bic_model_participant,test_accuracy_model_participant,test_brier_model_participant,test_accuracy_participant_answer_key
41,0,faithful,29,10,0;1;2;3;4;5;6;7;8;9,attribution,True,2.0,1.0,1000000.0,4,0.0,0.0,False,1.0,0.5,,attribution_sum,3,10.0,True,896.5828248469966,0.3348682410628148,0.8,0.447244422807598,12.970088261420342,10,59.61313482270542,0.7931034482758621,0.1513972235724087,0.7586206896551724
40,0,faithful,29,10,0;1;2;3;4;5;6;7;8;9,attribution,True,2.0,-1.0,10000.0,12,0.0,0.0,True,4.0,0.5,,attribution_sum,3,10.0,True,106.27543601299408,0.1670312772333442,0.8,0.5626521520268644,16.316912408779068,11,69.67407894740936,0.7241379310344828,0.1938365929037448,0.7931034482758621
28,0,faithful,29,10,0;1;2;3;4;5;6;7;8;9,value_weighted,False,128.0,0.0,10000.0,12,0.0,0.0,True,4.0,0.5,,attribution_sum,3,10.0,True,56.14313779586719,-0.1350532049082489,0.6,0.5070787254263202,14.705283037363284,11,66.45082020457778,0.5862068965517241,0.1835841036742511,0.8275862068965517
29,0,faithful,29,10,0;1;2;3;4;5;6;7;8;9,attribution,False,0.5,0.0,1000000.0,4,0.0,0.0,False,1.0,0.5,,attribution_sum,3,10.0,True,620.5618393091255,0.1581740644942885,0.8,0.4256990323587673,12.345271938404252,10,58.36350217667325,0.8620689655172413,0.1431760200555373,0.8275862068965517
25,0,faithful,29,10,0;1;2;3;4;5;6;7;8;9,attribution,True,8.0,-1.0,10000.0,4,0.0,0.0,True,4.0,0.5,,attribution_sum,3,10.0,True,101.17309341518616,-0.2886837152765102,0.8,0.6444103033978915,18.687898798538853,11,74.41605172692891,0.5172413793103449,0.2297571594039534,0.5172413793103449
37,0,faithful,29,10,0;1;2;3;4;5;6;7;8;9,attribution,True,2.0,-1.0,100000000.0,4,0.0,0.0,False,1.0,0.5,,attribution_sum,3,10.0,True,1224.1342268552385,0.2578001154564491,0.8,0.3532719885843931,10.2448876689474,10,54.162733637759544,0.8620689655172413,0.1184854067601029,0.8275862068965517
42,0,faithful,29,10,0;1;2;3;4;5;6;7;8;9,attribution,False,0.5,0.0,1000000.0,12,0.0,0.0,False,1.0,0.5,,attribution_sum,3,10.0,True,735.0856901377375,0.0324711742008442,0.8,0.5824638106189405,16.891450507949273,10,67.45585931576329,0.6896551724137931,0.2035064494864233,0.6551724137931034
26,0,faithful,29,10,0;1;2;3;4;5;6;7;8;9,value_weighted,False,128.0,-1.0,100.0,4,0.0,0.0,False,1.0,0.5,,attribution_sum,3,10.0,True,5.455738963987283,-0.1491981963572444,0.6,0.6217066283378384,18.029492221797312,10,69.73194274345937,0.5517241379310345,0.2237677354395324,0.5862068965517241
18,0,faithful,29,10,0;1;2;3;4;5;6;7;8;9,value_weighted,False,128.0,-1.0,10000.0,4,0.0,0.0,False,1.0,0.5,,attribution_sum,3,10.0,True,18.187940559129196,-0.2250172203591112,0.6,0.5854621111942893,16.97840122463439,10,67.62976074913351,0.6206896551724138,0.2090170465519371,0.5862068965517241
46,0,faithful,29,10,0;1;2;3;4;5;6;7;8;9,attribution,True,2.0,1.0,1000000.0,4,0.0,0.0,False,1.0,0.5,,attribution_sum,3,10.0,True,896.5828248469966,0.3348682410628148,0.8,0.4208154733123833,12.203648726059116,10,58.080255751982975,0.8275862068965517,0.138793762127092,0.7931034482758621
38,0,faithful,29,10,0;1;2;3;4;5;6;7;8;9,attribution,False,1.0,0.0,100.0,12,0.0,0.0,False,1.0,0.5,,sensitive_features,3,10.0,True,9.08205033547116,0.1995014143731902,0.9,0.4873569602371016,14.133351846875946,6,48.47047867367074,0.7586206896551724,0.1637442705779385,0.8275862068965517
39,0,faithful,29,10,0;1;2;3;4;5;6;7;8;9,attribution,False,8.0,-1.0,1000000.0,12,0.0,0.0,True,1.0,0.5,,attribution_sum,3,10.0,True,-114.2934417267681,0.1384550198436964,0.4,0.6017104046591308,17.449601735114793,11,71.9394576000808,0.6896551724137931,0.2180682528117339,0.2068965517241379
36,1,sparse,29,10,0;1;2;3;4;5;6;7;8;9,attribution,True,8.0,-1.0,100000000.0,4,0.0,0.0,True,4.0,0.5,,attribution_sum,3,10.0,True,-1997.2999274669855,0.2195741038878646,0.6,0.6142673390801261,17.813752833323658,11,72.66775979649853,0.6551724137931034,0.2177452009745933,0.4827586206896552
21,1,sparse,29,10,0;1;2;3;4;5;6;7;8;9,attribution,False,1.0,0.0,100.0,12,0.0,0.0,False,1.0,0.5,,sensitive_features,5,20.0,True,7.9644226166222865,-0.0124581336979351,0.9,0.5039713034029313,14.615167798685007,6,49.43411057728886,0.6551724137931034,0.1735912584101882,0.8620689655172413
24,1,sparse,29,10,0;1;2;3;4;5;6;7;8;9,attribution,False,1.0,0.0,10000.0,12,0.0,0.0,False,1.0,0.5,,salient_features,5,20.0,True,23.87047866841449,-0.0207546189764762,0.7,0.5949631593435106,17.253931620961808,6,54.71163822184246,0.5517241379310345,0.2153581887054541,0.8275862068965517
30,1,sparse,29,10,0;1;2;3;4;5;6;7;8;9,attribution,False,1.0,0.0,100.0,12,0.0,0.0,False,1.0,0.5,,salient_features,8,20.0,True,8.884250753425242,-0.1488639591701217,0.8,0.5936490257621586,17.2158217471026,6,54.63541847412404,0.6551724137931034,0.2106798141606673,0.8620689655172413
35,1,sparse,29,10,0;1;2;3;4;5;6;7;8;9,attribution,False,1.0,0.0,10000.0,12,0.0,0.0,False,1.0,0.5,,sensitive_features,2,1.0,True,48.25449138094216,0.1964546164382816,0.8,0.5365199270156408,15.559077883453584,6,51.32193074682601,0.8620689655172413,0.1621160113699772,0.896551724137931
14,1,sparse,29,10,0;1;2;3;4;5;6;7;8;9,attribution,False,1.0,0.0,10000.0,12,0.0,0.0,False,1.0,0.5,,sensitive_features,8,4.0,True,67.8361531388688,1.619258860910158,1.0,0.2891780424935225,8.386163232312153,6,36.97610144454315,0.8620689655172413,0.0814116700845057,0.7241379310344828
5,1,sparse,29,10,0;1;2;3;4;5;6;7;8;9,attribution,True,8.0,-1.0,100000000.0,4,0.0,0.0,True,4.0,0.5,,attribution_sum,3,10.0,True,-1997.2999274669855,0.2195741038878646,0.6,0.6323696295419118,18.338719256715443,11,73.7176926432821,0.7241379310344828,0.2247512899332814,0.5517241379310345
44,1,sparse,29,10,0;1;2;3;4;5;6;7;8;9,value_weighted,False,128.0,-1.0,100000000.0,12,0.0,0.0,True,2.0,0.5,,attribution_sum,3,10.0,True,3.249424672774769,-0.1481463024216932,0.5,0.6617926963119882,19.19198819304766,11,75.42423051594653,0.5172413793103449,0.2372125219935423,0.4827586206896552
31,1,sparse,29,10,0;1;2;3;4;5;6;7;8;9,attribution,False,1.0,0.0,100000000.0,12,0.0,0.0,False,1.0,0.5,,salient_features,5,10.0,True,46.2736649862186,0.1595987974719961,0.7,0.5118450335643113,14.84350597336503,6,49.8907869266489,0.7586206896551724,0.1773663035120455,0.7241379310344828
34,1,sparse,29,10,0;1;2;3;4;5;6;7;8;9,attribution,False,1.0,0.0,10000.0,12,0.0,0.0,False,1.0,0.5,,sensitive_features,8,1.0,True,135.46265791687378,0.3775091337284317,1.0,0.5629216427295419,16.324727639156716,6,52.85323025823227,0.6551724137931034,0.196205716859685,0.7931034482758621
43,1,sparse,29,10,0;1;2;3;4;5;6;7;8;9,attribution,False,1.0,0.0,100.0,12,0.0,0.0,False,1.0,0.5,,sensitive_features,2,20.0,True,11.549869949290652,0.1767797299649358,0.9,0.4516338094911379,13.097380475243002,6,46.39853593040485,0.7931034482758621,0.1327304816691661,0.8620689655172413
7,1,sparse,29,10,0;1;2;3;4;5;6;7;8;9,attribution,False,1.0,0.0,100.0,12,0.0,0.0,False,1.0,0.5,,sensitive_features,2,20.0,True,11.549869949290652,0.1767797299649358,0.9,0.4712059415305323,13.664972304385438,6,47.53371958868972,0.7931034482758621,0.1410104428028031,0.8620689655172413
1,2,robust,29,10,0;1;2;3;4;5;6;7;8;9,value_weighted,True,8.0,0.0,100.0,4,0.0,0.0,False,1.0,0.5,,attribution_sum,3,10.0,True,14.495180888358314,-0.1178392724595511,1.0,0.5515049801556521,15.993644424513912,10,65.66024714889257,0.7241379310344828,0.1836653900578788,0.7241379310344828
33,2,robust,29,10,0;1;2;3;4;5;6;7;8;9,value_weighted,False,32.0,1.0,100.0,4,0.0,0.0,False,1.0,0.5,,attribution_sum,3,10.0,True,5.327021318260689,-0.204595680776778,0.6,0.5751704703124724,16.679943639061698,10,67.03284557798813,0.6206896551724138,0.2009788562223521,0.7241379310344828
2,2,robust,29,10,0;1;2;3;4;5;6;7;8;9,value_weighted,True,2.0,-1.0,10000.0,4,0.0,0.0,False,1.0,0.5,,attribution_sum,3,10.0,True,144.4559401526572,0.0914945751908139,1.0,0.330155621100872,9.574513011925289,10,52.82198432371531,0.896551724137931,0.1054903551673221,0.896551724137931
12,2,robust,29,10,0;1;2;3;4;5;6;7;8;9,value_weighted,True,2.0,-1.0,100000000.0,12,0.0,0.0,False,1.0,0.5,,attribution_sum,3,10.0,True,878.154537103341,0.418209443523764,1.0,0.0294336643682839,0.8535762666802338,10,35.3801108332252,1.0,0.0061786986502913,1.0
45,2,robust,29,10,0;1;2;3;4;5;6;7;8;9,value_weighted,True,2.0,1.0,10000.0,4,0.0,0.0,False,1.0,0.5,,attribution_sum,3,10.0,True,146.5904621915249,-0.1544959733794259,1.0,0.3518345983881475,10.203203353256278,10,54.079365006377294,0.7931034482758621,0.115716866807862,0.896551724137931
3,2,robust,29,10,0;1;2;3;4;5;6;7;8;9,attribution,True,2.0,1.0,1000000.0,12,0.0,0.0,False,1.0,0.5,,attribution_sum,3,10.0,True,1306.9547363564996,-0.0519743932769058,0.9,0.2943463582944036,8.536044390537704,10,50.74504708094015,0.8275862068965517,0.0924129741142404,0.9310344827586208
9,2,robust,29,10,0;1;2;3;4;5;6;7;8;9,value_weighted,True,2.0,-1.0,100000000.0,12,0.0,0.0,False,1.0,0.5,,attribution_sum,3,10.0,True,878.154537103341,0.418209443523764,1.0,0.0294336643682839,0.8535762666802339,10,35.38011083322521,1.0,0.0061786986502913,1.0
10,2,robust,29,10,0;1;2;3;4;5;6;7;8;9,value_weighted,True,2.0,-1.0,100000000.0,12,0.0,0.0,False,1.0,0.5,,attribution_sum,3,10.0,True,878.154537103341,0.418209443523764,1.0,0.0294336643682839,0.8535762666802339,10,35.38011083322521,1.0,0.0061786986502913,1.0
20,2,robust,29,10,0;1;2;3;4;5;6;7;8;9,value_weighted,True,2.0,-1.0,100000000.0,12,0.0,0.0,False,1.0,0.5,,attribution_sum,3,10.0,True,878.154537103341,0.418209443523764,1.0,0.0294336643682839,0.8535762666802338,10,35.3801108332252,1.0,0.0061786986502913,1.0
16,2,robust,29,10,0;1;2;3;4;5;6;7;8;9,value_weighted,True,2.0,-1.0,100000000.0,12,0.0,0.0,False,1.0,0.5,,attribution_sum,3,10.0,True,878.154537103341,0.418209443523764,1.0,0.0294336643682839,0.8535762666802338,10,35.3801108332252,1.0,0.0061786986502913,1.0
17,2,robust,29,10,0;1;2;3;4;5;6;7;8;9,value_weighted,True,2.0,-1.0,100000000.0,12,0.0,0.0,False,1.0,0.5,,attribution_sum,3,10.0,True,878.154537103341,0.418209443523764,1.0,0.0294336643682839,0.8535762666802339,10,35.38011083322521,1.0,0.0061786986502913,1.0
4,3,sparse_robust,29,10,0;1;2;3;4;5;6;7;8;9,attribution,False,1.0,0.0,10000.0,12,0.0,0.0,False,1.0,0.5,,sensitive_features,3,20.0,True,21.30394988116551,0.1027332722306648,0.8,0.2800710808179921,8.122061343721771,6,36.44789766736238,0.896551724137931,0.0977079841433573,0.9655172413793104
13,3,sparse_robust,29,10,0;1;2;3;4;5;6;7;8;9,value_weighted,False,2.0,1.0,100000000.0,12,0.0,0.0,False,1.0,0.5,,attribution_sum,3,10.0,True,3975.2649108124137,-0.4731089127345267,0.8,0.3565428303100005,10.339742078990014,10,54.35244245784477,0.7586206896551724,0.1302133575735812,0.896551724137931
15,3,sparse_robust,29,10,0;1;2;3;4;5;6;7;8;9,attribution,False,1.0,0.0,100000000.0,12,0.0,0.0,False,1.0,0.5,,salient_features,8,10.0,True,3221.67533560178,0.0659539409051309,0.9,0.3362411886586705,9.750994471101444,6,39.70576392212173,0.7586206896551724,0.1208436050994262,0.896551724137931
23,3,sparse_robust,29,10,0;1;2;3;4;5;6;7;8;9,value_weighted,False,0.5,-1.0,1000000.0,12,0.0,0.0,True,4.0,0.5,,attribution_sum,3,10.0,True,399.97337070164394,-0.2726273090403134,0.8,0.4938566349344904,14.32184241310022,11,65.68393895605166,0.6896551724137931,0.1694112646139738,0.8275862068965517
22,3,sparse_robust,29,10,0;1;2;3;4;5;6;7;8;9,attribution,False,1.0,0.0,10000.0,12,0.0,0.0,False,1.0,0.5,,sensitive_features,3,20.0,True,21.30394988116551,0.1027332722306648,0.8,0.280071080817992,8.12206134372177,6,36.44789766736238,0.896551724137931,0.0977079841433574,0.9655172413793104
27,3,sparse_robust,29,10,0;1;2;3;4;5;6;7;8;9,attribution,False,1.0,0.0,100.0,12,0.0,0.0,False,1.0,0.5,,sensitive_features,2,20.0,True,11.549869949290652,0.1767797299649358,0.9,0.3024185893505742,8.770139091166651,6,37.74405316225214,0.8620689655172413,0.104088078296012,0.9310344827586208
8,3,sparse_robust,29,10,0;1;2;3;4;5;6;7;8;9,attribution,False,1.0,0.0,10000.0,12,0.0,0.0,False,1.0,0.5,,sensitive_features,3,20.0,True,21.30394988116551,0.1027332722306648,0.8,0.280071080817992,8.12206134372177,6,36.44789766736238,0.896551724137931,0.0977079841433574,0.9655172413793104
6,3,sparse_robust,29,10,0;1;2;3;4;5;6;7;8;9,attribution,False,1.0,0.0,100000000.0,12,0.0,0.0,False,1.0,0.5,,sensitive_features,3,20.0,True,22.431384182906868,0.1070219535310186,0.8,0.2552881922475125,7.403357575177862,6,35.01049013027457,0.8620689655172413,0.0889846846843197,0.9310344827586208
11,3,sparse_robust,29,10,0;1;2;3;4;5;6;7;8;9,attribution,False,1.0,0.0,100.0,12,0.0,0.0,False,1.0,0.5,,sensitive_features,3,20.0,True,8.811407684203992,0.0437304358341219,0.8,0.4063514226803429,11.784191257729946,6,43.772157495378735,0.8620689655172413,0.132609389696329,0.9310344827586208
19,3,sparse_robust,29,10,0;1;2;3;4;5;6;7;8;9,value_weighted,False,2.0,1.0,100000000.0,12,0.0,0.0,False,1.0,0.5,,attribution_sum,3,10.0,True,3975.2649108124137,-0.4731089127345267,0.8,0.3565428303100004,10.339742078990012,10,54.35244245784476,0.7586206896551724,0.1302133575735812,0.896551724137931
32,3,sparse_robust,29,10,0;1;2;3;4;5;6;7;8;9,attribution,False,1.0,0.0,10000.0,12,0.0,0.0,False,1.0,0.5,,sensitive_features,3,20.0,True,21.30394988116551,0.1027332722306648,0.8,0.280071080817992,8.122061343721768,6,36.44789766736238,0.896551724137931,0.0977079841433574,0.9655172413793104
