Participant Id,dataId,Model,Complexity,Variant,Strategy,total,respNLL,timeMAE,T_enc,T_op,latency_factor,lapse,retrieval_threshold,ddm_a,ddm_s,compute_sf,objective,optimizer,n_evals
144,wine_quality,mlp,high,dense,calculation,21.929,18.96,14.841,0.614,2.0,1.0,0.05,-0.45,1.5,0.531,2,21.389,GP(skopt),50
144,wine_quality,mlp,high,dense,heuristic,20.777,18.887,9.446,1.06,2.0,1.0,0.05,-0.413,1.5,0.2,2,17.148,GP(skopt),50
138,wine_quality,mlp,high,dense,calculation,22.199,15.418,33.905,0.743,2.0,1.0,0.05,-1.087,1.389,0.2,2,20.915,GP(skopt),50
138,wine_quality,mlp,high,dense,heuristic,19.482,16.541,14.706,2.226,2.0,1.0,0.05,-1.429,1.396,0.84,2,18.495,GP(skopt),50
126,wine_quality,mlp,high,dense,calculation,18.996,16.195,14.005,0.509,2.0,1.0,0.05,-1.122,1.5,0.386,2,18.936,GP(skopt),50
126,wine_quality,mlp,high,dense,heuristic,18.164,16.791,6.865,1.115,2.0,1.0,0.05,-0.804,1.5,0.507,2,17.361,GP(skopt),50
263,wine_quality,mlp,high,dense,calculation,28.586,27.451,5.674,0.5,2.0,1.0,0.05,1.5,1.5,1.168,2,28.192,GP(skopt),50
263,wine_quality,mlp,high,dense,heuristic,21.472,20.034,7.187,1.503,2.0,1.0,0.05,-0.48,1.458,1.024,2,20.866,GP(skopt),50
76,wine_quality,mlp,high,dense,calculation,26.845,23.43,17.072,0.5,2.0,1.0,0.05,-2.0,1.0,0.54,2,26.457,GP(skopt),50
76,wine_quality,mlp,high,dense,heuristic,28.974,27.612,6.813,0.5,2.0,1.0,0.05,-2.0,1.0,1.5,2,28.526,GP(skopt),50
205,wine_quality,mlp,low,sparse,calculation,28.901,28.184,3.587,0.5,2.0,1.0,0.05,-1.057,1.0,1.48,2,28.769,GP(skopt),50
205,wine_quality,mlp,low,sparse,heuristic,30.845,29.972,4.362,3.0,2.0,1.0,0.05,0.825,1.052,1.5,2,31.214,GP(skopt),50
29,wine_quality,mlp,low,sparse,calculation,28.355,27.93,2.124,0.5,2.0,1.0,0.05,-2.0,1.0,1.5,2,28.414,GP(skopt),50
29,wine_quality,mlp,low,sparse,heuristic,29.468,28.882,2.931,3.0,2.0,1.0,0.05,1.5,1.5,1.336,2,26.664,GP(skopt),50
279,wine_quality,mlp,low,sparse,calculation,31.512,29.336,10.878,1.994,2.0,1.0,0.05,1.5,1.082,1.5,2,31.074,GP(skopt),50
279,wine_quality,mlp,low,sparse,heuristic,26.983,24.708,11.375,2.278,2.0,1.0,0.05,1.5,1.382,1.025,2,26.545,GP(skopt),50
64,wine_quality,mlp,high,dense,calculation,19.025,14.287,23.69,0.5,2.0,1.0,0.05,-2.0,1.5,0.449,2,18.969,GP(skopt),50
64,wine_quality,mlp,high,dense,heuristic,20.378,18.862,7.583,1.652,2.0,1.0,0.05,-0.778,1.373,0.789,2,19.248,GP(skopt),50
306,wine_quality,mlp,low,sparse,calculation,23.066,22.23,4.183,0.685,2.0,1.0,0.05,-1.339,1.18,0.576,2,22.614,GP(skopt),50
306,wine_quality,mlp,low,sparse,heuristic,20.788,19.956,4.159,1.824,2.0,1.0,0.05,-0.634,1.352,0.62,2,19.241,GP(skopt),50
244,wine_quality,mlp,low,sparse,calculation,27.549,26.682,4.335,0.5,2.0,1.0,0.05,-0.669,1.079,0.907,2,27.327,GP(skopt),50
244,wine_quality,mlp,low,sparse,heuristic,22.761,22.455,1.531,0.614,2.0,1.0,0.05,-0.431,1.091,0.587,2,22.388,GP(skopt),50
219,wine_quality,mlp,low,sparse,calculation,29.088,27.744,6.719,0.5,2.0,1.0,0.05,-2.0,1.0,1.101,2,28.787,GP(skopt),50
219,wine_quality,mlp,low,sparse,heuristic,25.435,24.062,6.865,0.5,2.0,1.0,0.05,-1.481,1.064,0.2,2,20.037,GP(skopt),50
285,wine_quality,mlp,low,sparse,calculation,28.918,28.298,3.102,0.5,2.0,1.0,0.05,1.5,1.0,1.5,2,28.733,GP(skopt),50
285,wine_quality,mlp,low,sparse,heuristic,26.584,26.167,2.085,1.337,2.0,1.0,0.05,1.267,1.487,0.2,2,24.667,GP(skopt),50
238,wine_quality,mlp,high,dense,calculation,26.563,25.171,6.959,0.5,2.0,1.0,0.05,1.391,1.5,0.776,2,26.173,GP(skopt),50
238,wine_quality,mlp,high,dense,heuristic,17.917,17.307,3.05,0.601,2.0,1.0,0.05,0.289,1.04,0.2,2,17.912,GP(skopt),50
118,wine_quality,mlp,low,sparse,calculation,28.459,27.476,4.912,0.5,2.0,1.0,0.05,1.5,1.5,1.5,2,28.459,GP(skopt),50
118,wine_quality,mlp,low,sparse,heuristic,24.099,23.759,1.702,0.675,2.0,1.0,0.05,-0.381,1.102,0.96,2,22.59,GP(skopt),50
63,wine_quality,mlp,high,dense,calculation,27.728,25.578,10.751,0.627,2.0,1.0,0.05,-1.836,1.5,0.844,2,27.705,GP(skopt),50
63,wine_quality,mlp,high,dense,heuristic,25.859,23.24,13.094,2.269,2.0,1.0,0.05,-1.685,1.291,0.297,2,23.719,GP(skopt),50
51,wine_quality,mlp,low,sparse,calculation,21.746,20.068,8.395,0.624,2.0,1.0,0.05,-2.0,1.0,0.506,2,21.284,GP(skopt),50
51,wine_quality,mlp,low,sparse,heuristic,18.616,18.064,2.761,0.805,2.0,1.0,0.05,-0.213,1.5,0.371,2,16.757,GP(skopt),50
10,wine_quality,mlp,high,dense,calculation,27.887,23.686,21.007,0.5,2.0,1.0,0.05,-0.087,1.5,0.657,2,27.445,GP(skopt),50
10,wine_quality,mlp,high,dense,heuristic,24.083,23.281,4.011,0.5,2.0,1.0,0.05,0.371,1.0,0.866,2,23.751,GP(skopt),50
67,wine_quality,mlp,low,sparse,calculation,28.458,27.474,4.92,0.83,2.0,1.0,0.05,1.412,1.0,0.844,2,27.415,GP(skopt),50
67,wine_quality,mlp,low,sparse,heuristic,22.036,21.732,1.523,0.525,2.0,1.0,0.05,1.056,1.182,0.731,2,20.261,GP(skopt),50
159,wine_quality,mlp,high,dense,calculation,26.605,24.203,12.008,0.604,2.0,1.0,0.05,-1.0,1.0,0.488,2,26.036,GP(skopt),50
159,wine_quality,mlp,high,dense,heuristic,25.571,24.479,5.457,1.897,2.0,1.0,0.05,-1.595,1.457,1.013,2,24.515,GP(skopt),50
313,wine_quality,mlp,high,dense,calculation,26.731,25.316,7.074,0.5,2.0,1.0,0.05,1.459,1.5,0.769,2,26.645,GP(skopt),50
313,wine_quality,mlp,high,dense,heuristic,25.371,24.523,4.239,0.864,2.0,1.0,0.05,-0.349,1.013,1.121,2,23.525,GP(skopt),50
72,wine_quality,mlp,high,dense,calculation,29.556,26.822,13.666,0.5,2.0,1.0,0.05,1.5,1.5,0.84,2,29.266,GP(skopt),50
72,wine_quality,mlp,high,dense,heuristic,25.399,24.571,4.14,0.5,2.0,1.0,0.05,-2.0,1.5,1.5,2,25.488,GP(skopt),50
290,wine_quality,mlp,low,sparse,calculation,29.463,28.166,6.482,0.5,2.0,1.0,0.05,-2.0,1.0,1.5,2,29.455,GP(skopt),50
290,wine_quality,mlp,low,sparse,heuristic,27.133,25.727,7.026,2.211,2.0,1.0,0.05,-1.556,1.335,0.733,2,24.44,GP(skopt),50
196,wine_quality,mlp,high,dense,calculation,25.702,24.484,6.09,0.5,2.0,1.0,0.05,1.006,1.5,0.847,2,25.692,GP(skopt),50
196,wine_quality,mlp,high,dense,heuristic,27.488,26.867,3.105,1.44,2.0,1.0,0.05,-1.159,1.028,1.479,2,27.145,GP(skopt),50
23,wine_quality,mlp,low,sparse,calculation,23.969,21.961,10.04,0.5,2.0,1.0,0.05,1.5,1.0,0.386,2,24.009,GP(skopt),50
23,wine_quality,mlp,low,sparse,heuristic,25.643,25.129,2.57,0.5,2.0,1.0,0.05,1.5,1.0,1.404,2,25.711,GP(skopt),50
105,wine_quality,mlp,low,sparse,calculation,27.824,26.619,6.022,0.5,2.0,1.0,0.05,1.5,1.126,0.86,2,27.046,GP(skopt),50
105,wine_quality,mlp,low,sparse,heuristic,24.369,23.753,3.077,1.299,2.0,1.0,0.05,-1.447,1.007,0.978,2,24.142,GP(skopt),50
191,wine_quality,mlp,high,dense,calculation,23.456,20.767,13.443,0.5,2.0,1.0,0.05,-2.0,1.5,0.497,2,22.794,GP(skopt),50
191,wine_quality,mlp,high,dense,heuristic,18.054,16.629,7.123,2.289,2.0,1.0,0.05,-1.426,1.05,0.619,2,17.762,GP(skopt),50
245,wine_quality,mlp,low,sparse,calculation,28.011,27.278,3.663,0.5,2.0,1.0,0.05,-2.0,1.087,1.006,2,27.784,GP(skopt),50
245,wine_quality,mlp,low,sparse,heuristic,30.047,29.497,2.749,0.859,2.0,1.0,0.05,0.063,1.0,1.5,2,29.455,GP(skopt),50
296,wine_quality,mlp,high,dense,calculation,28.957,27.517,7.201,0.5,2.0,1.0,0.05,1.5,1.27,1.265,2,28.726,GP(skopt),50
296,wine_quality,mlp,high,dense,heuristic,31.048,30.026,5.111,0.5,2.0,1.0,0.05,-1.076,1.0,1.5,2,30.78,GP(skopt),50
127,wine_quality,mlp,high,dense,calculation,24.905,23.365,7.697,0.5,2.0,1.0,0.05,1.5,1.0,0.357,2,25.066,GP(skopt),50
127,wine_quality,mlp,high,dense,heuristic,22.974,20.85,10.622,1.83,2.0,1.0,0.05,-0.199,1.5,0.288,2,21.887,GP(skopt),50
282,wine_quality,mlp,high,dense,calculation,24.303,21.638,13.322,0.5,2.0,1.0,0.05,-1.356,1.0,0.502,2,24.221,GP(skopt),50
282,wine_quality,mlp,high,dense,heuristic,23.155,22.35,4.025,1.353,2.0,1.0,0.05,-0.339,1.261,0.981,2,23.105,GP(skopt),50
176,wine_quality,mlp,high,dense,calculation,29.335,28.011,6.619,0.515,2.0,1.0,0.05,1.495,1.5,1.141,2,28.622,GP(skopt),50
176,wine_quality,mlp,high,dense,heuristic,29.254,28.733,2.605,0.866,2.0,1.0,0.05,-1.514,1.459,0.64,2,27.973,GP(skopt),50
115,wine_quality,mlp,high,dense,calculation,25.692,23.321,11.851,0.5,2.0,1.0,0.05,1.5,1.0,0.433,2,25.857,GP(skopt),50
115,wine_quality,mlp,high,dense,heuristic,25.236,24.59,3.23,0.5,2.0,1.0,0.05,-2.0,1.0,1.358,2,24.368,GP(skopt),50
143,wine_quality,mlp,high,dense,calculation,33.632,20.62,65.063,3.0,2.0,1.0,0.05,-1.442,1.5,0.508,2,32.698,GP(skopt),50
143,wine_quality,mlp,high,dense,heuristic,35.28,17.699,87.902,3.0,2.0,1.0,0.05,-1.312,1.422,0.2,2,35.307,GP(skopt),50
122,wine_quality,mlp,low,sparse,calculation,28.903,28.173,3.648,1.075,2.0,1.0,0.05,-0.3,1.032,1.5,2,28.943,GP(skopt),50
122,wine_quality,mlp,low,sparse,heuristic,28.005,26.46,7.723,0.5,2.0,1.0,0.05,1.5,1.251,0.2,2,26.688,GP(skopt),50
28,wine_quality,mlp,high,dense,calculation,27.02,23.872,15.74,0.5,2.0,1.0,0.05,-1.525,1.0,0.593,2,26.447,GP(skopt),50
28,wine_quality,mlp,high,dense,heuristic,17.912,16.605,6.535,0.571,2.0,1.0,0.05,-1.192,1.241,0.588,2,18.174,GP(skopt),50
266,wine_quality,mlp,high,dense,calculation,29.55,27.059,12.452,0.5,2.0,1.0,0.05,0.941,1.5,1.302,2,29.137,GP(skopt),50
266,wine_quality,mlp,high,dense,heuristic,24.0,23.233,3.83,0.5,2.0,1.0,0.05,-0.369,1.0,1.077,2,23.348,GP(skopt),50
162,wine_quality,mlp,low,sparse,calculation,27.987,26.483,7.521,3.0,2.0,1.0,0.05,-1.003,1.5,1.017,2,28.012,GP(skopt),50
162,wine_quality,mlp,low,sparse,heuristic,29.495,25.732,18.815,1.734,2.0,1.0,0.05,-0.534,1.02,1.169,2,29.216,GP(skopt),50
194,wine_quality,mlp,high,dense,calculation,30.001,28.148,9.263,0.703,2.0,1.0,0.05,1.5,1.0,1.39,2,29.747,GP(skopt),50
194,wine_quality,mlp,high,dense,heuristic,28.157,27.573,2.92,0.5,2.0,1.0,0.05,1.5,1.0,0.918,2,26.372,GP(skopt),50
190,wine_quality,mlp,low,sparse,calculation,26.771,25.198,7.869,0.5,2.0,1.0,0.05,0.342,1.5,0.897,2,26.756,GP(skopt),50
190,wine_quality,mlp,low,sparse,heuristic,31.141,29.572,7.844,1.881,2.0,1.0,0.05,-1.386,1.417,0.216,2,25.931,GP(skopt),50
248,wine_quality,mlp,low,sparse,calculation,28.563,27.425,5.69,0.5,2.0,1.0,0.05,1.5,1.0,1.093,2,28.428,GP(skopt),50
248,wine_quality,mlp,low,sparse,heuristic,30.409,30.133,1.379,0.5,2.0,1.0,0.05,-1.113,1.0,1.5,2,30.351,GP(skopt),50
145,wine_quality,mlp,low,sparse,calculation,31.518,27.236,21.412,3.0,2.0,1.0,0.05,-2.0,1.5,1.123,2,31.431,GP(skopt),50
145,wine_quality,mlp,low,sparse,heuristic,29.154,23.009,30.723,2.872,2.0,1.0,0.05,-0.594,1.5,0.2,2,27.423,GP(skopt),50
90,wine_quality,mlp,high,dense,calculation,18.289,15.479,14.05,3.0,2.0,1.0,0.05,-2.0,1.163,0.327,2,17.893,GP(skopt),50
90,wine_quality,mlp,high,dense,heuristic,21.81,16.008,29.012,3.0,2.0,1.0,0.05,-0.368,1.5,0.2,2,19.359,GP(skopt),50
215,wine_quality,mlp,low,sparse,calculation,28.452,27.113,6.693,0.5,2.0,1.0,0.05,-2.0,1.271,0.958,2,28.208,GP(skopt),50
215,wine_quality,mlp,low,sparse,heuristic,24.706,24.34,1.826,0.894,2.0,1.0,0.05,0.471,1.174,0.928,2,23.56,GP(skopt),50
298,wine_quality,mlp,low,sparse,calculation,28.459,26.135,11.617,3.0,2.0,1.0,0.05,-2.0,1.5,0.928,2,28.174,GP(skopt),50
298,wine_quality,mlp,low,sparse,heuristic,21.72,17.492,21.139,3.0,2.0,1.0,0.05,-2.0,1.182,0.202,2,18.303,GP(skopt),50
