Participant Id,appId,XAIType,Tested w/ XAI,Selected Strategy,Selected Strategy NLL,Strategy,Strategy NLL,Parameter Row Index,Parameter NLL,Parameter Session,k,decay_param,sensitivity,retrieval_threshold,scaling_factor,explanation_type,Instance Index,trialType,predicted,Prob correct,Prob 0,Prob 1,Correct,response_time
1,adult,Importance,w/ XAI,,,Sensitive-features categorization,4.160707183677012,0,0.2512057184,2,1,0.5,76.703638943,-2.967453087,,,260,Train,1,0.5,0.5,0.5,1,0.1
1,adult,Importance,w/ XAI,,,Sensitive-features categorization,4.160707183677012,0,0.2512057184,2,1,0.5,76.703638943,-2.967453087,,,260,Train,1,0.5,0.5,0.5,1,0.1
1,adult,Importance,w/ XAI,,,Sensitive-features categorization,4.160707183677012,0,0.2512057184,2,1,0.5,76.703638943,-2.967453087,,,141,Train,1,0.0,0.0,1.0,0,0.1
1,adult,Importance,w/ XAI,,,Sensitive-features categorization,4.160707183677012,0,0.2512057184,2,1,0.5,76.703638943,-2.967453087,,,141,Train,1,0.0,0.0,1.0,0,0.1
1,adult,Importance,w/ XAI,,,Sensitive-features categorization,4.160707183677012,0,0.2512057184,2,1,0.5,76.703638943,-2.967453087,,,17,Train,1,0.9999994525028725,5.47497127553522e-07,0.9999994525028725,1,0.1
1,adult,Importance,w/ XAI,,,Sensitive-features categorization,4.160707183677012,0,0.2512057184,2,1,0.5,76.703638943,-2.967453087,,,17,Train,1,0.9999994525006323,5.474993677616417e-07,0.9999994525006323,1,0.1
1,adult,Importance,w/ XAI,,,Sensitive-features categorization,4.160707183677012,0,0.2512057184,2,1,0.5,76.703638943,-2.967453087,,,168,Train,0,0.026483485734661562,0.026483485734661562,0.9735165142653385,1,0.1
1,adult,Importance,w/ XAI,,,Sensitive-features categorization,4.160707183677012,0,0.2512057184,2,1,0.5,76.703638943,-2.967453087,,,168,Train,1,0.02648351235498977,0.02648351235498977,0.9735164876450102,0,0.1
1,adult,Importance,w/ XAI,,,Sensitive-features categorization,4.160707183677012,0,0.2512057184,2,1,0.5,76.703638943,-2.967453087,,,215,Train,1,0.9953258011807448,0.004674198819255269,0.9953258011807448,1,0.1
1,adult,Importance,w/ XAI,,,Sensitive-features categorization,4.160707183677012,0,0.2512057184,2,1,0.5,76.703638943,-2.967453087,,,215,Train,1,0.9953257991620328,0.004674200837967216,0.9953257991620328,1,0.1
1,adult,Importance,w/ XAI,,,Sensitive-features categorization,4.160707183677012,0,0.2512057184,2,1,0.5,76.703638943,-2.967453087,,,14,Train,1,1.0343254719045494e-07,1.0343254719045494e-07,0.9999998965674528,0,0.1
1,adult,Importance,w/ XAI,,,Sensitive-features categorization,4.160707183677012,0,0.2512057184,2,1,0.5,76.703638943,-2.967453087,,,14,Train,1,1.0343269555842528e-07,1.0343269555842528e-07,0.9999998965673045,0,0.1
1,adult,Importance,w/ XAI,,,Sensitive-features categorization,4.160707183677012,0,0.2512057184,2,1,0.5,76.703638943,-2.967453087,,,289,Train,1,0.2500256250876364,0.2500256250876364,0.7499743749123635,0,0.1
1,adult,Importance,w/ XAI,,,Sensitive-features categorization,4.160707183677012,0,0.2512057184,2,1,0.5,76.703638943,-2.967453087,,,289,Train,1,0.2500256211361864,0.2500256211361864,0.7499743788638136,0,0.1
1,adult,Importance,w/ XAI,,,Sensitive-features categorization,4.160707183677012,0,0.2512057184,2,1,0.5,76.703638943,-2.967453087,,,213,Train,1,0.4001112885717029,0.4001112885717029,0.599888711428297,0,0.1
1,adult,Importance,w/ XAI,,,Sensitive-features categorization,4.160707183677012,0,0.2512057184,2,1,0.5,76.703638943,-2.967453087,,,213,Train,1,0.4001112702301833,0.4001112702301833,0.5998887297698167,0,0.1
1,adult,Importance,w/ XAI,,,Sensitive-features categorization,4.160707183677012,0,0.2512057184,2,1,0.5,76.703638943,-2.967453087,,,119,Train,1,0.3998854751802025,0.6001145248197975,0.3998854751802025,1,0.1
1,adult,Importance,w/ XAI,,,Sensitive-features categorization,4.160707183677012,0,0.2512057184,2,1,0.5,76.703638943,-2.967453087,,,119,Train,1,0.39988549439924365,0.6001145056007563,0.39988549439924365,1,0.1
1,adult,Importance,w/ XAI,,,Sensitive-features categorization,4.160707183677012,0,0.2512057184,2,1,0.5,76.703638943,-2.967453087,,,169,Train,1,0.4000359739550755,0.5999640260449245,0.4000359739550755,1,0.1
1,adult,Importance,w/ XAI,,,Sensitive-features categorization,4.160707183677012,0,0.2512057184,2,1,0.5,76.703638943,-2.967453087,,,169,Train,1,0.40003596751169007,0.59996403248831,0.40003596751169007,1,0.1
1,adult,Importance,w/ XAI,,,Sensitive-features categorization,4.160707183677012,0,0.2512057184,2,1,0.5,76.703638943,-2.967453087,,,158,Test,0,0.6000299872978921,0.39997001270210797,0.6000299872978921,0,0.1
1,adult,Importance,w/ XAI,,,Sensitive-features categorization,4.160707183677012,0,0.2512057184,2,1,0.5,76.703638943,-2.967453087,,,84,Test,0,1.0,1.0,5.3280985887200185e-67,1,0.1
1,adult,Importance,w/ XAI,,,Sensitive-features categorization,4.160707183677012,0,0.2512057184,2,1,0.5,76.703638943,-2.967453087,,,35,Test,0,1.0,1.0,1.470671224755319e-67,1,0.1
1,adult,Importance,w/ XAI,,,Sensitive-features categorization,4.160707183677012,0,0.2512057184,2,1,0.5,76.703638943,-2.967453087,,,135,Test,0,1.0,1.0,1.4707241274666062e-67,1,0.1
1,adult,Importance,w/ XAI,,,Sensitive-features categorization,4.160707183677012,0,0.2512057184,2,1,0.5,76.703638943,-2.967453087,,,117,Test,0,0.520105539210252,0.4798944607897479,0.520105539210252,0,0.1
1,adult,Importance,w/ XAI,,,Sensitive-features categorization,4.160707183677012,0,0.2512057184,2,1,0.5,76.703638943,-2.967453087,,,76,Test,0,1.1955424060652894e-67,1.0,1.1955424060652894e-67,0,0.1
1,adult,Importance,w/ XAI,,,Sensitive-features categorization,4.160707183677012,0,0.2512057184,2,1,0.5,76.703638943,-2.967453087,,,2,Test,0,8.2806685032202e-68,1.0,8.2806685032202e-68,0,0.1
1,adult,Importance,w/ XAI,,,Sensitive-features categorization,4.160707183677012,0,0.2512057184,2,1,0.5,76.703638943,-2.967453087,,,190,Test,1,0.3759535658796302,0.3759535658796302,0.6240464341203698,0,0.1
1,adult,Importance,w/ XAI,,,Sensitive-features categorization,4.160707183677012,0,0.2512057184,2,1,0.5,76.703638943,-2.967453087,,,125,Test,1,0.7487367451854456,0.2512632548145544,0.7487367451854456,1,0.1
1,adult,Importance,w/ XAI,,,Sensitive-features categorization,4.160707183677012,0,0.2512057184,2,1,0.5,76.703638943,-2.967453087,,,172,Test,1,0.6985417602336726,0.30145823976632746,0.6985417602336726,1,0.1
1,adult,Importance,w/ XAI,,,Sensitive-features categorization,4.160707183677012,0,0.2512057184,2,1,0.5,76.703638943,-2.967453087,,,75,Test,0,1.0,1.0,5.3280985887200185e-67,1,0.1
1,adult,Importance,w/ XAI,,,Sensitive-features categorization,4.160707183677012,0,0.2512057184,2,1,0.5,76.703638943,-2.967453087,,,210,Test,0,0.3616717485727108,0.3616717485727108,0.6383282514272892,1,0.1
1,adult,Importance,w/ XAI,,,Sensitive-features categorization,4.160707183677012,0,0.2512057184,2,1,0.5,76.703638943,-2.967453087,,,194,Test,0,0.645975793669192,0.35402420633080794,0.645975793669192,0,0.1
1,adult,Importance,w/ XAI,,,Sensitive-features categorization,4.160707183677012,0,0.2512057184,2,1,0.5,76.703638943,-2.967453087,,,261,Test,0,9.933078468447239e-68,1.0,9.933078468447239e-68,0,0.1
1,adult,Importance,w/ XAI,,,Sensitive-features categorization,4.160707183677012,0,0.2512057184,2,1,0.5,76.703638943,-2.967453087,,,235,Test,1,0.3288794968016144,0.3288794968016144,0.6711205031983857,0,0.1
1,adult,Importance,w/ XAI,,,Sensitive-features categorization,4.160707183677012,0,0.2512057184,2,1,0.5,76.703638943,-2.967453087,,,33,Test,0,1.0,1.0,5.3280985887200185e-67,1,0.1
1,adult,Importance,w/ XAI,,,Sensitive-features categorization,4.160707183677012,0,0.2512057184,2,1,0.5,76.703638943,-2.967453087,,,95,Test,0,1.0,1.0,5.328098588720019e-67,1,0.1
1,adult,Importance,w/ XAI,,,Sensitive-features categorization,4.160707183677012,0,0.2512057184,2,1,0.5,76.703638943,-2.967453087,,,246,Test,0,0.6805271541712675,0.3194728458287324,0.6805271541712675,0,0.1
1,adult,Importance,w/ XAI,,,Sensitive-features categorization,4.160707183677012,0,0.2512057184,2,1,0.5,76.703638943,-2.967453087,,,295,Train,1,0.6667563366041646,0.33324366339583544,0.6667563366041646,1,0.1
1,adult,Importance,w/ XAI,,,Sensitive-features categorization,4.160707183677012,0,0.2512057184,2,1,0.5,76.703638943,-2.967453087,,,295,Train,0,0.6667563366750308,0.3332436633249693,0.6667563366750308,0,0.1
1,adult,Importance,w/ XAI,,,Sensitive-features categorization,4.160707183677012,0,0.2512057184,2,1,0.5,76.703638943,-2.967453087,,,139,Train,1,0.7334749231279837,0.26652507687201643,0.7334749231279837,1,0.1
1,adult,Importance,w/ XAI,,,Sensitive-features categorization,4.160707183677012,0,0.2512057184,2,1,0.5,76.703638943,-2.967453087,,,139,Train,1,0.7334748753303779,0.2665251246696221,0.7334748753303779,1,0.1
1,adult,Importance,w/ XAI,,,Sensitive-features categorization,4.160707183677012,0,0.2512057184,2,1,0.5,76.703638943,-2.967453087,,,187,Train,0,1.0,1.0,5.328098588720018e-67,1,0.1
1,adult,Importance,w/ XAI,,,Sensitive-features categorization,4.160707183677012,0,0.2512057184,2,1,0.5,76.703638943,-2.967453087,,,187,Train,0,1.0,1.0,5.328098588720019e-67,1,0.1
1,adult,Importance,w/ XAI,,,Sensitive-features categorization,4.160707183677012,0,0.2512057184,2,1,0.5,76.703638943,-2.967453087,,,263,Train,0,1.0,1.0,1.0689769610207241e-67,1,0.1
1,adult,Importance,w/ XAI,,,Sensitive-features categorization,4.160707183677012,0,0.2512057184,2,1,0.5,76.703638943,-2.967453087,,,263,Train,0,1.0,1.0,1.0689768776998787e-67,1,0.1
1,adult,Importance,w/ XAI,,,Sensitive-features categorization,4.160707183677012,0,0.2512057184,2,1,0.5,76.703638943,-2.967453087,,,255,Train,0,0.8000827598918423,0.19991724010815767,0.8000827598918423,0,0.1
1,adult,Importance,w/ XAI,,,Sensitive-features categorization,4.160707183677012,0,0.2512057184,2,1,0.5,76.703638943,-2.967453087,,,255,Train,1,0.8000826885429627,0.19991731145703734,0.8000826885429627,1,0.1
1,adult,Importance,w/ XAI,,,Sensitive-features categorization,4.160707183677012,0,0.2512057184,2,1,0.5,76.703638943,-2.967453087,,,45,Train,1,0.1332363718153274,0.1332363718153274,0.8667636281846726,0,0.1
1,adult,Importance,w/ XAI,,,Sensitive-features categorization,4.160707183677012,0,0.2512057184,2,1,0.5,76.703638943,-2.967453087,,,45,Train,1,0.13323646929013216,0.13323646929013216,0.8667635307098679,0,0.1
1,adult,Importance,w/ XAI,,,Sensitive-features categorization,4.160707183677012,0,0.2512057184,2,1,0.5,76.703638943,-2.967453087,,,198,Train,1,0.7330666602364737,0.26693333976352634,0.7330666602364737,1,0.1
1,adult,Importance,w/ XAI,,,Sensitive-features categorization,4.160707183677012,0,0.2512057184,2,1,0.5,76.703638943,-2.967453087,,,198,Train,1,0.733066838274077,0.266933161725923,0.733066838274077,1,0.1
1,adult,Importance,w/ XAI,,,Sensitive-features categorization,4.160707183677012,0,0.2512057184,2,1,0.5,76.703638943,-2.967453087,,,293,Train,0,0.7998008880612715,0.20019911193872855,0.7998008880612715,0,0.1
1,adult,Importance,w/ XAI,,,Sensitive-features categorization,4.160707183677012,0,0.2512057184,2,1,0.5,76.703638943,-2.967453087,,,293,Train,1,0.7998010422328824,0.2001989577671176,0.7998010422328824,1,0.1
1,adult,Importance,w/ XAI,,,Sensitive-features categorization,4.160707183677012,0,0.2512057184,2,1,0.5,76.703638943,-2.967453087,,,47,Train,0,1.0,1.0,8.287010505398675e-68,1,0.1
1,adult,Importance,w/ XAI,,,Sensitive-features categorization,4.160707183677012,0,0.2512057184,2,1,0.5,76.703638943,-2.967453087,,,47,Train,0,1.0,1.0,8.287017978804627e-68,1,0.1
1,adult,Importance,w/ XAI,,,Sensitive-features categorization,4.160707183677012,0,0.2512057184,2,1,0.5,76.703638943,-2.967453087,,,212,Train,0,1.0,1.0,4.2601178994466734e-67,1,0.1
1,adult,Importance,w/ XAI,,,Sensitive-features categorization,4.160707183677012,0,0.2512057184,2,1,0.5,76.703638943,-2.967453087,,,212,Train,0,1.0,1.0,4.2601196141175976e-67,1,0.1
1,adult,Importance,w/ XAI,,,Sensitive-features categorization,4.160707183677012,0,0.2512057184,2,1,0.5,76.703638943,-2.967453087,,,114,Test,0,1.0,1.0,6.620184327341412e-68,1,0.1
1,adult,Importance,w/ XAI,,,Sensitive-features categorization,4.160707183677012,0,0.2512057184,2,1,0.5,76.703638943,-2.967453087,,,3,Test,1,0.799964241921192,0.2000357580788081,0.799964241921192,1,0.1
1,adult,Importance,w/ XAI,,,Sensitive-features categorization,4.160707183677012,0,0.2512057184,2,1,0.5,76.703638943,-2.967453087,,,101,Test,0,1.0,1.0,5.9628096634063525e-68,1,0.1
1,adult,Importance,w/ XAI,,,Sensitive-features categorization,4.160707183677012,0,0.2512057184,2,1,0.5,76.703638943,-2.967453087,,,78,Test,1,0.23991601897766227,0.23991601897766227,0.7600839810223378,0,0.1
1,adult,Importance,w/ XAI,,,Sensitive-features categorization,4.160707183677012,0,0.2512057184,2,1,0.5,76.703638943,-2.967453087,,,282,Test,0,1.0,1.0,4.782413425264921e-68,1,0.1
1,adult,Importance,w/ XAI,,,Sensitive-features categorization,4.160707183677012,0,0.2512057184,2,1,0.5,76.703638943,-2.967453087,,,267,Test,0,3.1910223032562864e-67,1.0,3.1910223032562864e-67,0,0.1
1,adult,Importance,w/ XAI,,,Sensitive-features categorization,4.160707183677012,0,0.2512057184,2,1,0.5,76.703638943,-2.967453087,,,150,Test,0,1.0,1.0,3.4773565859353047e-68,1,0.1
1,adult,Importance,w/ XAI,,,Sensitive-features categorization,4.160707183677012,0,0.2512057184,2,1,0.5,76.703638943,-2.967453087,,,97,Test,0,4.1694945555966415e-68,1.0,4.1694945555966415e-68,0,0.1
1,adult,Importance,w/ XAI,,,Sensitive-features categorization,4.160707183677012,0,0.2512057184,2,1,0.5,76.703638943,-2.967453087,,,207,Test,0,1.0,1.0,5.0014238443738525e-68,1,0.1
1,adult,Importance,w/ XAI,,,Sensitive-features categorization,4.160707183677012,0,0.2512057184,2,1,0.5,76.703638943,-2.967453087,,,19,Test,0,0.7122163785603732,0.2877836214396268,0.7122163785603732,0,0.1
1,adult,Importance,w/ XAI,,,Sensitive-features categorization,4.160707183677012,0,0.2512057184,2,1,0.5,76.703638943,-2.967453087,,,184,Test,0,1.0,1.0,4.678318295431855e-68,1,0.1
1,adult,Importance,w/ XAI,,,Sensitive-features categorization,4.160707183677012,0,0.2512057184,2,1,0.5,76.703638943,-2.967453087,,,23,Test,1,0.8542147641882941,0.14578523581170588,0.8542147641882941,1,0.1
1,adult,Importance,w/ XAI,,,Sensitive-features categorization,4.160707183677012,0,0.2512057184,2,1,0.5,76.703638943,-2.967453087,,,26,Test,1,0.8251693511416522,0.17483064885834787,0.8251693511416522,1,0.1
1,adult,Importance,w/ XAI,,,Sensitive-features categorization,4.160707183677012,0,0.2512057184,2,1,0.5,76.703638943,-2.967453087,,,29,Test,1,0.20964382817357988,0.20964382817357988,0.7903561718264202,0,0.1
1,adult,Importance,w/ XAI,,,Sensitive-features categorization,4.160707183677012,0,0.2512057184,2,1,0.5,76.703638943,-2.967453087,,,66,Test,1,0.7884407470855762,0.21155925291442387,0.7884407470855762,1,0.1
1,adult,Importance,w/ XAI,,,Sensitive-features categorization,4.160707183677012,0,0.2512057184,2,1,0.5,76.703638943,-2.967453087,,,281,Test,1,0.2059071582822339,0.2059071582822339,0.7940928417177661,0,0.1
1,adult,Importance,w/ XAI,,,Sensitive-features categorization,4.160707183677012,0,0.2512057184,2,1,0.5,76.703638943,-2.967453087,,,232,Test,0,2.7654967431613473e-67,1.0,2.7654967431613473e-67,0,0.1
1,adult,Importance,w/ XAI,,,Sensitive-features categorization,4.160707183677012,0,0.2512057184,2,1,0.5,76.703638943,-2.967453087,,,121,Test,0,4.421903679765858e-68,1.0,4.421903679765858e-68,0,0.1
2,adult,Importance,w/ XAI,,,Sensitive-features categorization,3.0099187211919345,1,0.463744921,2,3,0.5,15.440994687,-1.423552897,,,260,Train,0,0.5,0.5,0.5,0,0.1
2,adult,Importance,w/ XAI,,,Sensitive-features categorization,3.0099187211919345,1,0.463744921,2,3,0.5,15.440994687,-1.423552897,,,260,Train,1,0.5,0.5,0.5,1,0.1
2,adult,Importance,w/ XAI,,,Sensitive-features categorization,3.0099187211919345,1,0.463744921,2,3,0.5,15.440994687,-1.423552897,,,119,Train,1,1.0,0.0,1.0,1,0.1
2,adult,Importance,w/ XAI,,,Sensitive-features categorization,3.0099187211919345,1,0.463744921,2,3,0.5,15.440994687,-1.423552897,,,119,Train,1,1.0,0.0,1.0,1,0.1
2,adult,Importance,w/ XAI,,,Sensitive-features categorization,3.0099187211919345,1,0.463744921,2,3,0.5,15.440994687,-1.423552897,,,289,Train,1,0.0,0.0,1.0,0,0.1
2,adult,Importance,w/ XAI,,,Sensitive-features categorization,3.0099187211919345,1,0.463744921,2,3,0.5,15.440994687,-1.423552897,,,289,Train,1,0.0,0.0,1.0,0,0.1
2,adult,Importance,w/ XAI,,,Sensitive-features categorization,3.0099187211919345,1,0.463744921,2,3,0.5,15.440994687,-1.423552897,,,168,Train,1,1.7404209016434634e-05,1.7404209016434634e-05,0.9999825957909836,0,0.1
2,adult,Importance,w/ XAI,,,Sensitive-features categorization,3.0099187211919345,1,0.463744921,2,3,0.5,15.440994687,-1.423552897,,,168,Train,1,1.7404239110570104e-05,1.7404239110570104e-05,0.9999825957608894,0,0.1
2,adult,Importance,w/ XAI,,,Sensitive-features categorization,3.0099187211919345,1,0.463744921,2,3,0.5,15.440994687,-1.423552897,,,14,Train,0,0.12475492722786571,0.12475492722786571,0.8752450727721343,1,0.1
2,adult,Importance,w/ XAI,,,Sensitive-features categorization,3.0099187211919345,1,0.463744921,2,3,0.5,15.440994687,-1.423552897,,,14,Train,1,0.1247550020394784,0.1247550020394784,0.8752449979605217,0,0.1
2,adult,Importance,w/ XAI,,,Sensitive-features categorization,3.0099187211919345,1,0.463744921,2,3,0.5,15.440994687,-1.423552897,,,215,Train,0,0.5889407041576615,0.41105929584233847,0.5889407041576615,0,0.1
2,adult,Importance,w/ XAI,,,Sensitive-features categorization,3.0099187211919345,1,0.463744921,2,3,0.5,15.440994687,-1.423552897,,,215,Train,0,0.5889406903323987,0.4110593096676013,0.5889406903323987,0,0.1
2,adult,Importance,w/ XAI,,,Sensitive-features categorization,3.0099187211919345,1,0.463744921,2,3,0.5,15.440994687,-1.423552897,,,17,Train,1,0.9471389707267769,0.05286102927322307,0.9471389707267769,1,0.1
2,adult,Importance,w/ XAI,,,Sensitive-features categorization,3.0099187211919345,1,0.463744921,2,3,0.5,15.440994687,-1.423552897,,,17,Train,1,0.9471389330752622,0.05286106692473783,0.9471389330752622,1,0.1
2,adult,Importance,w/ XAI,,,Sensitive-features categorization,3.0099187211919345,1,0.463744921,2,3,0.5,15.440994687,-1.423552897,,,213,Train,1,0.4786056250606307,0.4786056250606307,0.5213943749393694,0,0.1
2,adult,Importance,w/ XAI,,,Sensitive-features categorization,3.0099187211919345,1,0.463744921,2,3,0.5,15.440994687,-1.423552897,,,213,Train,0,0.47860562281140895,0.47860562281140895,0.521394377188591,1,0.1
2,adult,Importance,w/ XAI,,,Sensitive-features categorization,3.0099187211919345,1,0.463744921,2,3,0.5,15.440994687,-1.423552897,,,169,Train,1,0.9069516497292063,0.09304835027079361,0.9069516497292063,1,0.1
2,adult,Importance,w/ XAI,,,Sensitive-features categorization,3.0099187211919345,1,0.463744921,2,3,0.5,15.440994687,-1.423552897,,,169,Train,1,0.906951606511978,0.093048393488022,0.906951606511978,1,0.1
2,adult,Importance,w/ XAI,,,Sensitive-features categorization,3.0099187211919345,1,0.463744921,2,3,0.5,15.440994687,-1.423552897,,,141,Train,0,0.9999999999837527,0.9999999999837527,1.6247442561565585e-11,1,0.1
2,adult,Importance,w/ XAI,,,Sensitive-features categorization,3.0099187211919345,1,0.463744921,2,3,0.5,15.440994687,-1.423552897,,,141,Train,0,0.9999999999837523,0.9999999999837523,1.624768005081352e-11,1,0.1
2,adult,Importance,w/ XAI,,,Sensitive-features categorization,3.0099187211919345,1,0.463744921,2,3,0.5,15.440994687,-1.423552897,,,33,Test,0,0.9999999999999661,0.9999999999999661,3.3936914298824094e-14,1,0.1
2,adult,Importance,w/ XAI,,,Sensitive-features categorization,3.0099187211919345,1,0.463744921,2,3,0.5,15.440994687,-1.423552897,,,35,Test,0,0.9999999999999849,0.9999999999999849,1.5066311430999315e-14,1,0.1
2,adult,Importance,w/ XAI,,,Sensitive-features categorization,3.0099187211919345,1,0.463744921,2,3,0.5,15.440994687,-1.423552897,,,76,Test,0,1.481754079716439e-14,0.9999999999999852,1.481754079716439e-14,0,0.1
2,adult,Importance,w/ XAI,,,Sensitive-features categorization,3.0099187211919345,1,0.463744921,2,3,0.5,15.440994687,-1.423552897,,,84,Test,0,0.999999999999966,0.999999999999966,3.393334164129959e-14,1,0.1
2,adult,Importance,w/ XAI,,,Sensitive-features categorization,3.0099187211919345,1,0.463744921,2,3,0.5,15.440994687,-1.423552897,,,194,Test,0,0.39998040305126764,0.6000195969487323,0.39998040305126764,0,0.1
2,adult,Importance,w/ XAI,,,Sensitive-features categorization,3.0099187211919345,1,0.463744921,2,3,0.5,15.440994687,-1.423552897,,,125,Test,1,0.999999527124914,4.7287508598665457e-07,0.999999527124914,1,0.1
2,adult,Importance,w/ XAI,,,Sensitive-features categorization,3.0099187211919345,1,0.463744921,2,3,0.5,15.440994687,-1.423552897,,,135,Test,0,0.9999998661944516,0.9999998661944516,1.3380554841575755e-07,1,0.1
2,adult,Importance,w/ XAI,,,Sensitive-features categorization,3.0099187211919345,1,0.463744921,2,3,0.5,15.440994687,-1.423552897,,,75,Test,0,0.9999999627992601,0.9999999627992601,3.720074002095769e-08,1,0.1
2,adult,Importance,w/ XAI,,,Sensitive-features categorization,3.0099187211919345,1,0.463744921,2,3,0.5,15.440994687,-1.423552897,,,210,Test,1,0.57205338935752,0.57205338935752,0.4279466106424801,0,0.1
2,adult,Importance,w/ XAI,,,Sensitive-features categorization,3.0099187211919345,1,0.463744921,2,3,0.5,15.440994687,-1.423552897,,,261,Test,0,1.337503678305998e-07,0.9999998662496322,1.337503678305998e-07,0,0.1
2,adult,Importance,w/ XAI,,,Sensitive-features categorization,3.0099187211919345,1,0.463744921,2,3,0.5,15.440994687,-1.423552897,,,172,Test,1,0.9999996566852986,3.433147014855139e-07,0.9999996566852986,1,0.1
2,adult,Importance,w/ XAI,,,Sensitive-features categorization,3.0099187211919345,1,0.463744921,2,3,0.5,15.440994687,-1.423552897,,,235,Test,0,0.6343416677449479,0.6343416677449479,0.3656583322550521,1,0.1
2,adult,Importance,w/ XAI,,,Sensitive-features categorization,3.0099187211919345,1,0.463744921,2,3,0.5,15.440994687,-1.423552897,,,117,Test,0,0.4856004432177837,0.5143995567822163,0.4856004432177837,0,0.1
2,adult,Importance,w/ XAI,,,Sensitive-features categorization,3.0099187211919345,1,0.463744921,2,3,0.5,15.440994687,-1.423552897,,,2,Test,0,1.337504073222623e-07,0.9999998662495927,1.337504073222623e-07,0,0.1
2,adult,Importance,w/ XAI,,,Sensitive-features categorization,3.0099187211919345,1,0.463744921,2,3,0.5,15.440994687,-1.423552897,,,158,Test,1,0.9972181641168173,0.0027818358831827334,0.9972181641168173,1,0.1
2,adult,Importance,w/ XAI,,,Sensitive-features categorization,3.0099187211919345,1,0.463744921,2,3,0.5,15.440994687,-1.423552897,,,190,Test,0,0.69676666351623,0.69676666351623,0.30323333648377016,1,0.1
2,adult,Importance,w/ XAI,,,Sensitive-features categorization,3.0099187211919345,1,0.463744921,2,3,0.5,15.440994687,-1.423552897,,,95,Test,0,0.9999999999999659,0.9999999999999659,3.411884073850545e-14,1,0.1
2,adult,Importance,w/ XAI,,,Sensitive-features categorization,3.0099187211919345,1,0.463744921,2,3,0.5,15.440994687,-1.423552897,,,246,Test,1,0.9528011731169673,0.04719882688303273,0.9528011731169673,1,0.1
2,adult,Importance,w/ XAI,,,Sensitive-features categorization,3.0099187211919345,1,0.463744921,2,3,0.5,15.440994687,-1.423552897,,,255,Train,1,0.43194888466117093,0.5680511153388291,0.43194888466117093,1,0.1
2,adult,Importance,w/ XAI,,,Sensitive-features categorization,3.0099187211919345,1,0.463744921,2,3,0.5,15.440994687,-1.423552897,,,255,Train,0,0.4319485247124893,0.5680514752875107,0.4319485247124893,0,0.1
2,adult,Importance,w/ XAI,,,Sensitive-features categorization,3.0099187211919345,1,0.463744921,2,3,0.5,15.440994687,-1.423552897,,,45,Train,1,0.42886493312023327,0.42886493312023327,0.5711350668797668,0,0.1
2,adult,Importance,w/ XAI,,,Sensitive-features categorization,3.0099187211919345,1,0.463744921,2,3,0.5,15.440994687,-1.423552897,,,45,Train,1,0.42886514744827287,0.42886514744827287,0.5711348525517271,0,0.1
2,adult,Importance,w/ XAI,,,Sensitive-features categorization,3.0099187211919345,1,0.463744921,2,3,0.5,15.440994687,-1.423552897,,,139,Train,1,0.9988418490186517,0.0011581509813482953,0.9988418490186517,1,0.1
2,adult,Importance,w/ XAI,,,Sensitive-features categorization,3.0099187211919345,1,0.463744921,2,3,0.5,15.440994687,-1.423552897,,,139,Train,1,0.9988418485043601,0.0011581514956399345,0.9988418485043601,1,0.1
2,adult,Importance,w/ XAI,,,Sensitive-features categorization,3.0099187211919345,1,0.463744921,2,3,0.5,15.440994687,-1.423552897,,,263,Train,0,0.9999999999999857,0.9999999999999857,1.439773901611699e-14,1,0.1
2,adult,Importance,w/ XAI,,,Sensitive-features categorization,3.0099187211919345,1,0.463744921,2,3,0.5,15.440994687,-1.423552897,,,263,Train,0,0.9999999999999857,0.9999999999999857,1.4397735210756776e-14,1,0.1
2,adult,Importance,w/ XAI,,,Sensitive-features categorization,3.0099187211919345,1,0.463744921,2,3,0.5,15.440994687,-1.423552897,,,198,Train,1,0.4049998742059362,0.5950001257940639,0.4049998742059362,1,0.1
2,adult,Importance,w/ XAI,,,Sensitive-features categorization,3.0099187211919345,1,0.463744921,2,3,0.5,15.440994687,-1.423552897,,,198,Train,0,0.40500026915561477,0.5949997308443852,0.40500026915561477,0,0.1
2,adult,Importance,w/ XAI,,,Sensitive-features categorization,3.0099187211919345,1,0.463744921,2,3,0.5,15.440994687,-1.423552897,,,295,Train,0,0.29929341521243286,0.7007065847875672,0.29929341521243286,0,0.1
2,adult,Importance,w/ XAI,,,Sensitive-features categorization,3.0099187211919345,1,0.463744921,2,3,0.5,15.440994687,-1.423552897,,,295,Train,0,0.29929186248567385,0.7007081375143261,0.29929186248567385,0,0.1
2,adult,Importance,w/ XAI,,,Sensitive-features categorization,3.0099187211919345,1,0.463744921,2,3,0.5,15.440994687,-1.423552897,,,293,Train,1,0.9653795204363876,0.03462047956361234,0.9653795204363876,1,0.1
2,adult,Importance,w/ XAI,,,Sensitive-features categorization,3.0099187211919345,1,0.463744921,2,3,0.5,15.440994687,-1.423552897,,,293,Train,1,0.9653794762248736,0.03462052377512645,0.9653794762248736,1,0.1
2,adult,Importance,w/ XAI,,,Sensitive-features categorization,3.0099187211919345,1,0.463744921,2,3,0.5,15.440994687,-1.423552897,,,47,Train,0,0.9999998661950436,0.9999998661950436,1.338049564443786e-07,1,0.1
2,adult,Importance,w/ XAI,,,Sensitive-features categorization,3.0099187211919345,1,0.463744921,2,3,0.5,15.440994687,-1.423552897,,,47,Train,0,0.9999998661950436,0.9999998661950436,1.3380495643543465e-07,1,0.1
2,adult,Importance,w/ XAI,,,Sensitive-features categorization,3.0099187211919345,1,0.463744921,2,3,0.5,15.440994687,-1.423552897,,,187,Train,0,0.9999999999999647,0.9999999999999647,3.533895082851981e-14,1,0.1
2,adult,Importance,w/ XAI,,,Sensitive-features categorization,3.0099187211919345,1,0.463744921,2,3,0.5,15.440994687,-1.423552897,,,187,Train,0,0.9999999999999647,0.9999999999999647,3.5338934749659624e-14,1,0.1
2,adult,Importance,w/ XAI,,,Sensitive-features categorization,3.0099187211919345,1,0.463744921,2,3,0.5,15.440994687,-1.423552897,,,212,Train,0,0.9999999627773116,0.9999999627773116,3.7222688401500765e-08,1,0.1
2,adult,Importance,w/ XAI,,,Sensitive-features categorization,3.0099187211919345,1,0.463744921,2,3,0.5,15.440994687,-1.423552897,,,212,Train,0,0.9999999627773111,0.9999999627773111,3.722268897385855e-08,1,0.1
2,adult,Importance,w/ XAI,,,Sensitive-features categorization,3.0099187211919345,1,0.463744921,2,3,0.5,15.440994687,-1.423552897,,,78,Test,0,0.5638409474455692,0.5638409474455692,0.4361590525544308,1,0.1
2,adult,Importance,w/ XAI,,,Sensitive-features categorization,3.0099187211919345,1,0.463744921,2,3,0.5,15.440994687,-1.423552897,,,66,Test,1,0.9817393301016493,0.018260669898350637,0.9817393301016493,1,0.1
2,adult,Importance,w/ XAI,,,Sensitive-features categorization,3.0099187211919345,1,0.463744921,2,3,0.5,15.440994687,-1.423552897,,,3,Test,0,0.6020190184107829,0.39798098158921713,0.6020190184107829,0,0.1
2,adult,Importance,w/ XAI,,,Sensitive-features categorization,3.0099187211919345,1,0.463744921,2,3,0.5,15.440994687,-1.423552897,,,281,Test,1,0.04562469027839909,0.04562469027839909,0.9543753097216009,0,0.1
2,adult,Importance,w/ XAI,,,Sensitive-features categorization,3.0099187211919345,1,0.463744921,2,3,0.5,15.440994687,-1.423552897,,,207,Test,0,0.9999999999999898,0.9999999999999898,1.0231634335051577e-14,1,0.1
2,adult,Importance,w/ XAI,,,Sensitive-features categorization,3.0099187211919345,1,0.463744921,2,3,0.5,15.440994687,-1.423552897,,,184,Test,0,0.9999999999999973,0.9999999999999973,2.6256629753828654e-15,1,0.1
2,adult,Importance,w/ XAI,,,Sensitive-features categorization,3.0099187211919345,1,0.463744921,2,3,0.5,15.440994687,-1.423552897,,,101,Test,0,0.9999999999999907,0.9999999999999907,9.333157786662726e-15,1,0.1
2,adult,Importance,w/ XAI,,,Sensitive-features categorization,3.0099187211919345,1,0.463744921,2,3,0.5,15.440994687,-1.423552897,,,29,Test,0,0.15821012841249155,0.15821012841249155,0.8417898715875084,1,0.1
2,adult,Importance,w/ XAI,,,Sensitive-features categorization,3.0099187211919345,1,0.463744921,2,3,0.5,15.440994687,-1.423552897,,,121,Test,0,1.33077219872205e-07,0.9999998669227801,1.33077219872205e-07,0,0.1
2,adult,Importance,w/ XAI,,,Sensitive-features categorization,3.0099187211919345,1,0.463744921,2,3,0.5,15.440994687,-1.423552897,,,232,Test,0,2.428793847848492e-08,0.9999999757120616,2.428793847848492e-08,0,0.1
2,adult,Importance,w/ XAI,,,Sensitive-features categorization,3.0099187211919345,1,0.463744921,2,3,0.5,15.440994687,-1.423552897,,,97,Test,0,1.3314475400183129e-07,0.999999866855246,1.3314475400183129e-07,0,0.1
2,adult,Importance,w/ XAI,,,Sensitive-features categorization,3.0099187211919345,1,0.463744921,2,3,0.5,15.440994687,-1.423552897,,,114,Test,0,0.9999999999999976,0.9999999999999976,2.4966772544935267e-15,1,0.1
2,adult,Importance,w/ XAI,,,Sensitive-features categorization,3.0099187211919345,1,0.463744921,2,3,0.5,15.440994687,-1.423552897,,,282,Test,0,0.9999999999999974,0.9999999999999974,2.5081674265614255e-15,1,0.1
2,adult,Importance,w/ XAI,,,Sensitive-features categorization,3.0099187211919345,1,0.463744921,2,3,0.5,15.440994687,-1.423552897,,,26,Test,1,0.5335552241925743,0.4664447758074258,0.5335552241925743,1,0.1
2,adult,Importance,w/ XAI,,,Sensitive-features categorization,3.0099187211919345,1,0.463744921,2,3,0.5,15.440994687,-1.423552897,,,150,Test,0,0.99999999999999,0.99999999999999,1.005070416707006e-14,1,0.1
2,adult,Importance,w/ XAI,,,Sensitive-features categorization,3.0099187211919345,1,0.463744921,2,3,0.5,15.440994687,-1.423552897,,,267,Test,0,3.240831988902712e-08,0.9999999675916802,3.240831988902712e-08,0,0.1
2,adult,Importance,w/ XAI,,,Sensitive-features categorization,3.0099187211919345,1,0.463744921,2,3,0.5,15.440994687,-1.423552897,,,19,Test,1,0.940065160582584,0.05993483941741598,0.940065160582584,1,0.1
2,adult,Importance,w/ XAI,,,Sensitive-features categorization,3.0099187211919345,1,0.463744921,2,3,0.5,15.440994687,-1.423552897,,,23,Test,1,0.9896091121787283,0.010390887821271715,0.9896091121787283,1,0.1
3,adult,Importance,w/ XAI,,,Sensitive-features categorization,4.70482556099262,2,0.4019544326,2,3,0.5,85.585152824,-2.322480243,,,289,Train,1,0.5,0.5,0.5,0,0.1
3,adult,Importance,w/ XAI,,,Sensitive-features categorization,4.70482556099262,2,0.4019544326,2,3,0.5,85.585152824,-2.322480243,,,289,Train,0,0.5,0.5,0.5,1,0.1
3,adult,Importance,w/ XAI,,,Sensitive-features categorization,4.70482556099262,2,0.4019544326,2,3,0.5,85.585152824,-2.322480243,,,260,Train,0,0.0,1.0,0.0,0,0.1
3,adult,Importance,w/ XAI,,,Sensitive-features categorization,4.70482556099262,2,0.4019544326,2,3,0.5,85.585152824,-2.322480243,,,260,Train,0,0.0,1.0,0.0,0,0.1
3,adult,Importance,w/ XAI,,,Sensitive-features categorization,4.70482556099262,2,0.4019544326,2,3,0.5,85.585152824,-2.322480243,,,141,Train,1,2.5697912964852985e-08,2.5697912964852985e-08,0.999999974302087,0,0.1
3,adult,Importance,w/ XAI,,,Sensitive-features categorization,4.70482556099262,2,0.4019544326,2,3,0.5,85.585152824,-2.322480243,,,141,Train,1,2.569793041702107e-08,2.569793041702107e-08,0.9999999743020695,0,0.1
3,adult,Importance,w/ XAI,,,Sensitive-features categorization,4.70482556099262,2,0.4019544326,2,3,0.5,85.585152824,-2.322480243,,,119,Train,0,7.93887574113216e-16,0.9999999999999992,7.93887574113216e-16,0,0.1
3,adult,Importance,w/ XAI,,,Sensitive-features categorization,4.70482556099262,2,0.4019544326,2,3,0.5,85.585152824,-2.322480243,,,119,Train,0,7.938887490183204e-16,0.9999999999999992,7.938887490183204e-16,0,0.1
3,adult,Importance,w/ XAI,,,Sensitive-features categorization,4.70482556099262,2,0.4019544326,2,3,0.5,85.585152824,-2.322480243,,,14,Train,0,1.0,1.0,7.792476157041669e-72,1,0.1
3,adult,Importance,w/ XAI,,,Sensitive-features categorization,4.70482556099262,2,0.4019544326,2,3,0.5,85.585152824,-2.322480243,,,14,Train,0,1.0,1.0,7.792567797887604e-72,1,0.1
3,adult,Importance,w/ XAI,,,Sensitive-features categorization,4.70482556099262,2,0.4019544326,2,3,0.5,85.585152824,-2.322480243,,,213,Train,0,0.49993614947867,0.49993614947867,0.50006385052133,1,0.1
3,adult,Importance,w/ XAI,,,Sensitive-features categorization,4.70482556099262,2,0.4019544326,2,3,0.5,85.585152824,-2.322480243,,,213,Train,0,0.4999361628933892,0.4999361628933892,0.5000638371066108,1,0.1
3,adult,Importance,w/ XAI,,,Sensitive-features categorization,4.70482556099262,2,0.4019544326,2,3,0.5,85.585152824,-2.322480243,,,17,Train,0,0.5001375262111436,0.49986247378885645,0.5001375262111436,0,0.1
3,adult,Importance,w/ XAI,,,Sensitive-features categorization,4.70482556099262,2,0.4019544326,2,3,0.5,85.585152824,-2.322480243,,,17,Train,1,0.5001375069450369,0.49986249305496316,0.5001375069450369,1,0.1
3,adult,Importance,w/ XAI,,,Sensitive-features categorization,4.70482556099262,2,0.4019544326,2,3,0.5,85.585152824,-2.322480243,,,168,Train,1,0.33314801490624263,0.33314801490624263,0.6668519850937573,0,0.1
3,adult,Importance,w/ XAI,,,Sensitive-features categorization,4.70482556099262,2,0.4019544326,2,3,0.5,85.585152824,-2.322480243,,,168,Train,1,0.3331480456804293,0.3331480456804293,0.6668519543195707,0,0.1
3,adult,Importance,w/ XAI,,,Sensitive-features categorization,4.70482556099262,2,0.4019544326,2,3,0.5,85.585152824,-2.322480243,,,169,Train,1,0.9998529383687982,0.0001470616312018243,0.9998529383687982,1,0.1
3,adult,Importance,w/ XAI,,,Sensitive-features categorization,4.70482556099262,2,0.4019544326,2,3,0.5,85.585152824,-2.322480243,,,169,Train,1,0.9998529382994229,0.00014706170057713545,0.9998529382994229,1,0.1
3,adult,Importance,w/ XAI,,,Sensitive-features categorization,4.70482556099262,2,0.4019544326,2,3,0.5,85.585152824,-2.322480243,,,215,Train,0,0.40011379838581884,0.5998862016141812,0.40011379838581884,0,0.1
3,adult,Importance,w/ XAI,,,Sensitive-features categorization,4.70482556099262,2,0.4019544326,2,3,0.5,85.585152824,-2.322480243,,,215,Train,1,0.40011378872300934,0.5998862112769907,0.40011378872300934,1,0.1
3,adult,Importance,w/ XAI,,,Sensitive-features categorization,4.70482556099262,2,0.4019544326,2,3,0.5,85.585152824,-2.322480243,,,75,Test,0,1.0,1.0,9.355375178967956e-75,1,0.1
3,adult,Importance,w/ XAI,,,Sensitive-features categorization,4.70482556099262,2,0.4019544326,2,3,0.5,85.585152824,-2.322480243,,,76,Test,0,5.2129425289644444e-67,1.0,5.2129425289644444e-67,0,0.1
3,adult,Importance,w/ XAI,,,Sensitive-features categorization,4.70482556099262,2,0.4019544326,2,3,0.5,85.585152824,-2.322480243,,,246,Test,1,1.0,1.3078386600102546e-17,1.0,1,0.1
3,adult,Importance,w/ XAI,,,Sensitive-features categorization,4.70482556099262,2,0.4019544326,2,3,0.5,85.585152824,-2.322480243,,,135,Test,0,1.0,1.0,1.3260467675370915e-67,1,0.1
3,adult,Importance,w/ XAI,,,Sensitive-features categorization,4.70482556099262,2,0.4019544326,2,3,0.5,85.585152824,-2.322480243,,,84,Test,0,1.0,1.0,3.5142705400021924e-67,1,0.1
3,adult,Importance,w/ XAI,,,Sensitive-features categorization,4.70482556099262,2,0.4019544326,2,3,0.5,85.585152824,-2.322480243,,,2,Test,0,4.547598489050735e-59,1.0,4.547598489050735e-59,0,0.1
3,adult,Importance,w/ XAI,,,Sensitive-features categorization,4.70482556099262,2,0.4019544326,2,3,0.5,85.585152824,-2.322480243,,,235,Test,1,0.40012810419585587,0.40012810419585587,0.5998718958041441,0,0.1
3,adult,Importance,w/ XAI,,,Sensitive-features categorization,4.70482556099262,2,0.4019544326,2,3,0.5,85.585152824,-2.322480243,,,125,Test,1,0.9999999946040845,5.3959155529671816e-09,0.9999999946040845,1,0.1
3,adult,Importance,w/ XAI,,,Sensitive-features categorization,4.70482556099262,2,0.4019544326,2,3,0.5,85.585152824,-2.322480243,,,190,Test,1,0.4999598377108923,0.4999598377108923,0.5000401622891077,0,0.1
3,adult,Importance,w/ XAI,,,Sensitive-features categorization,4.70482556099262,2,0.4019544326,2,3,0.5,85.585152824,-2.322480243,,,194,Test,1,0.999889528165928,0.00011047183407200387,0.999889528165928,1,0.1
3,adult,Importance,w/ XAI,,,Sensitive-features categorization,4.70482556099262,2,0.4019544326,2,3,0.5,85.585152824,-2.322480243,,,117,Test,0,0.5000327874960927,0.49996721250390735,0.5000327874960927,0,0.1
3,adult,Importance,w/ XAI,,,Sensitive-features categorization,4.70482556099262,2,0.4019544326,2,3,0.5,85.585152824,-2.322480243,,,210,Test,1,0.40020869792013714,0.40020869792013714,0.599791302079863,0,0.1
3,adult,Importance,w/ XAI,,,Sensitive-features categorization,4.70482556099262,2,0.4019544326,2,3,0.5,85.585152824,-2.322480243,,,261,Test,0,4.54759848905582e-59,1.0,4.54759848905582e-59,0,0.1
3,adult,Importance,w/ XAI,,,Sensitive-features categorization,4.70482556099262,2,0.4019544326,2,3,0.5,85.585152824,-2.322480243,,,95,Test,0,1.0,1.0,3.5142705400021924e-67,1,0.1
3,adult,Importance,w/ XAI,,,Sensitive-features categorization,4.70482556099262,2,0.4019544326,2,3,0.5,85.585152824,-2.322480243,,,172,Test,1,0.999999994603724,5.396275936959416e-09,0.999999994603724,1,0.1
3,adult,Importance,w/ XAI,,,Sensitive-features categorization,4.70482556099262,2,0.4019544326,2,3,0.5,85.585152824,-2.322480243,,,33,Test,0,1.0,1.0,3.5142705400021924e-67,1,0.1
3,adult,Importance,w/ XAI,,,Sensitive-features categorization,4.70482556099262,2,0.4019544326,2,3,0.5,85.585152824,-2.322480243,,,158,Test,1,0.9999999946037241,5.396275925278809e-09,0.9999999946037241,1,0.1
3,adult,Importance,w/ XAI,,,Sensitive-features categorization,4.70482556099262,2,0.4019544326,2,3,0.5,85.585152824,-2.322480243,,,35,Test,0,1.0,1.0,1.0430258336698844e-87,1,0.1
3,adult,Importance,w/ XAI,,,Sensitive-features categorization,4.70482556099262,2,0.4019544326,2,3,0.5,85.585152824,-2.322480243,,,139,Train,1,0.9999999946040844,5.395915632758737e-09,0.9999999946040844,1,0.1
3,adult,Importance,w/ XAI,,,Sensitive-features categorization,4.70482556099262,2,0.4019544326,2,3,0.5,85.585152824,-2.322480243,,,139,Train,1,0.9999999946040844,5.395915632758662e-09,0.9999999946040844,1,0.1
3,adult,Importance,w/ XAI,,,Sensitive-features categorization,4.70482556099262,2,0.4019544326,2,3,0.5,85.585152824,-2.322480243,,,198,Train,1,0.9999999946037241,5.3962759207170456e-09,0.9999999946037241,1,0.1
3,adult,Importance,w/ XAI,,,Sensitive-features categorization,4.70482556099262,2,0.4019544326,2,3,0.5,85.585152824,-2.322480243,,,198,Train,1,0.9999999946037241,5.396275920717046e-09,0.9999999946037241,1,0.1
3,adult,Importance,w/ XAI,,,Sensitive-features categorization,4.70482556099262,2,0.4019544326,2,3,0.5,85.585152824,-2.322480243,,,212,Train,0,1.0,1.0,9.355375178967956e-75,1,0.1
3,adult,Importance,w/ XAI,,,Sensitive-features categorization,4.70482556099262,2,0.4019544326,2,3,0.5,85.585152824,-2.322480243,,,212,Train,0,1.0,1.0,9.355375178967958e-75,1,0.1
3,adult,Importance,w/ XAI,,,Sensitive-features categorization,4.70482556099262,2,0.4019544326,2,3,0.5,85.585152824,-2.322480243,,,293,Train,1,0.5125865147625964,0.4874134852374036,0.5125865147625964,1,0.1
3,adult,Importance,w/ XAI,,,Sensitive-features categorization,4.70482556099262,2,0.4019544326,2,3,0.5,85.585152824,-2.322480243,,,293,Train,1,0.5125865789827824,0.48741342101721763,0.5125865789827824,1,0.1
3,adult,Importance,w/ XAI,,,Sensitive-features categorization,4.70482556099262,2,0.4019544326,2,3,0.5,85.585152824,-2.322480243,,,47,Train,0,1.0,1.0,4.547598489048965e-59,1,0.1
3,adult,Importance,w/ XAI,,,Sensitive-features categorization,4.70482556099262,2,0.4019544326,2,3,0.5,85.585152824,-2.322480243,,,47,Train,0,1.0,1.0,4.547598489048964e-59,1,0.1
3,adult,Importance,w/ XAI,,,Sensitive-features categorization,4.70482556099262,2,0.4019544326,2,3,0.5,85.585152824,-2.322480243,,,187,Train,0,1.0,1.0,3.5142705400021924e-67,1,0.1
3,adult,Importance,w/ XAI,,,Sensitive-features categorization,4.70482556099262,2,0.4019544326,2,3,0.5,85.585152824,-2.322480243,,,187,Train,0,1.0,1.0,3.5142705400021924e-67,1,0.1
3,adult,Importance,w/ XAI,,,Sensitive-features categorization,4.70482556099262,2,0.4019544326,2,3,0.5,85.585152824,-2.322480243,,,263,Train,0,1.0,1.0,1.4607552227554394e-83,1,0.1
3,adult,Importance,w/ XAI,,,Sensitive-features categorization,4.70482556099262,2,0.4019544326,2,3,0.5,85.585152824,-2.322480243,,,263,Train,0,1.0,1.0,1.4607534901457308e-83,1,0.1
3,adult,Importance,w/ XAI,,,Sensitive-features categorization,4.70482556099262,2,0.4019544326,2,3,0.5,85.585152824,-2.322480243,,,295,Train,1,0.9999999956863256,4.313674483651381e-09,0.9999999956863256,1,0.1
3,adult,Importance,w/ XAI,,,Sensitive-features categorization,4.70482556099262,2,0.4019544326,2,3,0.5,85.585152824,-2.322480243,,,295,Train,1,0.999999995686323,4.3136769898602035e-09,0.999999995686323,1,0.1
3,adult,Importance,w/ XAI,,,Sensitive-features categorization,4.70482556099262,2,0.4019544326,2,3,0.5,85.585152824,-2.322480243,,,45,Train,1,0.40694617623306395,0.40694617623306395,0.5930538237669362,0,0.1
3,adult,Importance,w/ XAI,,,Sensitive-features categorization,4.70482556099262,2,0.4019544326,2,3,0.5,85.585152824,-2.322480243,,,45,Train,0,0.40694642614726834,0.40694642614726834,0.5930535738527317,1,0.1
3,adult,Importance,w/ XAI,,,Sensitive-features categorization,4.70482556099262,2,0.4019544326,2,3,0.5,85.585152824,-2.322480243,,,255,Train,1,0.48843829132113453,0.5115617086788655,0.48843829132113453,1,0.1
3,adult,Importance,w/ XAI,,,Sensitive-features categorization,4.70482556099262,2,0.4019544326,2,3,0.5,85.585152824,-2.322480243,,,255,Train,0,0.4884385186172894,0.5115614813827106,0.4884385186172894,0,0.1
3,adult,Importance,w/ XAI,,,Sensitive-features categorization,4.70482556099262,2,0.4019544326,2,3,0.5,85.585152824,-2.322480243,,,150,Test,0,1.0,1.0,7.246930701153522e-84,1,0.1
3,adult,Importance,w/ XAI,,,Sensitive-features categorization,4.70482556099262,2,0.4019544326,2,3,0.5,85.585152824,-2.322480243,,,101,Test,0,1.0,1.0,2.755438126633513e-75,1,0.1
3,adult,Importance,w/ XAI,,,Sensitive-features categorization,4.70482556099262,2,0.4019544326,2,3,0.5,85.585152824,-2.322480243,,,97,Test,0,3.75664177522889e-67,1.0,3.75664177522889e-67,0,0.1
3,adult,Importance,w/ XAI,,,Sensitive-features categorization,4.70482556099262,2,0.4019544326,2,3,0.5,85.585152824,-2.322480243,,,121,Test,0,1.3264050556020547e-67,1.0,1.3264050556020547e-67,0,0.1
3,adult,Importance,w/ XAI,,,Sensitive-features categorization,4.70482556099262,2,0.4019544326,2,3,0.5,85.585152824,-2.322480243,,,78,Test,1,0.3961089028065405,0.3961089028065405,0.6038910971934596,0,0.1
3,adult,Importance,w/ XAI,,,Sensitive-features categorization,4.70482556099262,2,0.4019544326,2,3,0.5,85.585152824,-2.322480243,,,207,Test,0,1.0,1.0,1.72995171701568e-67,1,0.1
3,adult,Importance,w/ XAI,,,Sensitive-features categorization,4.70482556099262,2,0.4019544326,2,3,0.5,85.585152824,-2.322480243,,,29,Test,1,0.3771834546617251,0.3771834546617251,0.6228165453382749,0,0.1
3,adult,Importance,w/ XAI,,,Sensitive-features categorization,4.70482556099262,2,0.4019544326,2,3,0.5,85.585152824,-2.322480243,,,23,Test,0,0.6451434327917533,0.3548565672082467,0.6451434327917533,0,0.1
3,adult,Importance,w/ XAI,,,Sensitive-features categorization,4.70482556099262,2,0.4019544326,2,3,0.5,85.585152824,-2.322480243,,,19,Test,1,0.9999999967687997,3.2312003488041986e-09,0.9999999967687997,1,0.1
3,adult,Importance,w/ XAI,,,Sensitive-features categorization,4.70482556099262,2,0.4019544326,2,3,0.5,85.585152824,-2.322480243,,,281,Test,0,0.6996100945574443,0.6996100945574443,0.3003899054425558,1,0.1
3,adult,Importance,w/ XAI,,,Sensitive-features categorization,4.70482556099262,2,0.4019544326,2,3,0.5,85.585152824,-2.322480243,,,66,Test,1,0.9999999973073964,2.6926035843988896e-09,0.9999999973073964,1,0.1
3,adult,Importance,w/ XAI,,,Sensitive-features categorization,4.70482556099262,2,0.4019544326,2,3,0.5,85.585152824,-2.322480243,,,232,Test,0,9.355375178965024e-75,1.0,9.355375178965024e-75,0,0.1
3,adult,Importance,w/ XAI,,,Sensitive-features categorization,4.70482556099262,2,0.4019544326,2,3,0.5,85.585152824,-2.322480243,,,267,Test,0,9.355375178965024e-75,1.0,9.355375178965024e-75,0,0.1
3,adult,Importance,w/ XAI,,,Sensitive-features categorization,4.70482556099262,2,0.4019544326,2,3,0.5,85.585152824,-2.322480243,,,114,Test,0,1.0,1.0,4.22937285535719e-72,1,0.1
3,adult,Importance,w/ XAI,,,Sensitive-features categorization,4.70482556099262,2,0.4019544326,2,3,0.5,85.585152824,-2.322480243,,,184,Test,0,1.0,1.0,7.500967390264672e-81,1,0.1
3,adult,Importance,w/ XAI,,,Sensitive-features categorization,4.70482556099262,2,0.4019544326,2,3,0.5,85.585152824,-2.322480243,,,282,Test,0,1.0,1.0,1.0830400827227116e-87,1,0.1
3,adult,Importance,w/ XAI,,,Sensitive-features categorization,4.70482556099262,2,0.4019544326,2,3,0.5,85.585152824,-2.322480243,,,3,Test,1,0.9999999978445303,2.155469689304015e-09,0.9999999978445303,1,0.1
3,adult,Importance,w/ XAI,,,Sensitive-features categorization,4.70482556099262,2,0.4019544326,2,3,0.5,85.585152824,-2.322480243,,,26,Test,1,0.9999999986477554,1.352244700312149e-09,0.9999999986477554,1,0.1
3,adult,Importance,w/ XAI,,,Attribution Sum,0.8124397360605876,214,0.6254593966,1,1,0.5,,-3.841924381,1.0967943869,importance,289,Train,1,0.5,0.5,0.5,0,0.05
3,adult,Importance,w/ XAI,,,Attribution Sum,0.8124397360605876,214,0.6254593966,1,1,0.5,,-3.841924381,1.0967943869,importance,289,Train,1,0.2614864782598164,0.2614864782598164,0.7385135217401836,0,0.05
3,adult,Importance,w/ XAI,,,Attribution Sum,0.8124397360605876,214,0.6254593966,1,1,0.5,,-3.841924381,1.0967943869,importance,260,Train,1,0.5,0.5,0.5,1,0.05
3,adult,Importance,w/ XAI,,,Attribution Sum,0.8124397360605876,214,0.6254593966,1,1,0.5,,-3.841924381,1.0967943869,importance,260,Train,1,0.6502819833594741,0.34971801664052593,0.6502819833594741,1,0.05
3,adult,Importance,w/ XAI,,,Attribution Sum,0.8124397360605876,214,0.6254593966,1,1,0.5,,-3.841924381,1.0967943869,importance,141,Train,1,0.5,0.5,0.5,0,0.05
3,adult,Importance,w/ XAI,,,Attribution Sum,0.8124397360605876,214,0.6254593966,1,1,0.5,,-3.841924381,1.0967943869,importance,141,Train,1,0.24294733577139593,0.24294733577139593,0.7570526642286041,0,0.05
3,adult,Importance,w/ XAI,,,Attribution Sum,0.8124397360605876,214,0.6254593966,1,1,0.5,,-3.841924381,1.0967943869,importance,119,Train,1,0.5,0.5,0.5,1,0.05
3,adult,Importance,w/ XAI,,,Attribution Sum,0.8124397360605876,214,0.6254593966,1,1,0.5,,-3.841924381,1.0967943869,importance,119,Train,1,0.6471729256356279,0.3528270743643721,0.6471729256356279,1,0.05
3,adult,Importance,w/ XAI,,,Attribution Sum,0.8124397360605876,214,0.6254593966,1,1,0.5,,-3.841924381,1.0967943869,importance,14,Train,0,0.5,0.5,0.5,1,0.05
3,adult,Importance,w/ XAI,,,Attribution Sum,0.8124397360605876,214,0.6254593966,1,1,0.5,,-3.841924381,1.0967943869,importance,14,Train,1,0.2626841873753859,0.2626841873753859,0.7373158126246141,0,0.05
3,adult,Importance,w/ XAI,,,Attribution Sum,0.8124397360605876,214,0.6254593966,1,1,0.5,,-3.841924381,1.0967943869,importance,213,Train,0,0.5,0.5,0.5,1,0.05
3,adult,Importance,w/ XAI,,,Attribution Sum,0.8124397360605876,214,0.6254593966,1,1,0.5,,-3.841924381,1.0967943869,importance,213,Train,0,0.2581769645783175,0.2581769645783175,0.7418230354216825,1,0.05
3,adult,Importance,w/ XAI,,,Attribution Sum,0.8124397360605876,214,0.6254593966,1,1,0.5,,-3.841924381,1.0967943869,importance,17,Train,0,0.5,0.5,0.5,0,0.05
3,adult,Importance,w/ XAI,,,Attribution Sum,0.8124397360605876,214,0.6254593966,1,1,0.5,,-3.841924381,1.0967943869,importance,17,Train,1,0.6470133674014762,0.3529866325985238,0.6470133674014762,1,0.05
3,adult,Importance,w/ XAI,,,Attribution Sum,0.8124397360605876,214,0.6254593966,1,1,0.5,,-3.841924381,1.0967943869,importance,168,Train,1,0.5,0.5,0.5,0,0.05
3,adult,Importance,w/ XAI,,,Attribution Sum,0.8124397360605876,214,0.6254593966,1,1,0.5,,-3.841924381,1.0967943869,importance,168,Train,1,0.24787095127120795,0.24787095127120795,0.752129048728792,0,0.05
3,adult,Importance,w/ XAI,,,Attribution Sum,0.8124397360605876,214,0.6254593966,1,1,0.5,,-3.841924381,1.0967943869,importance,169,Train,0,0.5,0.5,0.5,0,0.05
3,adult,Importance,w/ XAI,,,Attribution Sum,0.8124397360605876,214,0.6254593966,1,1,0.5,,-3.841924381,1.0967943869,importance,169,Train,1,0.7324575671058189,0.2675424328941811,0.7324575671058189,1,0.05
3,adult,Importance,w/ XAI,,,Attribution Sum,0.8124397360605876,214,0.6254593966,1,1,0.5,,-3.841924381,1.0967943869,importance,215,Train,0,0.5,0.5,0.5,0,0.05
3,adult,Importance,w/ XAI,,,Attribution Sum,0.8124397360605876,214,0.6254593966,1,1,0.5,,-3.841924381,1.0967943869,importance,215,Train,1,0.6628014533848035,0.33719854661519655,0.6628014533848035,1,0.05
3,adult,Importance,w/ XAI,,,Attribution Sum,0.8124397360605876,214,0.6254593966,1,1,0.5,,-3.841924381,1.0967943869,importance,75,Test,1,0.2520467413146892,0.2520467413146892,0.7479532586853108,0,0.05
3,adult,Importance,w/ XAI,,,Attribution Sum,0.8124397360605876,214,0.6254593966,1,1,0.5,,-3.841924381,1.0967943869,importance,76,Test,1,0.6549050365373249,0.3450949634626751,0.6549050365373249,1,0.05
3,adult,Importance,w/ XAI,,,Attribution Sum,0.8124397360605876,214,0.6254593966,1,1,0.5,,-3.841924381,1.0967943869,importance,246,Test,1,0.7324326334157222,0.2675673665842778,0.7324326334157222,1,0.05
3,adult,Importance,w/ XAI,,,Attribution Sum,0.8124397360605876,214,0.6254593966,1,1,0.5,,-3.841924381,1.0967943869,importance,135,Test,1,0.3792798561579618,0.3792798561579618,0.6207201438420382,0,0.05
3,adult,Importance,w/ XAI,,,Attribution Sum,0.8124397360605876,214,0.6254593966,1,1,0.5,,-3.841924381,1.0967943869,importance,84,Test,1,0.3806347221488967,0.3806347221488967,0.6193652778511033,0,0.05
3,adult,Importance,w/ XAI,,,Attribution Sum,0.8124397360605876,214,0.6254593966,1,1,0.5,,-3.841924381,1.0967943869,importance,2,Test,1,0.7339851096404043,0.2660148903595957,0.7339851096404043,1,0.05
3,adult,Importance,w/ XAI,,,Attribution Sum,0.8124397360605876,214,0.6254593966,1,1,0.5,,-3.841924381,1.0967943869,importance,235,Test,1,0.2630372207993559,0.2630372207993559,0.7369627792006441,0,0.05
3,adult,Importance,w/ XAI,,,Attribution Sum,0.8124397360605876,214,0.6254593966,1,1,0.5,,-3.841924381,1.0967943869,importance,125,Test,1,0.7287648409705564,0.2712351590294436,0.7287648409705564,1,0.05
3,adult,Importance,w/ XAI,,,Attribution Sum,0.8124397360605876,214,0.6254593966,1,1,0.5,,-3.841924381,1.0967943869,importance,190,Test,1,0.2538899926267325,0.2538899926267325,0.7461100073732675,0,0.05
3,adult,Importance,w/ XAI,,,Attribution Sum,0.8124397360605876,214,0.6254593966,1,1,0.5,,-3.841924381,1.0967943869,importance,194,Test,0,0.653668648707752,0.346331351292248,0.653668648707752,0,0.05
3,adult,Importance,w/ XAI,,,Attribution Sum,0.8124397360605876,214,0.6254593966,1,1,0.5,,-3.841924381,1.0967943869,importance,117,Test,1,0.7413596566375281,0.2586403433624719,0.7413596566375281,1,0.05
3,adult,Importance,w/ XAI,,,Attribution Sum,0.8124397360605876,214,0.6254593966,1,1,0.5,,-3.841924381,1.0967943869,importance,210,Test,1,0.2598948748123744,0.2598948748123744,0.7401051251876256,0,0.05
3,adult,Importance,w/ XAI,,,Attribution Sum,0.8124397360605876,214,0.6254593966,1,1,0.5,,-3.841924381,1.0967943869,importance,261,Test,1,0.657532878427588,0.342467121572412,0.657532878427588,1,0.05
3,adult,Importance,w/ XAI,,,Attribution Sum,0.8124397360605876,214,0.6254593966,1,1,0.5,,-3.841924381,1.0967943869,importance,95,Test,1,0.25708601456209024,0.25708601456209024,0.7429139854379098,0,0.05
3,adult,Importance,w/ XAI,,,Attribution Sum,0.8124397360605876,214,0.6254593966,1,1,0.5,,-3.841924381,1.0967943869,importance,172,Test,0,0.733729557728578,0.26627044227142205,0.733729557728578,0,0.05
3,adult,Importance,w/ XAI,,,Attribution Sum,0.8124397360605876,214,0.6254593966,1,1,0.5,,-3.841924381,1.0967943869,importance,33,Test,0,0.2508710340217982,0.2508710340217982,0.7491289659782018,1,0.05
3,adult,Importance,w/ XAI,,,Attribution Sum,0.8124397360605876,214,0.6254593966,1,1,0.5,,-3.841924381,1.0967943869,importance,158,Test,0,0.6583385835953642,0.34166141640463576,0.6583385835953642,0,0.05
3,adult,Importance,w/ XAI,,,Attribution Sum,0.8124397360605876,214,0.6254593966,1,1,0.5,,-3.841924381,1.0967943869,importance,35,Test,1,0.25653330684263465,0.25653330684263465,0.7434666931573654,0,0.05
3,adult,Importance,w/ XAI,,,Attribution Sum,0.8124397360605876,214,0.6254593966,1,1,0.5,,-3.841924381,1.0967943869,importance,139,Train,0,0.5,0.5,0.5,0,0.05
3,adult,Importance,w/ XAI,,,Attribution Sum,0.8124397360605876,214,0.6254593966,1,1,0.5,,-3.841924381,1.0967943869,importance,139,Train,0,0.7256490724536867,0.2743509275463133,0.7256490724536867,0,0.05
3,adult,Importance,w/ XAI,,,Attribution Sum,0.8124397360605876,214,0.6254593966,1,1,0.5,,-3.841924381,1.0967943869,importance,198,Train,0,0.5,0.5,0.5,0,0.05
3,adult,Importance,w/ XAI,,,Attribution Sum,0.8124397360605876,214,0.6254593966,1,1,0.5,,-3.841924381,1.0967943869,importance,198,Train,1,0.6615406098713192,0.33845939012868076,0.6615406098713192,1,0.05
3,adult,Importance,w/ XAI,,,Attribution Sum,0.8124397360605876,214,0.6254593966,1,1,0.5,,-3.841924381,1.0967943869,importance,212,Train,1,0.5,0.5,0.5,0,0.05
3,adult,Importance,w/ XAI,,,Attribution Sum,0.8124397360605876,214,0.6254593966,1,1,0.5,,-3.841924381,1.0967943869,importance,212,Train,0,0.2524886616170925,0.2524886616170925,0.7475113383829075,1,0.05
3,adult,Importance,w/ XAI,,,Attribution Sum,0.8124397360605876,214,0.6254593966,1,1,0.5,,-3.841924381,1.0967943869,importance,293,Train,1,0.5,0.5,0.5,1,0.05
3,adult,Importance,w/ XAI,,,Attribution Sum,0.8124397360605876,214,0.6254593966,1,1,0.5,,-3.841924381,1.0967943869,importance,293,Train,1,0.7440377156201147,0.25596228437988533,0.7440377156201147,1,0.05
3,adult,Importance,w/ XAI,,,Attribution Sum,0.8124397360605876,214,0.6254593966,1,1,0.5,,-3.841924381,1.0967943869,importance,47,Train,0,0.5,0.5,0.5,1,0.05
3,adult,Importance,w/ XAI,,,Attribution Sum,0.8124397360605876,214,0.6254593966,1,1,0.5,,-3.841924381,1.0967943869,importance,47,Train,0,0.2543552359760545,0.2543552359760545,0.7456447640239455,1,0.05
3,adult,Importance,w/ XAI,,,Attribution Sum,0.8124397360605876,214,0.6254593966,1,1,0.5,,-3.841924381,1.0967943869,importance,187,Train,1,0.5,0.5,0.5,0,0.05
3,adult,Importance,w/ XAI,,,Attribution Sum,0.8124397360605876,214,0.6254593966,1,1,0.5,,-3.841924381,1.0967943869,importance,187,Train,1,0.24863982547848662,0.24863982547848662,0.7513601745215134,0,0.05
3,adult,Importance,w/ XAI,,,Attribution Sum,0.8124397360605876,214,0.6254593966,1,1,0.5,,-3.841924381,1.0967943869,importance,263,Train,0,0.5,0.5,0.5,1,0.05
3,adult,Importance,w/ XAI,,,Attribution Sum,0.8124397360605876,214,0.6254593966,1,1,0.5,,-3.841924381,1.0967943869,importance,263,Train,0,0.25430494258682745,0.25430494258682745,0.7456950574131725,1,0.05
3,adult,Importance,w/ XAI,,,Attribution Sum,0.8124397360605876,214,0.6254593966,1,1,0.5,,-3.841924381,1.0967943869,importance,295,Train,1,0.5,0.5,0.5,1,0.05
3,adult,Importance,w/ XAI,,,Attribution Sum,0.8124397360605876,214,0.6254593966,1,1,0.5,,-3.841924381,1.0967943869,importance,295,Train,1,0.6614230248180306,0.3385769751819694,0.6614230248180306,1,0.05
3,adult,Importance,w/ XAI,,,Attribution Sum,0.8124397360605876,214,0.6254593966,1,1,0.5,,-3.841924381,1.0967943869,importance,45,Train,1,0.5,0.5,0.5,0,0.05
3,adult,Importance,w/ XAI,,,Attribution Sum,0.8124397360605876,214,0.6254593966,1,1,0.5,,-3.841924381,1.0967943869,importance,45,Train,0,0.25624769776939105,0.25624769776939105,0.743752302230609,1,0.05
3,adult,Importance,w/ XAI,,,Attribution Sum,0.8124397360605876,214,0.6254593966,1,1,0.5,,-3.841924381,1.0967943869,importance,255,Train,1,0.5,0.5,0.5,1,0.05
3,adult,Importance,w/ XAI,,,Attribution Sum,0.8124397360605876,214,0.6254593966,1,1,0.5,,-3.841924381,1.0967943869,importance,255,Train,0,0.6532970055638908,0.3467029944361092,0.6532970055638908,0,0.05
3,adult,Importance,w/ XAI,,,Attribution Sum,0.8124397360605876,214,0.6254593966,1,1,0.5,,-3.841924381,1.0967943869,importance,150,Test,0,0.25118159321199707,0.25118159321199707,0.7488184067880029,1,0.05
3,adult,Importance,w/ XAI,,,Attribution Sum,0.8124397360605876,214,0.6254593966,1,1,0.5,,-3.841924381,1.0967943869,importance,101,Test,0,0.2660801065854338,0.2660801065854338,0.7339198934145662,1,0.05
3,adult,Importance,w/ XAI,,,Attribution Sum,0.8124397360605876,214,0.6254593966,1,1,0.5,,-3.841924381,1.0967943869,importance,97,Test,1,0.7411011650444788,0.25889883495552124,0.7411011650444788,1,0.05
3,adult,Importance,w/ XAI,,,Attribution Sum,0.8124397360605876,214,0.6254593966,1,1,0.5,,-3.841924381,1.0967943869,importance,121,Test,1,0.7419428126751538,0.25805718732484617,0.7419428126751538,1,0.05
3,adult,Importance,w/ XAI,,,Attribution Sum,0.8124397360605876,214,0.6254593966,1,1,0.5,,-3.841924381,1.0967943869,importance,78,Test,1,0.2540226396352675,0.2540226396352675,0.7459773603647325,0,0.05
3,adult,Importance,w/ XAI,,,Attribution Sum,0.8124397360605876,214,0.6254593966,1,1,0.5,,-3.841924381,1.0967943869,importance,207,Test,1,0.25305775887594306,0.25305775887594306,0.7469422411240569,0,0.05
3,adult,Importance,w/ XAI,,,Attribution Sum,0.8124397360605876,214,0.6254593966,1,1,0.5,,-3.841924381,1.0967943869,importance,29,Test,1,0.2637073478698433,0.2637073478698433,0.7362926521301567,0,0.05
3,adult,Importance,w/ XAI,,,Attribution Sum,0.8124397360605876,214,0.6254593966,1,1,0.5,,-3.841924381,1.0967943869,importance,23,Test,0,0.6582059067374004,0.3417940932625996,0.6582059067374004,0,0.05
3,adult,Importance,w/ XAI,,,Attribution Sum,0.8124397360605876,214,0.6254593966,1,1,0.5,,-3.841924381,1.0967943869,importance,19,Test,1,0.73504624915489,0.26495375084510997,0.73504624915489,1,0.05
3,adult,Importance,w/ XAI,,,Attribution Sum,0.8124397360605876,214,0.6254593966,1,1,0.5,,-3.841924381,1.0967943869,importance,281,Test,0,0.264970674922007,0.264970674922007,0.735029325077993,1,0.05
3,adult,Importance,w/ XAI,,,Attribution Sum,0.8124397360605876,214,0.6254593966,1,1,0.5,,-3.841924381,1.0967943869,importance,66,Test,1,0.6589310328410194,0.3410689671589806,0.6589310328410194,1,0.05
3,adult,Importance,w/ XAI,,,Attribution Sum,0.8124397360605876,214,0.6254593966,1,1,0.5,,-3.841924381,1.0967943869,importance,232,Test,0,0.6638456153215686,0.3361543846784314,0.6638456153215686,0,0.05
3,adult,Importance,w/ XAI,,,Attribution Sum,0.8124397360605876,214,0.6254593966,1,1,0.5,,-3.841924381,1.0967943869,importance,267,Test,0,0.6562090476845128,0.3437909523154872,0.6562090476845128,0,0.05
3,adult,Importance,w/ XAI,,,Attribution Sum,0.8124397360605876,214,0.6254593966,1,1,0.5,,-3.841924381,1.0967943869,importance,114,Test,1,0.25496469131444033,0.25496469131444033,0.7450353086855597,0,0.05
3,adult,Importance,w/ XAI,,,Attribution Sum,0.8124397360605876,214,0.6254593966,1,1,0.5,,-3.841924381,1.0967943869,importance,184,Test,1,0.24727074275132577,0.24727074275132577,0.7527292572486742,0,0.05
3,adult,Importance,w/ XAI,,,Attribution Sum,0.8124397360605876,214,0.6254593966,1,1,0.5,,-3.841924381,1.0967943869,importance,282,Test,1,0.2462158818151996,0.2462158818151996,0.7537841181848004,0,0.05
3,adult,Importance,w/ XAI,,,Attribution Sum,0.8124397360605876,214,0.6254593966,1,1,0.5,,-3.841924381,1.0967943869,importance,3,Test,1,0.659608828570168,0.340391171429832,0.659608828570168,1,0.05
3,adult,Importance,w/ XAI,,,Attribution Sum,0.8124397360605876,214,0.6254593966,1,1,0.5,,-3.841924381,1.0967943869,importance,26,Test,1,0.7299533627267574,0.27004663727324263,0.7299533627267574,1,0.05
4,adult,Importance,w/ XAI,,,Sensitive-features categorization,5.249894539026824,3,0.2703576941,2,5,0.5,100.0,-4.0,,,169,Train,1,0.5,0.5,0.5,1,0.1
4,adult,Importance,w/ XAI,,,Sensitive-features categorization,5.249894539026824,3,0.2703576941,2,5,0.5,100.0,-4.0,,,169,Train,0,0.5,0.5,0.5,0,0.1
4,adult,Importance,w/ XAI,,,Sensitive-features categorization,5.249894539026824,3,0.2703576941,2,5,0.5,100.0,-4.0,,,119,Train,1,1.0,0.0,1.0,1,0.1
4,adult,Importance,w/ XAI,,,Sensitive-features categorization,5.249894539026824,3,0.2703576941,2,5,0.5,100.0,-4.0,,,119,Train,1,1.0,0.0,1.0,1,0.1
4,adult,Importance,w/ XAI,,,Sensitive-features categorization,5.249894539026824,3,0.2703576941,2,5,0.5,100.0,-4.0,,,215,Train,1,1.0,0.0,1.0,1,0.1
4,adult,Importance,w/ XAI,,,Sensitive-features categorization,5.249894539026824,3,0.2703576941,2,5,0.5,100.0,-4.0,,,215,Train,1,1.0,0.0,1.0,1,0.1
4,adult,Importance,w/ XAI,,,Sensitive-features categorization,5.249894539026824,3,0.2703576941,2,5,0.5,100.0,-4.0,,,17,Train,1,1.0,0.0,1.0,1,0.1
4,adult,Importance,w/ XAI,,,Sensitive-features categorization,5.249894539026824,3,0.2703576941,2,5,0.5,100.0,-4.0,,,17,Train,1,1.0,0.0,1.0,1,0.1
4,adult,Importance,w/ XAI,,,Sensitive-features categorization,5.249894539026824,3,0.2703576941,2,5,0.5,100.0,-4.0,,,260,Train,1,1.0,0.0,1.0,1,0.1
4,adult,Importance,w/ XAI,,,Sensitive-features categorization,5.249894539026824,3,0.2703576941,2,5,0.5,100.0,-4.0,,,260,Train,1,1.0,0.0,1.0,1,0.1
4,adult,Importance,w/ XAI,,,Sensitive-features categorization,5.249894539026824,3,0.2703576941,2,5,0.5,100.0,-4.0,,,168,Train,1,0.0,0.0,1.0,0,0.1
4,adult,Importance,w/ XAI,,,Sensitive-features categorization,5.249894539026824,3,0.2703576941,2,5,0.5,100.0,-4.0,,,168,Train,1,0.0,0.0,1.0,0,0.1
4,adult,Importance,w/ XAI,,,Sensitive-features categorization,5.249894539026824,3,0.2703576941,2,5,0.5,100.0,-4.0,,,141,Train,1,1.9805059333978017e-08,1.9805059333978017e-08,0.9999999801949406,0,0.1
4,adult,Importance,w/ XAI,,,Sensitive-features categorization,5.249894539026824,3,0.2703576941,2,5,0.5,100.0,-4.0,,,141,Train,1,1.9805090762953373e-08,1.9805090762953373e-08,0.9999999801949093,0,0.1
4,adult,Importance,w/ XAI,,,Sensitive-features categorization,5.249894539026824,3,0.2703576941,2,5,0.5,100.0,-4.0,,,213,Train,1,2.1070692099404275e-12,2.1070692099404275e-12,0.9999999999978929,0,0.1
4,adult,Importance,w/ XAI,,,Sensitive-features categorization,5.249894539026824,3,0.2703576941,2,5,0.5,100.0,-4.0,,,213,Train,1,2.1070719893322763e-12,2.1070719893322763e-12,0.9999999999978929,0,0.1
4,adult,Importance,w/ XAI,,,Sensitive-features categorization,5.249894539026824,3,0.2703576941,2,5,0.5,100.0,-4.0,,,14,Train,0,1.0,1.0,2.1975286757755948e-61,1,0.1
4,adult,Importance,w/ XAI,,,Sensitive-features categorization,5.249894539026824,3,0.2703576941,2,5,0.5,100.0,-4.0,,,14,Train,0,1.0,1.0,2.197557383384731e-61,1,0.1
4,adult,Importance,w/ XAI,,,Sensitive-features categorization,5.249894539026824,3,0.2703576941,2,5,0.5,100.0,-4.0,,,289,Train,1,1.7255902194240876e-15,1.7255902194240876e-15,0.9999999999999983,0,0.1
4,adult,Importance,w/ XAI,,,Sensitive-features categorization,5.249894539026824,3,0.2703576941,2,5,0.5,100.0,-4.0,,,289,Train,1,1.7255931236283225e-15,1.7255931236283225e-15,0.9999999999999983,0,0.1
4,adult,Importance,w/ XAI,,,Sensitive-features categorization,5.249894539026824,3,0.2703576941,2,5,0.5,100.0,-4.0,,,210,Test,0,0.9896822850703717,0.9896822850703717,0.010317714929628243,1,0.1
4,adult,Importance,w/ XAI,,,Sensitive-features categorization,5.249894539026824,3,0.2703576941,2,5,0.5,100.0,-4.0,,,158,Test,1,0.9672646373836389,0.03273536261636117,0.9672646373836389,1,0.1
4,adult,Importance,w/ XAI,,,Sensitive-features categorization,5.249894539026824,3,0.2703576941,2,5,0.5,100.0,-4.0,,,135,Test,0,1.0,1.0,8.875580304571885e-41,1,0.1
4,adult,Importance,w/ XAI,,,Sensitive-features categorization,5.249894539026824,3,0.2703576941,2,5,0.5,100.0,-4.0,,,35,Test,0,1.0,1.0,1.0575641223265172e-74,1,0.1
4,adult,Importance,w/ XAI,,,Sensitive-features categorization,5.249894539026824,3,0.2703576941,2,5,0.5,100.0,-4.0,,,76,Test,0,2.3072796192594824e-75,1.0,2.3072796192594824e-75,0,0.1
4,adult,Importance,w/ XAI,,,Sensitive-features categorization,5.249894539026824,3,0.2703576941,2,5,0.5,100.0,-4.0,,,172,Test,1,1.0,6.0883058241206856e-27,1.0,1,0.1
4,adult,Importance,w/ XAI,,,Sensitive-features categorization,5.249894539026824,3,0.2703576941,2,5,0.5,100.0,-4.0,,,194,Test,1,0.9998899271003018,0.00011007289969822658,0.9998899271003018,1,0.1
4,adult,Importance,w/ XAI,,,Sensitive-features categorization,5.249894539026824,3,0.2703576941,2,5,0.5,100.0,-4.0,,,95,Test,0,1.0,1.0,5.265811235139414e-66,1,0.1
4,adult,Importance,w/ XAI,,,Sensitive-features categorization,5.249894539026824,3,0.2703576941,2,5,0.5,100.0,-4.0,,,2,Test,0,8.875580304614548e-41,1.0,8.875580304614548e-41,0,0.1
4,adult,Importance,w/ XAI,,,Sensitive-features categorization,5.249894539026824,3,0.2703576941,2,5,0.5,100.0,-4.0,,,190,Test,0,0.9999809618682994,0.9999809618682994,1.9038131700569497e-05,1,0.1
4,adult,Importance,w/ XAI,,,Sensitive-features categorization,5.249894539026824,3,0.2703576941,2,5,0.5,100.0,-4.0,,,75,Test,0,1.0,1.0,4.359822827220604e-42,1,0.1
4,adult,Importance,w/ XAI,,,Sensitive-features categorization,5.249894539026824,3,0.2703576941,2,5,0.5,100.0,-4.0,,,235,Test,0,0.9999908803282431,0.9999908803282431,9.119671756860048e-06,1,0.1
4,adult,Importance,w/ XAI,,,Sensitive-features categorization,5.249894539026824,3,0.2703576941,2,5,0.5,100.0,-4.0,,,246,Test,1,1.0,1.1493001909368746e-20,1.0,1,0.1
4,adult,Importance,w/ XAI,,,Sensitive-features categorization,5.249894539026824,3,0.2703576941,2,5,0.5,100.0,-4.0,,,117,Test,1,1.0,6.2323945099416354e-18,1.0,1,0.1
4,adult,Importance,w/ XAI,,,Sensitive-features categorization,5.249894539026824,3,0.2703576941,2,5,0.5,100.0,-4.0,,,261,Test,0,8.875580382878314e-41,1.0,8.875580382878314e-41,0,0.1
4,adult,Importance,w/ XAI,,,Sensitive-features categorization,5.249894539026824,3,0.2703576941,2,5,0.5,100.0,-4.0,,,33,Test,0,1.0,1.0,5.265811235149546e-66,1,0.1
4,adult,Importance,w/ XAI,,,Sensitive-features categorization,5.249894539026824,3,0.2703576941,2,5,0.5,100.0,-4.0,,,84,Test,0,1.0,1.0,5.265811235144309e-66,1,0.1
4,adult,Importance,w/ XAI,,,Sensitive-features categorization,5.249894539026824,3,0.2703576941,2,5,0.5,100.0,-4.0,,,125,Test,1,1.0,6.0883058268738026e-27,1.0,1,0.1
4,adult,Importance,w/ XAI,,,Sensitive-features categorization,5.249894539026824,3,0.2703576941,2,5,0.5,100.0,-4.0,,,45,Train,1,0.12200935360358985,0.12200935360358985,0.8779906463964101,0,0.1
4,adult,Importance,w/ XAI,,,Sensitive-features categorization,5.249894539026824,3,0.2703576941,2,5,0.5,100.0,-4.0,,,45,Train,1,0.12200935362833912,0.12200935362833912,0.8779906463716609,0,0.1
4,adult,Importance,w/ XAI,,,Sensitive-features categorization,5.249894539026824,3,0.2703576941,2,5,0.5,100.0,-4.0,,,212,Train,0,1.0,1.0,4.3598228272206036e-42,1,0.1
4,adult,Importance,w/ XAI,,,Sensitive-features categorization,5.249894539026824,3,0.2703576941,2,5,0.5,100.0,-4.0,,,212,Train,0,1.0,1.0,4.359822827220604e-42,1,0.1
4,adult,Importance,w/ XAI,,,Sensitive-features categorization,5.249894539026824,3,0.2703576941,2,5,0.5,100.0,-4.0,,,263,Train,0,1.0,1.0,1.442764351323728e-73,1,0.1
4,adult,Importance,w/ XAI,,,Sensitive-features categorization,5.249894539026824,3,0.2703576941,2,5,0.5,100.0,-4.0,,,263,Train,0,1.0,1.0,1.442764197032305e-73,1,0.1
4,adult,Importance,w/ XAI,,,Sensitive-features categorization,5.249894539026824,3,0.2703576941,2,5,0.5,100.0,-4.0,,,47,Train,0,1.0,1.0,8.875580304571895e-41,1,0.1
4,adult,Importance,w/ XAI,,,Sensitive-features categorization,5.249894539026824,3,0.2703576941,2,5,0.5,100.0,-4.0,,,47,Train,0,1.0,1.0,8.875580304571896e-41,1,0.1
4,adult,Importance,w/ XAI,,,Sensitive-features categorization,5.249894539026824,3,0.2703576941,2,5,0.5,100.0,-4.0,,,255,Train,1,0.9993452701794703,0.0006547298205297637,0.9993452701794703,1,0.1
4,adult,Importance,w/ XAI,,,Sensitive-features categorization,5.249894539026824,3,0.2703576941,2,5,0.5,100.0,-4.0,,,255,Train,1,0.9993452724205159,0.0006547275794840452,0.9993452724205159,1,0.1
4,adult,Importance,w/ XAI,,,Sensitive-features categorization,5.249894539026824,3,0.2703576941,2,5,0.5,100.0,-4.0,,,198,Train,1,0.9725793681387314,0.027420631861268686,0.9725793681387314,1,0.1
4,adult,Importance,w/ XAI,,,Sensitive-features categorization,5.249894539026824,3,0.2703576941,2,5,0.5,100.0,-4.0,,,198,Train,1,0.9725793681387314,0.02742063186126868,0.9725793681387314,1,0.1
4,adult,Importance,w/ XAI,,,Sensitive-features categorization,5.249894539026824,3,0.2703576941,2,5,0.5,100.0,-4.0,,,293,Train,1,1.0,5.25534188661229e-20,1.0,1,0.1
4,adult,Importance,w/ XAI,,,Sensitive-features categorization,5.249894539026824,3,0.2703576941,2,5,0.5,100.0,-4.0,,,293,Train,1,1.0,5.2553683759199384e-20,1.0,1,0.1
4,adult,Importance,w/ XAI,,,Sensitive-features categorization,5.249894539026824,3,0.2703576941,2,5,0.5,100.0,-4.0,,,295,Train,1,0.9672646372283984,0.03273536277160169,0.9672646372283984,1,0.1
4,adult,Importance,w/ XAI,,,Sensitive-features categorization,5.249894539026824,3,0.2703576941,2,5,0.5,100.0,-4.0,,,295,Train,1,0.9672646372283977,0.032735362771602265,0.9672646372283977,1,0.1
4,adult,Importance,w/ XAI,,,Sensitive-features categorization,5.249894539026824,3,0.2703576941,2,5,0.5,100.0,-4.0,,,139,Train,1,1.0,6.088305824092106e-27,1.0,1,0.1
4,adult,Importance,w/ XAI,,,Sensitive-features categorization,5.249894539026824,3,0.2703576941,2,5,0.5,100.0,-4.0,,,139,Train,1,1.0,6.088305824092107e-27,1.0,1,0.1
4,adult,Importance,w/ XAI,,,Sensitive-features categorization,5.249894539026824,3,0.2703576941,2,5,0.5,100.0,-4.0,,,187,Train,0,1.0,1.0,5.265811235139414e-66,1,0.1
4,adult,Importance,w/ XAI,,,Sensitive-features categorization,5.249894539026824,3,0.2703576941,2,5,0.5,100.0,-4.0,,,187,Train,0,1.0,1.0,5.265811235139414e-66,1,0.1
4,adult,Importance,w/ XAI,,,Sensitive-features categorization,5.249894539026824,3,0.2703576941,2,5,0.5,100.0,-4.0,,,19,Test,1,1.0,7.751796071874463e-28,1.0,1,0.1
4,adult,Importance,w/ XAI,,,Sensitive-features categorization,5.249894539026824,3,0.2703576941,2,5,0.5,100.0,-4.0,,,184,Test,0,1.0,1.0,1.4572087472093015e-73,1,0.1
4,adult,Importance,w/ XAI,,,Sensitive-features categorization,5.249894539026824,3,0.2703576941,2,5,0.5,100.0,-4.0,,,29,Test,0,0.9896918860405388,0.9896918860405388,0.010308113959461266,1,0.1
4,adult,Importance,w/ XAI,,,Sensitive-features categorization,5.249894539026824,3,0.2703576941,2,5,0.5,100.0,-4.0,,,232,Test,0,4.359822827220081e-42,1.0,4.359822827220081e-42,0,0.1
4,adult,Importance,w/ XAI,,,Sensitive-features categorization,5.249894539026824,3,0.2703576941,2,5,0.5,100.0,-4.0,,,97,Test,0,8.875580304614548e-41,1.0,8.875580304614548e-41,0,0.1
4,adult,Importance,w/ XAI,,,Sensitive-features categorization,5.249894539026824,3,0.2703576941,2,5,0.5,100.0,-4.0,,,150,Test,0,1.0,1.0,8.281984574180505e-74,1,0.1
4,adult,Importance,w/ XAI,,,Sensitive-features categorization,5.249894539026824,3,0.2703576941,2,5,0.5,100.0,-4.0,,,3,Test,1,0.9999999459639739,5.403602604982766e-08,0.9999999459639739,1,0.1
4,adult,Importance,w/ XAI,,,Sensitive-features categorization,5.249894539026824,3,0.2703576941,2,5,0.5,100.0,-4.0,,,282,Test,0,1.0,1.0,1.4572087243243164e-73,1,0.1
4,adult,Importance,w/ XAI,,,Sensitive-features categorization,5.249894539026824,3,0.2703576941,2,5,0.5,100.0,-4.0,,,78,Test,0,0.9999855640305039,0.9999855640305039,1.4435969496109092e-05,1,0.1
4,adult,Importance,w/ XAI,,,Sensitive-features categorization,5.249894539026824,3,0.2703576941,2,5,0.5,100.0,-4.0,,,26,Test,1,1.0,6.076628635066049e-27,1.0,1,0.1
4,adult,Importance,w/ XAI,,,Sensitive-features categorization,5.249894539026824,3,0.2703576941,2,5,0.5,100.0,-4.0,,,281,Test,0,1.0,1.0,2.2376998746509162e-17,1,0.1
4,adult,Importance,w/ XAI,,,Sensitive-features categorization,5.249894539026824,3,0.2703576941,2,5,0.5,100.0,-4.0,,,101,Test,0,1.0,1.0,9.498794883571367e-75,1,0.1
4,adult,Importance,w/ XAI,,,Sensitive-features categorization,5.249894539026824,3,0.2703576941,2,5,0.5,100.0,-4.0,,,66,Test,1,0.9672657264869872,0.032734273513012856,0.9672657264869872,1,0.1
4,adult,Importance,w/ XAI,,,Sensitive-features categorization,5.249894539026824,3,0.2703576941,2,5,0.5,100.0,-4.0,,,114,Test,0,1.0,1.0,4.231113715866701e-77,1,0.1
4,adult,Importance,w/ XAI,,,Sensitive-features categorization,5.249894539026824,3,0.2703576941,2,5,0.5,100.0,-4.0,,,121,Test,0,8.875580304614549e-41,1.0,8.875580304614549e-41,0,0.1
4,adult,Importance,w/ XAI,,,Sensitive-features categorization,5.249894539026824,3,0.2703576941,2,5,0.5,100.0,-4.0,,,23,Test,1,0.9998912031541948,0.00010879684580523217,0.9998912031541948,1,0.1
4,adult,Importance,w/ XAI,,,Sensitive-features categorization,5.249894539026824,3,0.2703576941,2,5,0.5,100.0,-4.0,,,267,Test,0,4.3598228272200805e-42,1.0,4.3598228272200805e-42,0,0.1
4,adult,Importance,w/ XAI,,,Sensitive-features categorization,5.249894539026824,3,0.2703576941,2,5,0.5,100.0,-4.0,,,207,Test,0,1.0,1.0,5.940516467890228e-75,1,0.1
5,adult,Importance,w/ XAI,,,Sensitive-features categorization,5.121255100533801,4,0.078042113,2,5,0.5,75.860345096,-1.976620218,,,119,Train,0,0.5,0.5,0.5,0,0.1
5,adult,Importance,w/ XAI,,,Sensitive-features categorization,5.121255100533801,4,0.078042113,2,5,0.5,75.860345096,-1.976620218,,,119,Train,0,0.5,0.5,0.5,0,0.1
5,adult,Importance,w/ XAI,,,Sensitive-features categorization,5.121255100533801,4,0.078042113,2,5,0.5,75.860345096,-1.976620218,,,213,Train,1,0.0,0.0,1.0,0,0.1
5,adult,Importance,w/ XAI,,,Sensitive-features categorization,5.121255100533801,4,0.078042113,2,5,0.5,75.860345096,-1.976620218,,,213,Train,1,0.0,0.0,1.0,0,0.1
5,adult,Importance,w/ XAI,,,Sensitive-features categorization,5.121255100533801,4,0.078042113,2,5,0.5,75.860345096,-1.976620218,,,14,Train,1,0.0005426137546851173,0.0005426137546851173,0.9994573862453149,0,0.1
5,adult,Importance,w/ XAI,,,Sensitive-features categorization,5.121255100533801,4,0.078042113,2,5,0.5,75.860345096,-1.976620218,,,14,Train,1,0.0005426140688172902,0.0005426140688172902,0.9994573859311827,0,0.1
5,adult,Importance,w/ XAI,,,Sensitive-features categorization,5.121255100533801,4,0.078042113,2,5,0.5,75.860345096,-1.976620218,,,17,Train,1,0.9999999999999916,8.510168165103188e-15,0.9999999999999916,1,0.1
5,adult,Importance,w/ XAI,,,Sensitive-features categorization,5.121255100533801,4,0.078042113,2,5,0.5,75.860345096,-1.976620218,,,17,Train,1,0.9999999999999916,8.510177772942585e-15,0.9999999999999916,1,0.1
5,adult,Importance,w/ XAI,,,Sensitive-features categorization,5.121255100533801,4,0.078042113,2,5,0.5,75.860345096,-1.976620218,,,169,Train,1,0.9999838540591707,1.614594082935594e-05,0.9999838540591707,1,0.1
5,adult,Importance,w/ XAI,,,Sensitive-features categorization,5.121255100533801,4,0.078042113,2,5,0.5,75.860345096,-1.976620218,,,169,Train,1,0.9999838540485232,1.614595147689124e-05,0.9999838540485232,1,0.1
5,adult,Importance,w/ XAI,,,Sensitive-features categorization,5.121255100533801,4,0.078042113,2,5,0.5,75.860345096,-1.976620218,,,168,Train,1,0.0012834564304120704,0.0012834564304120704,0.998716543569588,0,0.1
5,adult,Importance,w/ XAI,,,Sensitive-features categorization,5.121255100533801,4,0.078042113,2,5,0.5,75.860345096,-1.976620218,,,168,Train,1,0.001283456994808098,0.001283456994808098,0.998716543005192,0,0.1
5,adult,Importance,w/ XAI,,,Sensitive-features categorization,5.121255100533801,4,0.078042113,2,5,0.5,75.860345096,-1.976620218,,,141,Train,0,1.0,1.0,1.7402347644191498e-57,1,0.1
5,adult,Importance,w/ XAI,,,Sensitive-features categorization,5.121255100533801,4,0.078042113,2,5,0.5,75.860345096,-1.976620218,,,141,Train,0,1.0,1.0,1.740269499928922e-57,1,0.1
5,adult,Importance,w/ XAI,,,Sensitive-features categorization,5.121255100533801,4,0.078042113,2,5,0.5,75.860345096,-1.976620218,,,289,Train,1,5.749253835854652e-12,5.749253835854652e-12,0.9999999999942507,0,0.1
5,adult,Importance,w/ XAI,,,Sensitive-features categorization,5.121255100533801,4,0.078042113,2,5,0.5,75.860345096,-1.976620218,,,289,Train,1,5.7492635531261e-12,5.7492635531261e-12,0.9999999999942507,0,0.1
5,adult,Importance,w/ XAI,,,Sensitive-features categorization,5.121255100533801,4,0.078042113,2,5,0.5,75.860345096,-1.976620218,,,260,Train,0,4.2542085175208386e-15,0.9999999999999958,4.2542085175208386e-15,0,0.1
5,adult,Importance,w/ XAI,,,Sensitive-features categorization,5.121255100533801,4,0.078042113,2,5,0.5,75.860345096,-1.976620218,,,260,Train,0,4.254219830830688e-15,0.9999999999999958,4.254219830830688e-15,0,0.1
5,adult,Importance,w/ XAI,,,Sensitive-features categorization,5.121255100533801,4,0.078042113,2,5,0.5,75.860345096,-1.976620218,,,215,Train,1,0.9691094273291717,0.030890572670828256,0.9691094273291717,1,0.1
5,adult,Importance,w/ XAI,,,Sensitive-features categorization,5.121255100533801,4,0.078042113,2,5,0.5,75.860345096,-1.976620218,,,215,Train,1,0.9691094120857745,0.030890587914225446,0.9691094120857745,1,0.1
5,adult,Importance,w/ XAI,,,Sensitive-features categorization,5.121255100533801,4,0.078042113,2,5,0.5,75.860345096,-1.976620218,,,246,Test,1,1.0,0.0,1.0,1,0.1
5,adult,Importance,w/ XAI,,,Sensitive-features categorization,5.121255100533801,4,0.078042113,2,5,0.5,75.860345096,-1.976620218,,,135,Test,0,1.0,1.0,1.8485442745910346e-30,1,0.1
5,adult,Importance,w/ XAI,,,Sensitive-features categorization,5.121255100533801,4,0.078042113,2,5,0.5,75.860345096,-1.976620218,,,194,Test,1,0.9990100595883682,0.000989940411631765,0.9990100595883682,1,0.1
5,adult,Importance,w/ XAI,,,Sensitive-features categorization,5.121255100533801,4,0.078042113,2,5,0.5,75.860345096,-1.976620218,,,190,Test,0,0.9997378539345946,0.9997378539345946,0.00026214606540541117,1,0.1
5,adult,Importance,w/ XAI,,,Sensitive-features categorization,5.121255100533801,4,0.078042113,2,5,0.5,75.860345096,-1.976620218,,,235,Test,0,0.9998502049842432,0.9998502049842432,0.00014979501575685148,1,0.1
5,adult,Importance,w/ XAI,,,Sensitive-features categorization,5.121255100533801,4,0.078042113,2,5,0.5,75.860345096,-1.976620218,,,172,Test,1,1.0,3.287616521448593e-25,1.0,1,0.1
5,adult,Importance,w/ XAI,,,Sensitive-features categorization,5.121255100533801,4,0.078042113,2,5,0.5,75.860345096,-1.976620218,,,261,Test,0,1.848543503755859e-30,1.0,1.848543503755859e-30,0,0.1
5,adult,Importance,w/ XAI,,,Sensitive-features categorization,5.121255100533801,4,0.078042113,2,5,0.5,75.860345096,-1.976620218,,,117,Test,1,1.0,7.870718916669767e-17,1.0,1,0.1
5,adult,Importance,w/ XAI,,,Sensitive-features categorization,5.121255100533801,4,0.078042113,2,5,0.5,75.860345096,-1.976620218,,,95,Test,0,1.0,1.0,2.772846648909064e-47,1,0.1
5,adult,Importance,w/ XAI,,,Sensitive-features categorization,5.121255100533801,4,0.078042113,2,5,0.5,75.860345096,-1.976620218,,,2,Test,0,1.8485442756611425e-30,1.0,1.8485442756611425e-30,0,0.1
5,adult,Importance,w/ XAI,,,Sensitive-features categorization,5.121255100533801,4,0.078042113,2,5,0.5,75.860345096,-1.976620218,,,158,Test,1,0.9933676286913962,0.006632371308603819,0.9933676286913962,1,0.1
5,adult,Importance,w/ XAI,,,Sensitive-features categorization,5.121255100533801,4,0.078042113,2,5,0.5,75.860345096,-1.976620218,,,125,Test,1,1.0,3.2876340456285665e-25,1.0,1,0.1
5,adult,Importance,w/ XAI,,,Sensitive-features categorization,5.121255100533801,4,0.078042113,2,5,0.5,75.860345096,-1.976620218,,,33,Test,0,1.0,1.0,2.772846648909064e-47,1,0.1
5,adult,Importance,w/ XAI,,,Sensitive-features categorization,5.121255100533801,4,0.078042113,2,5,0.5,75.860345096,-1.976620218,,,35,Test,0,1.0,1.0,3.2853339824951688e-56,1,0.1
5,adult,Importance,w/ XAI,,,Sensitive-features categorization,5.121255100533801,4,0.078042113,2,5,0.5,75.860345096,-1.976620218,,,76,Test,0,1.8431153166447032e-59,1.0,1.8431153166447032e-59,0,0.1
5,adult,Importance,w/ XAI,,,Sensitive-features categorization,5.121255100533801,4,0.078042113,2,5,0.5,75.860345096,-1.976620218,,,210,Test,0,0.9669259518601653,0.9669259518601653,0.033074048139834715,1,0.1
5,adult,Importance,w/ XAI,,,Sensitive-features categorization,5.121255100533801,4,0.078042113,2,5,0.5,75.860345096,-1.976620218,,,75,Test,0,1.0,1.0,3.995947399212035e-33,1,0.1
5,adult,Importance,w/ XAI,,,Sensitive-features categorization,5.121255100533801,4,0.078042113,2,5,0.5,75.860345096,-1.976620218,,,84,Test,0,1.0,1.0,2.772846648909223e-47,1,0.1
5,adult,Importance,w/ XAI,,,Sensitive-features categorization,5.121255100533801,4,0.078042113,2,5,0.5,75.860345096,-1.976620218,,,295,Train,1,0.9933675811777455,0.006632418822254522,0.9933675811777455,1,0.1
5,adult,Importance,w/ XAI,,,Sensitive-features categorization,5.121255100533801,4,0.078042113,2,5,0.5,75.860345096,-1.976620218,,,295,Train,1,0.9933675811774993,0.006632418822500707,0.9933675811774993,1,0.1
5,adult,Importance,w/ XAI,,,Sensitive-features categorization,5.121255100533801,4,0.078042113,2,5,0.5,75.860345096,-1.976620218,,,293,Train,1,1.0,2.1817579693771183e-18,1.0,1,0.1
5,adult,Importance,w/ XAI,,,Sensitive-features categorization,5.121255100533801,4,0.078042113,2,5,0.5,75.860345096,-1.976620218,,,293,Train,1,1.0,2.181774229795666e-18,1.0,1,0.1
5,adult,Importance,w/ XAI,,,Sensitive-features categorization,5.121255100533801,4,0.078042113,2,5,0.5,75.860345096,-1.976620218,,,198,Train,1,0.9933677146504285,0.006632285349571531,0.9933677146504285,1,0.1
5,adult,Importance,w/ XAI,,,Sensitive-features categorization,5.121255100533801,4,0.078042113,2,5,0.5,75.860345096,-1.976620218,,,198,Train,1,0.9933677146504412,0.006632285349558866,0.9933677146504412,1,0.1
5,adult,Importance,w/ XAI,,,Sensitive-features categorization,5.121255100533801,4,0.078042113,2,5,0.5,75.860345096,-1.976620218,,,255,Train,1,0.9965471946510422,0.0034528053489577145,0.9965471946510422,1,0.1
5,adult,Importance,w/ XAI,,,Sensitive-features categorization,5.121255100533801,4,0.078042113,2,5,0.5,75.860345096,-1.976620218,,,255,Train,1,0.9965472055525125,0.0034527944474874333,0.9965472055525125,1,0.1
5,adult,Importance,w/ XAI,,,Sensitive-features categorization,5.121255100533801,4,0.078042113,2,5,0.5,75.860345096,-1.976620218,,,139,Train,1,1.0,3.2876165439368645e-25,1.0,1,0.1
5,adult,Importance,w/ XAI,,,Sensitive-features categorization,5.121255100533801,4,0.078042113,2,5,0.5,75.860345096,-1.976620218,,,139,Train,1,1.0,3.28761654393688e-25,1.0,1,0.1
5,adult,Importance,w/ XAI,,,Sensitive-features categorization,5.121255100533801,4,0.078042113,2,5,0.5,75.860345096,-1.976620218,,,212,Train,0,1.0,1.0,3.995947399212662e-33,1,0.1
5,adult,Importance,w/ XAI,,,Sensitive-features categorization,5.121255100533801,4,0.078042113,2,5,0.5,75.860345096,-1.976620218,,,212,Train,0,1.0,1.0,3.995947399212662e-33,1,0.1
5,adult,Importance,w/ XAI,,,Sensitive-features categorization,5.121255100533801,4,0.078042113,2,5,0.5,75.860345096,-1.976620218,,,187,Train,0,1.0,1.0,2.772846648909064e-47,1,0.1
5,adult,Importance,w/ XAI,,,Sensitive-features categorization,5.121255100533801,4,0.078042113,2,5,0.5,75.860345096,-1.976620218,,,187,Train,0,1.0,1.0,2.772846648909064e-47,1,0.1
5,adult,Importance,w/ XAI,,,Sensitive-features categorization,5.121255100533801,4,0.078042113,2,5,0.5,75.860345096,-1.976620218,,,47,Train,0,1.0,1.0,1.8485442745862226e-30,1,0.1
5,adult,Importance,w/ XAI,,,Sensitive-features categorization,5.121255100533801,4,0.078042113,2,5,0.5,75.860345096,-1.976620218,,,47,Train,0,1.0,1.0,1.848544274586223e-30,1,0.1
5,adult,Importance,w/ XAI,,,Sensitive-features categorization,5.121255100533801,4,0.078042113,2,5,0.5,75.860345096,-1.976620218,,,45,Train,1,0.16610461301495696,0.16610461301495696,0.8338953869850431,0,0.1
5,adult,Importance,w/ XAI,,,Sensitive-features categorization,5.121255100533801,4,0.078042113,2,5,0.5,75.860345096,-1.976620218,,,45,Train,1,0.16610461343959998,0.16610461343959998,0.8338953865604001,0,0.1
5,adult,Importance,w/ XAI,,,Sensitive-features categorization,5.121255100533801,4,0.078042113,2,5,0.5,75.860345096,-1.976620218,,,263,Train,0,1.0,1.0,2.3461740048105156e-55,1,0.1
5,adult,Importance,w/ XAI,,,Sensitive-features categorization,5.121255100533801,4,0.078042113,2,5,0.5,75.860345096,-1.976620218,,,263,Train,0,1.0,1.0,2.346173421720129e-55,1,0.1
5,adult,Importance,w/ XAI,,,Sensitive-features categorization,5.121255100533801,4,0.078042113,2,5,0.5,75.860345096,-1.976620218,,,267,Test,0,3.995947399211956e-33,1.0,3.995947399211956e-33,0,0.1
5,adult,Importance,w/ XAI,,,Sensitive-features categorization,5.121255100533801,4,0.078042113,2,5,0.5,75.860345096,-1.976620218,,,66,Test,1,0.9933702723740084,0.006629727625991567,0.9933702723740084,1,0.1
5,adult,Importance,w/ XAI,,,Sensitive-features categorization,5.121255100533801,4,0.078042113,2,5,0.5,75.860345096,-1.976620218,,,207,Test,0,1.0,1.0,1.8434654829637653e-59,1,0.1
5,adult,Importance,w/ XAI,,,Sensitive-features categorization,5.121255100533801,4,0.078042113,2,5,0.5,75.860345096,-1.976620218,,,184,Test,0,1.0,1.0,2.4110594196975775e-55,1,0.1
5,adult,Importance,w/ XAI,,,Sensitive-features categorization,5.121255100533801,4,0.078042113,2,5,0.5,75.860345096,-1.976620218,,,26,Test,1,1.0,3.2866103992047974e-25,1.0,1,0.1
5,adult,Importance,w/ XAI,,,Sensitive-features categorization,5.121255100533801,4,0.078042113,2,5,0.5,75.860345096,-1.976620218,,,23,Test,1,0.9990374067838917,0.0009625932161082813,0.9990374067838917,1,0.1
5,adult,Importance,w/ XAI,,,Sensitive-features categorization,5.121255100533801,4,0.078042113,2,5,0.5,75.860345096,-1.976620218,,,232,Test,0,3.995947399211956e-33,1.0,3.995947399211956e-33,0,0.1
5,adult,Importance,w/ XAI,,,Sensitive-features categorization,5.121255100533801,4,0.078042113,2,5,0.5,75.860345096,-1.976620218,,,281,Test,0,0.9999999999997458,0.9999999999997458,2.5424150485125343e-13,1,0.1
5,adult,Importance,w/ XAI,,,Sensitive-features categorization,5.121255100533801,4,0.078042113,2,5,0.5,75.860345096,-1.976620218,,,78,Test,0,0.9998338160072222,0.9998338160072222,0.00016618399277785708,1,0.1
5,adult,Importance,w/ XAI,,,Sensitive-features categorization,5.121255100533801,4,0.078042113,2,5,0.5,75.860345096,-1.976620218,,,150,Test,0,1.0,1.0,1.3267380748657695e-55,1,0.1
5,adult,Importance,w/ XAI,,,Sensitive-features categorization,5.121255100533801,4,0.078042113,2,5,0.5,75.860345096,-1.976620218,,,114,Test,0,1.0,1.0,5.845766583844941e-58,1,0.1
5,adult,Importance,w/ XAI,,,Sensitive-features categorization,5.121255100533801,4,0.078042113,2,5,0.5,75.860345096,-1.976620218,,,19,Test,1,1.0,6.182713512234139e-26,1.0,1,0.1
5,adult,Importance,w/ XAI,,,Sensitive-features categorization,5.121255100533801,4,0.078042113,2,5,0.5,75.860345096,-1.976620218,,,3,Test,1,0.9999996893298325,3.106701674356894e-07,0.9999996893298325,1,0.1
5,adult,Importance,w/ XAI,,,Sensitive-features categorization,5.121255100533801,4,0.078042113,2,5,0.5,75.860345096,-1.976620218,,,29,Test,0,0.9672780337224783,0.9672780337224783,0.03272196627752172,1,0.1
5,adult,Importance,w/ XAI,,,Sensitive-features categorization,5.121255100533801,4,0.078042113,2,5,0.5,75.860345096,-1.976620218,,,282,Test,0,1.0,1.0,2.4110564779842144e-55,1,0.1
5,adult,Importance,w/ XAI,,,Sensitive-features categorization,5.121255100533801,4,0.078042113,2,5,0.5,75.860345096,-1.976620218,,,97,Test,0,1.8485442756611425e-30,1.0,1.8485442756611425e-30,0,0.1
5,adult,Importance,w/ XAI,,,Sensitive-features categorization,5.121255100533801,4,0.078042113,2,5,0.5,75.860345096,-1.976620218,,,121,Test,0,1.8485442756611425e-30,1.0,1.8485442756611425e-30,0,0.1
5,adult,Importance,w/ XAI,,,Sensitive-features categorization,5.121255100533801,4,0.078042113,2,5,0.5,75.860345096,-1.976620218,,,101,Test,0,1.0,1.0,2.537936430239121e-59,1,0.1
