dataId,modelName,expMethod,instanceId,pred,i_max,a0_i,a1_i,a2_i,a3_i,a4_i,intercept
wine_quality,mlp,integrated_gradients,371,0,0.2062566876411438,-1.0,0.2776529853517485,0.18456415101318832,-0.08557919061973239,-0.01979681056134051,0.11934235692024231
wine_quality,mlp,integrated_gradients,604,0,0.07528021931648254,-1.0,-0.1690736732403399,-0.16528261499969318,-0.13620207810022625,-0.10390357622867911,0.11934235692024231
wine_quality,mlp,integrated_gradients,840,1,0.21499678492546082,0.8275649267163795,1.0,0.372890743745404,-0.012961592029215029,0.24985493675921927,0.11934235692024231
wine_quality,mlp,integrated_gradients,837,1,0.34002795815467834,0.3188363895001028,0.45075904217952756,0.5289532488214808,1.0,0.2324867686377383,0.11934235692024231
wine_quality,mlp,integrated_gradients,1172,1,0.2266080230474472,1.0,0.6567458212961618,0.6419196250879587,0.060770374101252106,0.14322338121153724,0.11934235692024231
wine_quality,mlp,integrated_gradients,448,0,0.06896102428436279,-0.16390170878948015,-1.0,0.031314449509020945,-0.00468428647164932,-0.010456689747619652,0.11934235692024231
wine_quality,mlp,integrated_gradients,1070,1,0.16019000113010406,0.8719847101938584,1.0,0.1275301113870861,0.17474285753089092,0.57943996043225,0.11934235692024231
wine_quality,mlp,integrated_gradients,375,1,0.3726659417152405,1.0,0.3872617535603315,-0.028084910733607183,-0.042935300418390235,0.26731031811188755,0.11934235692024231
wine_quality,mlp,integrated_gradients,949,1,0.21418516337871552,0.9292463754867129,1.0,0.8713253344314483,0.691984394022342,-0.3251052284783838,0.11934235692024231
wine_quality,mlp,integrated_gradients,1064,0,0.11043596267700195,1.0,-0.7420893719154926,0.0006706700990090109,-0.721269891429657,-0.01874578469207279,0.11934235692024231
wine_quality,mlp,integrated_gradients,534,0,0.06597001850605011,-0.3204853017941698,-1.0,0.015151946640101934,0.08529592417102291,0.017936728472097204,0.11934235692024231
wine_quality,mlp,integrated_gradients,940,1,0.231907919049263,0.8349381680756318,1.0,0.7107517363051021,0.02288573180290761,-0.16444487487917717,0.11934235692024231
wine_quality,mlp,integrated_gradients,554,0,0.10766934603452682,0.8983263252332775,0.622445295819325,-0.28550101774012904,-1.0,0.5330596870072835,0.11934235692024231
wine_quality,mlp,integrated_gradients,1061,1,0.2068609744310379,1.0,0.3341073338133243,0.9004694859354115,0.06405742099327881,0.457882879556958,0.11934235692024231
wine_quality,mlp,integrated_gradients,805,1,0.2597937285900116,0.9319614795110971,0.3581201989484964,1.0,0.18440140280784115,-0.05673348279975602,0.11934235692024231
wine_quality,mlp,integrated_gradients,974,0,0.2142600417137146,0.7944340494735703,-0.3583818980623348,1.0,0.15452791856425888,0.04442352178367685,0.11934235692024231
wine_quality,mlp,integrated_gradients,1098,1,0.20703977346420288,1.0,0.9858193387688852,0.6990772555232383,0.16283559677114284,0.5447793914642394,0.11934235692024231
wine_quality,mlp,integrated_gradients,809,0,0.07303617149591446,-0.1040333239686133,-1.0,-0.04531033845710015,0.10946153981908545,0.029351463681259207,0.11934235692024231
wine_quality,mlp,integrated_gradients,267,1,0.38711172342300415,0.4773586195545046,1.0,0.16283336825947853,0.010118779174943342,-0.06096933794964076,0.11934235692024231
wine_quality,mlp,integrated_gradients,1405,1,0.1927814781665802,0.9968398464414572,1.0,0.11538447491471589,0.1203017508382322,0.09498394222431711,0.11934235692024231
wine_quality,mlp,integrated_gradients,528,0,0.12141295522451401,-1.0,0.1872528461525386,-0.13561593679734454,0.006900195628209306,-0.07370537270068413,0.11934235692024231
wine_quality,mlp,integrated_gradients,403,0,0.026506925001740456,0.1515853609604578,-1.0,0.06192677578072402,-0.43634355124312435,-0.2257981756046411,0.11934235692024231
wine_quality,mlp,integrated_gradients,836,1,0.34002795815467834,0.3188363895001028,0.45075904217952756,0.5289532488214808,1.0,0.2324867686377383,0.11934235692024231
wine_quality,mlp,integrated_gradients,1585,1,0.3127797245979309,0.35810757182415565,1.0,-0.026457227822271362,-0.10749239457936079,0.01535352777607858,0.11934235692024231
wine_quality,mlp,integrated_gradients,1543,0,0.07796408981084824,-0.026692752444701023,-1.0,0.19758533243413734,0.15478950633700947,-0.010165563857090146,0.11934235692024231
wine_quality,mlp,integrated_gradients,947,1,0.2259998321533203,0.8770849772974707,-0.33767035468482304,1.0,0.20290609782342664,0.19467849138422133,0.11934235692024231
wine_quality,mlp,integrated_gradients,572,0,0.13350871205329895,-0.026064551175619316,-0.4716798193851568,0.5555684963354465,0.18654295584923375,1.0,0.11934235692024231
wine_quality,mlp,integrated_gradients,380,0,0.13653932511806488,-0.39128624809410106,1.0,-0.2393944657202298,-0.39642997887482034,0.16465693982941612,0.11934235692024231
wine_quality,mlp,integrated_gradients,1351,0,0.12479862570762634,0.20375368324224183,-1.0,0.0010288320859070357,0.08605566098720803,-0.012017380976559786,0.11934235692024231
wine_quality,mlp,integrated_gradients,293,0,0.041513971984386444,-0.4013005591797859,-1.0,0.6852722970628928,-0.25213907759833204,-0.6927745256519711,0.11934235692024231
wine_quality,mlp,integrated_gradients,210,1,0.30493539571762085,1.0,0.5998976830773146,0.08937095250028,-0.001071935151904078,0.020696921153908927,0.11934235692024231
wine_quality,mlp,integrated_gradients,326,1,0.28564774990081787,1.0,0.31742717701080925,-0.0427124036020561,-0.011160287873504864,0.34363454313039843,0.11934235692024231
wine_quality,mlp,integrated_gradients,289,0,0.11719230562448502,-0.7355737403194106,0.3197393269942022,-1.0,0.037287299613428075,0.19937247624415222,0.11934235692024231
wine_quality,mlp,integrated_gradients,23,0,0.05656987428665161,-0.6768108230558907,-1.0,-0.3485310852031167,0.05182811355805855,-0.07853401236454058,0.11934235692024231
wine_quality,mlp,integrated_gradients,491,1,0.2656368911266327,0.6854436546754035,1.0,0.5795115050046027,0.018136779804774777,-0.0818414514497725,0.11934235692024231
wine_quality,mlp,integrated_gradients,492,1,0.3208439350128174,0.795773739946809,1.0,0.2767758516463714,0.09092782880798861,-0.01739756808080748,0.11934235692024231
wine_quality,mlp,integrated_gradients,1089,0,0.09196581691503525,-0.8972834402848541,1.0,-0.05037028060161172,0.6105054319123117,0.2080684052253492,0.11934235692024231
wine_quality,mlp,integrated_gradients,1503,0,0.08341892063617706,0.7073780101244179,0.44294020219897684,0.6208008665006951,-0.0823692460668696,-1.0,0.11934235692024231
wine_quality,mlp,integrated_gradients,1422,1,0.3529706597328186,0.1506069139536278,1.0,0.015486997128438422,0.0017558705442141116,-0.004341436750711135,0.11934235692024231
wine_quality,mlp,integrated_gradients,1120,1,0.1937171071767807,1.0,0.6741778450762242,0.7798122096424384,-0.016080387097903215,0.4281229002621896,0.11934235692024231
wine_quality,mlp,integrated_gradients,122,0,0.04595821723341942,-1.0,-0.9351815683383434,0.005537165969295965,-0.41980661134985003,-0.21091513490313343,0.11934235692024231
wine_quality,mlp,integrated_gradients,477,1,0.2601343095302582,0.37652484763123406,1.0,-0.10761534933372927,0.2679917098376738,0.1560410940557994,0.11934235692024231
wine_quality,mlp,integrated_gradients,1394,0,0.0696796104311943,-0.4289779431428132,-1.0,-0.25251322170017254,-0.026240467656996364,0.00124220013400668,0.11934235692024231
wine_quality,mlp,integrated_gradients,357,1,0.18692681193351746,1.0,0.9128371232974338,0.4649231620112997,0.04988655935861974,0.2637932954552158,0.11934235692024231
wine_quality,mlp,integrated_gradients,1099,0,0.060605738312006,-0.6912794478290222,-1.0,-0.08052916272684854,0.015576180305787871,0.031234617728895724,0.11934235692024231
wine_quality,mlp,integrated_gradients,713,0,0.08740296214818954,-0.12659861323309546,-1.0,-0.015293489968951567,-0.10502477745554588,-0.045518760846769854,0.11934235692024231
wine_quality,mlp,integrated_gradients,672,0,0.04632003232836723,-0.26147733634530457,-0.39718933798854894,-0.6205374660435442,-1.0,-0.13755129207244784,0.11934235692024231
wine_quality,mlp,integrated_gradients,1240,0,0.08112361282110214,-0.26868336782471564,-1.0,-0.0652632138822969,-0.060444052323670325,-0.07991829156390659,0.11934235692024231
wine_quality,mlp,integrated_gradients,674,0,0.08801846951246262,-1.0,0.07640538406497778,-0.3206921254323075,0.3047949916194324,0.010265170251520298,0.11934235692024231
wine_quality,mlp,integrated_gradients,606,1,0.26007235050201416,1.0,0.670441627762537,0.27515346791068207,0.06747563191995032,-0.091280361264092,0.11934235692024231
wine_quality,mlp,integrated_gradients,1100,1,0.20282107591629028,0.46641514876249457,1.0,0.41056838055315475,-0.16354440922153785,0.6254320373413096,0.11934235692024231
wine_quality,mlp,integrated_gradients,1128,0,0.10925813764333725,-0.15066507419100392,0.1079457490153521,-1.0,-0.06750131560293143,0.0701023846628623,0.11934235692024231
wine_quality,mlp,integrated_gradients,1018,1,0.4020015001296997,0.06827079137918406,0.24646154343427634,0.052530164174598847,0.8251175852914078,1.0,0.11934235692024231
wine_quality,mlp,integrated_gradients,408,1,0.1431395709514618,1.0,0.5169059042046302,0.9515475538349525,0.3608923921401084,0.8155133066706476,0.11934235692024231
wine_quality,mlp,integrated_gradients,1191,0,0.06531064212322235,0.2583168241833133,-1.0,-0.08140991183281111,-0.8283626588922507,0.03337396784063968,0.11934235692024231
wine_quality,mlp,integrated_gradients,1259,0,0.07020410895347595,1.0,-0.4286548636708454,0.2358056174514223,0.010671445701340898,-0.6403001771478809,0.11934235692024231
wine_quality,mlp,integrated_gradients,504,1,0.35545915365219116,0.14320449928441054,1.0,-0.14163108282476317,0.09680519911161267,0.013979458663076004,0.11934235692024231
wine_quality,mlp,integrated_gradients,1107,1,0.2810623049736023,1.0,0.5650285667751683,0.21197513945137286,0.3375039206284542,0.125112714754478,0.11934235692024231
wine_quality,mlp,integrated_gradients,981,0,0.0802738144993782,-0.2657978541082844,-0.20007900377281998,0.04542357860731533,-1.0,-0.0040251005234139174,0.11934235692024231
wine_quality,mlp,integrated_gradients,1030,0,0.10068001598119736,0.6638116965956521,-1.0,0.34647891670292175,-0.005883374816094347,-0.34768837781393874,0.11934235692024231
wine_quality,mlp,integrated_gradients,1270,0,0.17774315178394318,0.8625006193337251,1.0,-0.18121243704278814,-0.6976710788378507,0.7332321105191496,0.11934235692024231
wine_quality,mlp,integrated_gradients,1584,1,0.2617126703262329,0.5867678173275546,1.0,0.2956879823996028,-0.07651940217180885,0.058883237802364485,0.11934235692024231
wine_quality,mlp,integrated_gradients,152,0,0.06456580013036728,-0.09389910136022041,-0.7463864295296205,-1.0,0.030261059904510508,-0.02744285054884821,0.11934235692024231
wine_quality,mlp,integrated_gradients,321,0,0.05596580728888512,-0.588019988009218,-0.27212075956884574,-1.0,-0.20001313634299253,-0.11652744983145077,0.11934235692024231
wine_quality,mlp,integrated_gradients,1008,1,0.16590642929077148,1.0,0.5514639127441935,0.956912433787159,-0.02183790600048932,0.48416222433471007,0.11934235692024231
wine_quality,mlp,integrated_gradients,1273,0,0.08503025770187378,-0.2860677807133329,-1.0,0.006480882112816327,-0.03321063453904503,-0.06497233466648347,0.11934235692024231
wine_quality,mlp,integrated_gradients,336,1,0.20536501705646515,0.8512939480458775,0.4767201891362189,1.0,-0.03872642245980264,-0.16114278651146985,0.11934235692024231
wine_quality,mlp,integrated_gradients,950,1,0.21418516337871552,0.9292463754867129,1.0,0.8713253344314483,0.691984394022342,-0.3251052284783838,0.11934235692024231
wine_quality,mlp,integrated_gradients,197,0,0.17910730838775635,-0.43441759885947123,1.0,-0.08870181364108619,0.8069675352638105,-0.5334761185148899,0.11934235692024231
wine_quality,mlp,integrated_gradients,765,0,0.04599924758076668,-0.9093302960382752,-1.0,-0.005223268904193603,-0.4892457208469602,0.000365910492873889,0.11934235692024231
wine_quality,mlp,integrated_gradients,920,0,0.09195838123559952,0.03674767742533996,-1.0,0.31035212229019454,0.058611568655967276,0.06218469071565642,0.11934235692024231
wine_quality,mlp,integrated_gradients,328,0,0.11893396079540253,-0.85127280846024,0.07731300937177027,-0.14153127479554967,1.0,0.3210692057142478,0.11934235692024231
wine_quality,mlp,integrated_gradients,898,1,0.23864682018756866,0.7728131762861765,1.0,0.10774005441166104,0.023099886190201542,0.0029283641208912694,0.11934235692024231
wine_quality,mlp,integrated_gradients,1402,1,0.2504304349422455,0.8360968533928926,1.0,0.24790756059912047,0.031235057510658925,-0.2793243489775321,0.11934235692024231
wine_quality,mlp,integrated_gradients,1125,1,0.22519856691360474,0.48168286924611026,-0.47825746617772197,0.40546062879065586,0.5104810022219546,1.0,0.11934235692024231
wine_quality,mlp,integrated_gradients,366,0,0.0519384890794754,-0.8699798567392706,1.0,-0.025882698571495378,-0.6500611240805926,-0.12347398697702762,0.11934235692024231
wine_quality,mlp,integrated_gradients,1253,0,0.04082924500107765,-1.0,-0.8213363172703108,-0.1513666561831063,-0.4946862308698974,-0.09532622075312475,0.11934235692024231
wine_quality,mlp,integrated_gradients,1248,0,0.14285248517990112,0.5232686163743232,1.0,0.16937734518395756,-0.10906058549226906,-0.3306356285624995,0.11934235692024231
wine_quality,mlp,integrated_gradients,1067,1,0.2154114842414856,0.6350686426831175,0.35426970909005384,0.03948115560161095,1.0,0.5983664245068836,0.11934235692024231
wine_quality,mlp,integrated_gradients,1167,1,0.4618772864341736,0.3159495110023661,1.0,-0.03224378759752046,-0.05519417629208358,-0.010568625496272752,0.11934235692024231
wine_quality,mlp,integrated_gradients,162,0,0.05725996568799019,-0.38882376458181056,-1.0,-0.04243250753630062,-0.005919703855996559,-0.020821053400305323,0.11934235692024231
wine_quality,mlp,integrated_gradients,1132,1,0.4302695691585541,0.4812888022961948,1.0,0.1393946635732305,0.05648213109086916,-0.0996204939500747,0.11934235692024231
wine_quality,mlp,integrated_gradients,1586,1,0.5283190608024597,-0.016391867023597195,1.0,-0.07624330092445353,-0.1529058246743496,0.0165503430386983,0.11934235692024231
wine_quality,mlp,integrated_gradients,322,0,0.05757322162389755,-1.0,-0.22075183112651728,-0.2065066768711176,-0.2756296242423176,0.007351621111844725,0.11934235692024231
wine_quality,mlp,integrated_gradients,917,0,0.015437839552760124,-0.3303673133869691,-1.0,-0.00932179663451103,-0.8757376063373546,-0.9858381151736695,0.11934235692024231
wine_quality,mlp,integrated_gradients,1063,1,0.1924189180135727,0.7029828432786611,-0.28646216627178084,1.0,0.0709221326313026,0.4846772810222864,0.11934235692024231
wine_quality,mlp,integrated_gradients,989,0,0.1783808022737503,0.21758892978517214,-1.0,0.5336493404482341,0.1718425685784057,0.6349681348980902,0.11934235692024231
wine_quality,mlp,integrated_gradients,187,0,0.06148200109601021,-0.41187048626968004,-1.0,-0.038949038045379324,-0.3387654372901904,-0.031931410779323176,0.11934235692024231
wine_quality,mlp,integrated_gradients,648,0,0.0867438018321991,1.0,0.2168044757525753,0.36591509630703084,-0.008057646582288289,-0.09961023593101034,0.11934235692024231
wine_quality,mlp,integrated_gradients,1068,1,0.2154114842414856,0.6350686426831175,0.35426970909005384,0.03948115560161095,1.0,0.5983664245068836,0.11934235692024231
wine_quality,mlp,integrated_gradients,882,1,0.2175995409488678,0.8238478385532476,1.0,0.5979322677793621,-0.024658601932580595,0.3480170457043409,0.11934235692024231
wine_quality,mlp,integrated_gradients,377,1,0.3716522753238678,1.0,0.23032966547428704,0.10111882517743159,0.30729929503685516,0.16714325499349228,0.11934235692024231
wine_quality,mlp,integrated_gradients,709,0,0.051500484347343445,-0.3366798543114151,0.055796470968036874,0.3734126434150941,-1.0,0.3147549187113134,0.11934235692024231
wine_quality,mlp,integrated_gradients,1163,0,0.06259070336818695,-0.4160837348237343,0.10785908085699641,-0.22138467287926292,-1.0,0.008581895448840358,0.11934235692024231
wine_quality,mlp,integrated_gradients,896,1,0.23864682018756866,0.7728131762861765,1.0,0.10774005441166104,0.023099886190201542,0.0029283641208912694,0.11934235692024231
wine_quality,mlp,integrated_gradients,1552,0,0.061803486198186874,1.0,0.07633627305247474,0.22292498116513876,0.9156957699303694,0.25203395103159104,0.11934235692024231
wine_quality,mlp,integrated_gradients,505,1,0.3041057586669922,1.0,0.6184109302774101,0.24577500544879233,0.062432778219648266,0.142355726563137,0.11934235692024231
wine_quality,mlp,integrated_gradients,685,0,0.06974207609891891,0.806454388773055,-1.0,-0.00331789147474479,-0.9828168488358093,0.026281649135426136,0.11934235692024231
wine_quality,mlp,integrated_gradients,304,0,0.04076049104332924,-0.7719820782427663,-1.0,-0.7450278346937882,-0.26817464619536463,-0.16476923402428592,0.11934235692024231
wine_quality,mlp,integrated_gradients,1209,1,0.3631039559841156,0.22574994786086744,1.0,-0.15978608633288266,0.0847558790821904,-0.007114019526382155,0.11934235692024231
wine_quality,mlp,integrated_gradients,1590,1,0.20078302919864655,0.9409086365094018,1.0,0.06975155742541683,-0.012026648457833237,-0.02636160200577083,0.11934235692024231
wine_quality,mlp,integrated_gradients,982,0,0.3614587187767029,0.2017446120069502,1.0,-0.3137157582502497,-0.021724352255200995,-0.009335712250079193,0.11934235692024231
wine_quality,mlp,integrated_gradients,465,0,0.14074018597602844,-1.0,0.8013381064136741,0.3505893489342518,-0.07522238953155105,-0.896894984962277,0.11934235692024231
wine_quality,mlp,integrated_gradients,1228,1,0.44983750581741333,-0.403098553720733,0.4575656076748693,0.20872445896201958,-0.2565117083946103,1.0,0.11934235692024231
wine_quality,mlp,integrated_gradients,1554,0,0.07020650804042816,0.6444308676744606,-0.5730871876962627,-0.17733749317358732,-1.0,0.1407088676400765,0.11934235692024231
wine_quality,mlp,integrated_gradients,915,1,0.22139614820480347,0.8171700035348808,0.11809547327961284,1.0,0.1098139617559823,0.16883343011853022,0.11934235692024231
wine_quality,mlp,integrated_gradients,738,0,0.04947757348418236,-0.6069902311743334,-0.6080428203517139,-1.0,0.08150370984980275,-0.23326456618154454,0.11934235692024231
wine_quality,mlp,integrated_gradients,430,1,0.1522531807422638,0.9213142148333581,0.7428775405582049,0.35025301594180513,0.4313510749849915,1.0,0.11934235692024231
wine_quality,mlp,integrated_gradients,33,0,0.04485832154750824,-0.5996255552850112,-1.0,-0.7249938629234541,0.03282720375858152,-0.3866312133540128,0.11934235692024231
wine_quality,mlp,integrated_gradients,1197,0,0.05552874878048897,-0.5301243770497357,-1.0,-0.20770288043950427,-0.11261744103084118,0.036908388029291785,0.11934235692024231
wine_quality,mlp,integrated_gradients,1436,0,0.07719245553016663,-1.0,-0.02459590946794953,-0.717814689425203,0.1269196048181012,-0.023516160412007187,0.11934235692024231
wine_quality,mlp,integrated_gradients,509,1,0.38735008239746094,0.3279986661857467,0.08470908253952818,0.037463715093551654,0.29012650846575044,1.0,0.11934235692024231
wine_quality,mlp,integrated_gradients,1257,0,0.06936000287532806,0.025808466779929238,1.0,-0.46852070747857366,0.26102655805319,-0.007588570035347289,0.11934235692024231
wine_quality,mlp,integrated_gradients,1464,0,0.06429251283407211,-1.0,0.10199586983490348,-0.20067819188232505,-0.04961875789108949,-0.6331536719242061,0.11934235692024231
wine_quality,mlp,integrated_gradients,1006,1,0.23661020398139954,1.0,0.8670743379692042,0.31407871655523184,0.22804987038564128,0.1677630240671715,0.11934235692024231
wine_quality,mlp,integrated_gradients,1344,0,0.1445104032754898,0.38149946756673514,-1.0,0.3711103937758257,0.3509821014362963,0.2294273859913802,0.11934235692024231
wine_quality,mlp,integrated_gradients,1438,0,0.08658100664615631,-0.06614974060095832,-1.0,0.009452849185755152,-0.08377830056108466,-0.03427649694863634,0.11934235692024231
wine_quality,mlp,integrated_gradients,381,0,0.08355341106653214,-1.0,0.7964425754896696,0.031113160804073423,0.4674498715886228,0.02260624284789068,0.11934235692024231
wine_quality,mlp,integrated_gradients,457,0,0.046027522534132004,-1.0,-0.7590467793929125,-0.31768912490948303,-0.4511222160899602,-0.045210986976645634,0.11934235692024231
wine_quality,mlp,integrated_gradients,802,1,0.46108439564704895,0.2961896528600307,1.0,0.23144985028851575,0.062204871238428265,0.23445096363133971,0.11934235692024231
wine_quality,mlp,integrated_gradients,1007,1,0.26867052912712097,1.0,0.6104078640616557,0.21919064674583838,0.3281217918362851,0.1636634926540365,0.11934235692024231
wine_quality,mlp,integrated_gradients,410,0,0.06125166639685631,-0.473408232843954,-0.2168598524314293,-1.0,-0.09354898234223946,-0.1516595427876419,0.11934235692024231
wine_quality,mlp,integrated_gradients,1477,1,0.6460798978805542,-0.3137507931695989,1.0,0.13152279937066755,-0.09937831555963039,0.38749520038983626,0.11934235692024231
wine_quality,mlp,integrated_gradients,1097,0,0.060605738312006,-0.6912794478290222,-1.0,-0.08052916272684854,0.015576180305787871,0.031234617728895724,0.11934235692024231
wine_quality,mlp,integrated_gradients,455,1,0.29246431589126587,1.0,0.2671707032596204,0.4289389771654768,-0.21981583687896866,0.09182907602343472,0.11934235692024231
wine_quality,mlp,integrated_gradients,795,0,0.1190248653292656,-0.16301486606122584,0.6649558532647414,-0.19327258289026766,-1.0,-0.358564941124228,0.11934235692024231
wine_quality,mlp,integrated_gradients,588,1,0.1940043419599533,1.0,0.8799221408710425,-0.04083739368086621,-0.44755534639777483,0.6359231611936976,0.11934235692024231
wine_quality,mlp,integrated_gradients,875,1,0.2582468092441559,1.0,0.6396324430993644,0.35974969201963,0.2716429851159651,0.0036349340348602044,0.11934235692024231
wine_quality,mlp,integrated_gradients,1014,0,0.07450921833515167,1.0,-0.9888139123228156,-0.04792531752045756,-0.2676471667597624,-0.04712736344175437,0.11934235692024231
wine_quality,mlp,integrated_gradients,838,1,0.1684342622756958,1.0,0.9274471682582777,0.28124272344894896,0.2172280286199802,0.34764872739536096,0.11934235692024231
wine_quality,mlp,integrated_gradients,775,0,0.05276218056678772,-0.20762798625173337,-1.0,-0.07712381665494618,-0.9290480144373745,-0.02188345939912054,0.11934235692024231
wine_quality,mlp,integrated_gradients,1151,0,0.062423188239336014,1.0,-0.1614055795457753,-0.7245082638199152,0.5054784094885136,-0.09395621169381826,0.11934235692024231
wine_quality,mlp,integrated_gradients,1357,0,0.049248673021793365,0.3569008985566664,-1.0,-0.4834929262962658,-0.2315131931779587,-0.6913746426839756,0.11934235692024231
wine_quality,mlp,integrated_gradients,931,0,0.06837276369333267,-0.5598912784437601,-0.061940609275287335,0.08581046906466792,0.004311650354038107,-1.0,0.11934235692024231
wine_quality,mlp,integrated_gradients,922,1,0.3567807972431183,0.3122295834542099,1.0,-0.0006438789628159473,0.05454867704563902,0.015884868123472787,0.11934235692024231
wine_quality,mlp,integrated_gradients,369,1,0.3716522753238678,1.0,0.23032966547428704,0.10111882517743159,0.30729929503685516,0.16714325499349228,0.11934235692024231
wine_quality,mlp,integrated_gradients,858,0,0.14185118675231934,0.15973081280138227,0.1511823607443774,0.5083358614847546,0.18243170419535873,1.0,0.11934235692024231
wine_quality,mlp,integrated_gradients,391,0,0.08355341106653214,-1.0,0.7964425754896696,0.031113160804073423,0.4674498715886228,0.02260624284789068,0.11934235692024231
wine_quality,mlp,integrated_gradients,1193,0,0.06531064212322235,0.2583168241833133,-1.0,-0.08140991183281111,-0.8283626588922507,0.03337396784063968,0.11934235692024231
wine_quality,mlp,integrated_gradients,1475,1,0.6418858766555786,-0.3257577171559481,1.0,0.11836904629912849,-0.09900145165900304,0.38191313947793765,0.11934235692024231
wine_quality,mlp,integrated_gradients,461,0,0.05507528781890869,-1.0,-0.39543416737914094,-0.1873647031687969,-0.25868272191318276,0.013864816930755619,0.11934235692024231
wine_quality,mlp,integrated_gradients,629,0,0.04772225022315979,-1.0,-0.28128643539939285,-0.6503171967903438,-0.5119469079050493,-0.13926660556500278,0.11934235692024231
wine_quality,mlp,integrated_gradients,506,0,0.35749995708465576,0.13902049382995985,1.0,-0.1628586032604328,0.04625745099830706,-0.0035448228780035327,0.11934235692024231
wine_quality,mlp,integrated_gradients,1016,1,0.19288219511508942,0.838063118307523,1.0,0.7338129596445641,-0.10155046447784533,0.1951246532688046,0.11934235692024231
wine_quality,mlp,integrated_gradients,1473,0,0.0924895852804184,0.1296289023889815,-1.0,0.01549273982011226,0.11202695770542033,-0.1600564318156443,0.11934235692024231
wine_quality,mlp,integrated_gradients,1308,0,0.0618477389216423,-0.22426415448238377,-0.2678608751674334,-1.0,-0.39406561545190055,-0.03861491142760873,0.11934235692024231
wine_quality,mlp,integrated_gradients,526,0,0.20201796293258667,0.18265558010668284,0.31442128593552826,-1.0,-0.061126850087584485,-0.0360488836518997,0.11934235692024231
wine_quality,mlp,integrated_gradients,952,1,0.15022456645965576,1.0,0.23016656912730374,0.7506391969369334,0.5854011347630289,0.005556488155166941,0.11934235692024231
wine_quality,mlp,integrated_gradients,1550,0,0.0485784150660038,-0.7440463386632489,-1.0,-0.03357244881182138,-0.39498249600906243,-0.11955967556862185,0.11934235692024231
wine_quality,mlp,integrated_gradients,983,0,0.05200602114200592,0.17726150873980856,1.0,-0.45480449504522125,0.20078039377490103,0.004179298784997557,0.11934235692024231
wine_quality,mlp,integrated_gradients,99,0,0.06416569650173187,-1.0,-0.5454645946540327,-0.044708724243146966,-0.044267198096554945,-0.000676799588618681,0.11934235692024231
wine_quality,mlp,integrated_gradients,216,0,0.0753169059753418,0.2671746053760343,-1.0,-0.02988556936269001,-0.22316201899639762,-0.23732738416502586,0.11934235692024231
wine_quality,mlp,integrated_gradients,214,0,0.07305005937814713,-0.7399416478753419,0.3979354667032753,0.034989658694330926,-1.0,-0.03400662014910737,0.11934235692024231
wine_quality,mlp,integrated_gradients,1369,0,0.10896478593349457,-0.0074868932959754,-1.0,0.01474700249695624,-0.0598327275899921,0.000574070611171886,0.11934235692024231
wine_quality,mlp,integrated_gradients,913,1,0.24198800325393677,0.801719322099025,-0.15709642945551414,1.0,0.058249898857972576,0.16478765716270288,0.11934235692024231
wine_quality,mlp,integrated_gradients,440,1,0.4667595326900482,-0.37570983787293083,0.023590255232283846,-0.10776658838090082,0.6606254267136114,1.0,0.11934235692024231
wine_quality,mlp,integrated_gradients,256,0,0.07911689579486847,-1.0,-0.24363080792813563,-0.27692480099144073,0.3668340099577263,0.008413669237085985,0.11934235692024231
wine_quality,mlp,integrated_gradients,247,0,0.06764161586761475,-0.4069401590799744,-1.0,-0.232980169856843,-0.07274640328619592,-0.041128777851992974,0.11934235692024231
wine_quality,mlp,integrated_gradients,1205,1,0.37991195917129517,0.11134655934821337,1.0,-0.0067203968618334406,0.014735652935856032,0.01951328295312185,0.11934235692024231
wine_quality,mlp,integrated_gradients,1389,0,0.06699968129396439,-0.2176146741550918,-0.5786441435655868,-1.0,0.01254558115917129,0.009037383535472995,0.11934235692024231
wine_quality,mlp,integrated_gradients,335,0,0.35928383469581604,1.0,0.6283017842797082,-0.14710110019729478,-0.4359279303790407,-0.043967345163830975,0.11934235692024231
wine_quality,mlp,integrated_gradients,753,0,0.04596051946282387,-0.9290299692002381,-1.0,0.001261586131815265,-0.4217101320833921,0.007290567707642262,0.11934235692024231
wine_quality,mlp,integrated_gradients,544,0,0.21776124835014343,-1.0,0.15819268344588747,-0.010471082249134546,0.3080379657184931,0.12129980169306767,0.11934235692024231
wine_quality,mlp,integrated_gradients,807,1,0.2597937285900116,0.9319614795110971,0.3581201989484964,1.0,0.18440140280784115,-0.05673348279975602,0.11934235692024231
wine_quality,mlp,integrated_gradients,1249,0,0.04118591919541359,0.7213951622145233,-1.0,0.2269147505992577,0.09033103306954628,-0.7640384954052462,0.11934235692024231
wine_quality,mlp,integrated_gradients,818,0,0.0623134970664978,-0.5360112109939577,-1.0,-0.0010224510041742312,-0.3546676385794784,0.002996141720285079,0.11934235692024231
wine_quality,mlp,integrated_gradients,739,0,0.05762207880616188,-1.0,-0.43338125651797227,0.005345211525271614,-0.5556953799985506,-0.00997773828213162,0.11934235692024231
wine_quality,mlp,integrated_gradients,314,0,0.03589656576514244,-0.0663482479757233,0.8230047475531893,-0.7095904061380393,-1.0,-0.0015677746010146316,0.11934235692024231
wine_quality,mlp,integrated_gradients,1162,1,0.18395818769931793,1.0,0.48975948190494706,0.7678143573729924,0.21019311110166075,0.8646340589175167,0.11934235692024231
wine_quality,mlp,integrated_gradients,352,0,0.0713939517736435,-1.0,0.5478925071908368,-0.3166920240935037,-0.4919706931526286,-0.021246759596879005,0.11934235692024231
wine_quality,mlp,integrated_gradients,511,0,0.028389517217874527,-0.5072013881042989,-0.7634091408027527,-1.0,-0.5123120379311599,-0.54421951479073,0.11934235692024231
wine_quality,mlp,integrated_gradients,348,0,0.0787801519036293,-1.0,0.845635957087084,0.0021865254114622015,-0.2103078129845457,-0.7034411250638731,0.11934235692024231
wine_quality,mlp,integrated_gradients,365,1,0.23314876854419708,1.0,0.7877517624079585,0.1101461593372358,0.04851648617834103,0.11851442946849773,0.11934235692024231
wine_quality,mlp,integrated_gradients,480,0,0.12030763924121857,-1.0,0.014564036066013773,-0.13546088297212594,0.6067019507391213,0.14966205432967672,0.11934235692024231
wine_quality,mlp,integrated_gradients,1093,1,0.26541832089424133,1.0,0.8829957261209656,0.19675077737259347,0.23962371943914867,-0.05615739418800509,0.11934235692024231
wine_quality,mlp,integrated_gradients,1033,0,0.046057816594839096,-0.04544872464229734,-1.0,-0.1343927808442736,-0.18036031881131886,0.012311874183638665,0.11934235692024231
wine_quality,mlp,integrated_gradients,966,1,0.2725197672843933,1.0,-0.5573334859976427,0.5989359866302809,0.48585230537323687,0.2809954751873473,0.11934235692024231
wine_quality,mlp,integrated_gradients,398,0,0.0347711555659771,1.0,-0.25700922163519274,-0.06440791574845472,-0.2755190243299334,-0.30367885100737524,0.11934235692024231
wine_quality,mlp,integrated_gradients,228,0,0.05618710070848465,0.003571761410989212,-1.0,-0.25404193969080946,-0.28230571499229906,-0.15154787533457406,0.11934235692024231
wine_quality,mlp,integrated_gradients,1425,0,0.0549999438226223,-1.0,0.5037788706059733,0.15370944467040798,-0.8001918187800203,0.4004511331159342,0.11934235692024231
wine_quality,mlp,integrated_gradients,919,1,0.3567807972431183,0.3122295834542099,1.0,-0.0006438789628159473,0.05454867704563902,0.015884868123472787,0.11934235692024231
wine_quality,mlp,integrated_gradients,787,0,0.06580080091953278,-0.19428690942129168,-1.0,-0.13101349648321023,-0.04789942820886826,-0.11359710586964994,0.11934235692024231
wine_quality,mlp,integrated_gradients,1476,0,0.09939400851726532,-1.0,0.19917108418779053,-0.41054712746313127,0.04469264802250121,0.002259772833170845,0.11934235692024231
wine_quality,mlp,integrated_gradients,602,0,0.0423177145421505,-0.8124134925822489,-1.0,-0.09526546987893474,-0.8695366684052881,0.003537846238745728,0.11934235692024231
wine_quality,mlp,integrated_gradients,205,1,0.14171770215034485,0.5290017448058012,1.0,0.483626647308442,0.23271728531181385,0.6783802642002315,0.11934235692024231
wine_quality,mlp,integrated_gradients,148,0,0.0489160381257534,-0.18337023893214724,-1.0,0.2242207043150992,-0.05254884908374578,-0.637552787153318,0.11934235692024231
wine_quality,mlp,integrated_gradients,1544,1,0.212316632270813,1.0,0.5717290126953843,0.04537595569108179,0.6966857444606834,0.23279410398188474,0.11934235692024231
wine_quality,mlp,integrated_gradients,1575,0,0.14867225289344788,1.0,-0.22300321752759736,0.5670340633759323,0.010319871224727193,0.07850327084903158,0.11934235692024231
wine_quality,mlp,integrated_gradients,123,0,0.04767623543739319,-0.7722659148403905,-1.0,-0.018942595643129015,-0.4858441464879803,-0.12960417931187956,0.11934235692024231
wine_quality,mlp,integrated_gradients,578,0,0.08774805814027786,-0.16062388212283837,-0.20648728554695478,-1.0,-0.02687244822580981,0.015917122025380082,0.11934235692024231
wine_quality,mlp,integrated_gradients,862,0,0.11898787319660187,-0.0062140564815950025,-1.0,0.11715201710276625,-0.009488079953754103,0.04432256189965838,0.11934235692024231
wine_quality,mlp,integrated_gradients,817,1,0.15717589855194092,1.0,0.9529327934215506,0.9375897335354842,-0.0016655358033014357,0.18373474672105225,0.11934235692024231
wine_quality,mlp,integrated_gradients,288,0,0.2900626063346863,0.08548212857933403,1.0,-0.010586567989700075,0.002975897818874073,-0.003998776191614697,0.11934235692024231
wine_quality,mlp,integrated_gradients,928,0,0.16997061669826508,1.0,0.9553327982599449,-0.07741453692992657,0.22689291708656484,-0.02722282391190664,0.11934235692024231
wine_quality,mlp,integrated_gradients,283,0,0.2180684208869934,0.014641720895341664,1.0,0.0005561324233570679,-0.06947561260772961,-0.03272354560073974,0.11934235692024231
wine_quality,mlp,integrated_gradients,668,0,0.06643049418926239,0.3453031297140582,-1.0,0.0465822587383568,-0.6575592043651127,-0.1446832853866299,0.11934235692024231
wine_quality,mlp,integrated_gradients,1337,0,0.0790146067738533,-0.37104556922803905,-1.0,-0.00630307940398076,0.02405444092267906,-0.03507523954610402,0.11934235692024231
wine_quality,mlp,integrated_gradients,747,0,0.08028612285852432,-0.06644130642110703,-1.0,-0.1549526017553558,-0.22480618878134667,0.011807162999459624,0.11934235692024231
wine_quality,mlp,integrated_gradients,541,0,0.11496756225824356,1.0,0.7498020340639446,-0.24097227375194297,0.4068571810000658,0.01888535732535529,0.11934235692024231
wine_quality,mlp,integrated_gradients,959,0,0.029843496158719063,-0.8342665960558865,-1.0,-0.12210034979798222,-0.35990426975731343,-0.08785740856148427,0.11934235692024231
wine_quality,mlp,integrated_gradients,513,1,0.2761908173561096,1.0,0.01938980953287353,0.30362235964981,0.07252465517393934,0.19496658241457768,0.11934235692024231
wine_quality,mlp,integrated_gradients,294,0,0.13990825414657593,-1.0,0.398519067461746,-0.10526936786378735,0.3765038474466732,-0.3402095720945728,0.11934235692024231
wine_quality,mlp,integrated_gradients,619,0,0.1191224679350853,-1.0,0.7013463618221446,-0.43065330643624383,0.3214998398521123,-0.06670466778085314,0.11934235692024231
wine_quality,mlp,integrated_gradients,298,0,0.12356367707252502,-0.4007807983340525,0.4151852073835975,0.14148105488784785,-0.021882923091264606,-1.0,0.11934235692024231
wine_quality,mlp,integrated_gradients,925,0,0.237416073679924,0.5208424197169561,0.7076197835109541,-1.0,-0.28987512053024456,-0.4428215126817933,0.11934235692024231
wine_quality,mlp,integrated_gradients,664,0,0.06513321399688721,-0.35097683810811947,0.04957333575306062,-0.1051656382635067,0.8804580559760019,1.0,0.11934235692024231
wine_quality,mlp,integrated_gradients,1076,1,0.1921718269586563,1.0,0.5466024597654251,0.5331180722607561,0.5791491724882376,0.5509034552422364,0.11934235692024231
wine_quality,mlp,integrated_gradients,1266,0,0.04019336774945259,-0.13414838277649435,-1.0,0.1258233717123175,0.06951198290903277,-0.5845570506032584,0.11934235692024231
wine_quality,mlp,integrated_gradients,1060,0,0.2591821849346161,-0.4978996657472003,0.1291652096982411,-0.048422936124932744,1.0,0.2502730917469834,0.11934235692024231
wine_quality,mlp,integrated_gradients,411,0,0.05170254036784172,-0.6762733364099693,-0.2861060884608498,-1.0,-0.08473171662237247,-0.23241807015666707,0.11934235692024231
wine_quality,mlp,integrated_gradients,583,1,0.2623922824859619,-0.4101196455327458,0.010871105288943377,-0.052434385542995204,1.0,0.9218584316248286,0.11934235692024231
wine_quality,mlp,integrated_gradients,574,0,0.10109154134988785,-0.18351779301085908,0.28694428187160387,-1.0,-0.26370413502023876,0.10507163142379831,0.11934235692024231
wine_quality,mlp,integrated_gradients,946,1,0.25680187344551086,1.0,0.8790805122201977,0.06954687628563647,0.055413550046937154,0.03586749482786093,0.11934235692024231
wine_quality,mlp,integrated_gradients,1208,1,0.37991195917129517,0.11134655934821337,1.0,-0.0067203968618334406,0.014735652935856032,0.01951328295312185,0.11934235692024231
wine_quality,mlp,integrated_gradients,367,0,0.0920913890004158,-1.0,0.16358061622629294,-0.11865101218846116,-0.0998770296538991,-0.024178277229098946,0.11934235692024231
wine_quality,mlp,integrated_gradients,1202,0,0.21390923857688904,1.0,0.2647821459336773,0.3090073733529146,0.10080951642212588,-0.11264375969247672,0.11934235692024231
wine_quality,mlp,integrated_gradients,124,0,0.05499786511063576,-0.23547696776963697,-1.0,-0.8213833461002858,-0.019691459311782122,-0.08757221501557537,0.11934235692024231
wine_quality,mlp,integrated_gradients,1398,0,0.037526972591876984,-0.23280026346171218,-0.7964583062409851,0.10479653687818717,0.027614663917558523,-1.0,0.11934235692024231
wine_quality,mlp,integrated_gradients,420,0,0.13113440573215485,0.6567096550666962,1.0,-0.6760593781039492,0.13219780993356917,0.07626508602395764,0.11934235692024231
wine_quality,mlp,integrated_gradients,607,0,0.08443291485309601,0.010610238776555068,-1.0,-0.0775301483075862,-0.08422339423602815,0.0021264091806748866,0.11934235692024231
wine_quality,mlp,integrated_gradients,733,0,0.05615063011646271,-0.6002430865624349,-0.2813215443427308,-0.33123307383754336,-0.037246464165298865,-1.0,0.11934235692024231
wine_quality,mlp,integrated_gradients,559,0,0.07667233794927597,1.0,0.5571109381624554,-0.06821191736841896,-0.20563570599605258,0.08130557094418532,0.11934235692024231
wine_quality,mlp,integrated_gradients,874,1,0.2822578251361847,1.0,-0.04240971004543237,0.4477300762612104,0.4481159383258433,0.27709758451086636,0.11934235692024231
wine_quality,mlp,integrated_gradients,1084,0,0.030377516523003578,-0.8312768470773916,-1.0,-0.9204449988825055,-0.4388282587228187,-0.6918899330760285,0.11934235692024231
wine_quality,mlp,integrated_gradients,1267,1,0.27443927526474,1.0,0.40648223399424066,0.004126733837811693,0.3680074471252802,0.2081709769962038,0.11934235692024231
wine_quality,mlp,integrated_gradients,429,0,0.0859626904129982,-0.01715679134138929,-0.30830538225196547,0.057907166556434,-1.0,-0.12158673808691962,0.11934235692024231
wine_quality,mlp,integrated_gradients,274,0,0.07241195440292358,-0.7232108388462644,0.2596732492585633,-1.0,-0.061647183116561345,-0.16127073625512503,0.11934235692024231
wine_quality,mlp,integrated_gradients,1233,0,0.08377303183078766,-0.19101560714297786,-1.0,0.10581875110838607,-0.3497519438667941,0.15824411103480257,0.11934235692024231
wine_quality,mlp,integrated_gradients,697,0,0.073279470205307,-1.0,0.09234311828980284,0.027987440195644225,-0.36907512899317607,-0.3523523538026501,0.11934235692024231
wine_quality,mlp,integrated_gradients,1570,1,0.2925145626068115,0.8891662489455088,1.0,0.08361892470423304,0.07035545650809565,-0.09140680717380052,0.11934235692024231
wine_quality,mlp,integrated_gradients,1229,0,0.053090039640665054,-1.0,-0.11914697792453138,-0.5321025195756526,-0.05561099855177606,-0.5140596799620861,0.11934235692024231
wine_quality,mlp,integrated_gradients,1452,0,0.15498968958854675,1.0,0.9896460806089155,-0.10385548007909101,0.02414924302593686,-0.1342185796768098,0.11934235692024231
wine_quality,mlp,integrated_gradients,633,0,0.16630786657333374,0.36262054764866675,-0.06937377068995117,-0.2336563587406274,-1.0,0.2447807186840433,0.11934235692024231
wine_quality,mlp,integrated_gradients,1304,0,0.055837322026491165,-0.46342872441984195,-1.0,-0.1598639329837237,-0.3945481457819238,-0.08463339457273095,0.11934235692024231
wine_quality,mlp,integrated_gradients,616,0,0.041222311556339264,-0.6801809312342021,-0.7532757129572646,-0.4224963919486911,-0.0024332136669572087,-1.0,0.11934235692024231
wine_quality,mlp,integrated_gradients,1598,0,0.04579756781458855,0.5454928873680004,0.07417556187966658,0.24401388077836023,-1.0,-0.3919523436858792,0.11934235692024231
wine_quality,mlp,integrated_gradients,1453,0,0.047492239624261856,-1.0,-0.4454400918187023,-0.8539271093353694,-0.006958799096857765,-0.2918219810942393,0.11934235692024231
wine_quality,mlp,integrated_gradients,229,0,0.0964851975440979,0.13133490138705534,-1.0,0.10578656070444348,-0.008985679534261867,-0.2577961245477228,0.11934235692024231
wine_quality,mlp,integrated_gradients,1031,0,0.07204361259937286,0.7357546850777649,-1.0,0.18842971168195352,-0.060686487605912595,-0.054355724890454864,0.11934235692024231
wine_quality,mlp,integrated_gradients,413,1,0.2462209314107895,1.0,0.6467236239641865,0.18796492194470615,0.1573579394620073,0.1265659565130059,0.11934235692024231
wine_quality,mlp,integrated_gradients,626,0,0.05816192924976349,-0.7409365591808322,-1.0,-0.06383280713858773,-0.12862176549076254,-0.014518982041506659,0.11934235692024231
wine_quality,mlp,integrated_gradients,1463,0,0.09331793338060379,0.14481118284099356,-1.0,0.028159194576955815,-0.09706081180072912,-0.0009095431463948954,0.11934235692024231
wine_quality,mlp,integrated_gradients,1416,0,0.10802850872278214,-1.0,0.6960766699672765,-0.3283536127607455,0.4767719098405921,-0.0023673675604463677,0.11934235692024231
wine_quality,mlp,integrated_gradients,109,0,0.07573338598012924,-0.32831916494265534,0.07410879869997952,-1.0,-0.21496757966713045,-0.045538195897926986,0.11934235692024231
wine_quality,mlp,integrated_gradients,232,0,0.07664487510919571,-1.0,0.27799073324933815,-0.37725856876490277,-0.11364998506381924,-0.16481221240075314,0.11934235692024231
wine_quality,mlp,integrated_gradients,1529,0,0.03996136784553528,-0.3421100101351276,-1.0,0.05599050875879366,-0.8021124730680799,0.012476722976349131,0.11934235692024231
wine_quality,mlp,integrated_gradients,654,0,0.09086567908525467,-0.2590222564599163,-1.0,0.052993990341745116,0.038839153752710465,-0.06017766076558417,0.11934235692024231
wine_quality,mlp,integrated_gradients,1364,0,0.12160523980855942,0.3425619236962306,-1.0,0.21734983484134715,0.07178020276101962,-0.23032866489204262,0.11934235692024231
wine_quality,mlp,integrated_gradients,1301,0,0.3684549331665039,1.0,0.34657036440767897,-0.005567507417722588,0.07951151840900679,-0.5368910119113868,0.11934235692024231
wine_quality,mlp,integrated_gradients,275,0,0.018144391477108,-0.1496566489371531,1.0,-0.523069395174884,0.2644023896039049,-0.38575494220627526,0.11934235692024231
wine_quality,mlp,integrated_gradients,184,0,0.0452023521065712,-0.949304651409265,-0.5121064398511478,-0.22512867653421642,-0.019524542946323834,-1.0,0.11934235692024231
wine_quality,mlp,integrated_gradients,841,0,0.02460232377052307,-0.36715181213712134,-0.7851313934177007,0.014833024713603718,-1.0,-0.3958822168410826,0.11934235692024231
wine_quality,mlp,integrated_gradients,659,0,0.07716574519872665,0.42391260374252765,-0.6681767548571688,-0.027794348678397657,-1.0,0.019712833292346604,0.11934235692024231
wine_quality,mlp,integrated_gradients,900,0,0.07501291483640671,1.0,0.7044110669549843,0.42727742168478683,-0.4285575586882998,-0.44669227834589437,0.11934235692024231
wine_quality,mlp,integrated_gradients,1469,0,0.06514117121696472,-0.3593052235477119,-0.4230132904804932,-0.011246934189532317,-1.0,-0.00014232120085678278,0.11934235692024231
wine_quality,mlp,integrated_gradients,618,0,0.03792557492852211,-0.7125254492160507,0.8574283028777665,-1.0,0.6025861128194309,0.025202446935922735,0.11934235692024231
wine_quality,mlp,integrated_gradients,884,0,0.07393002510070801,-0.1694098619128626,-1.0,-0.2425668566683329,-0.11206881782414499,-0.06011084284349453,0.11934235692024231
wine_quality,mlp,integrated_gradients,470,1,0.24302449822425842,0.10330122180883333,-0.22332678974643477,-0.001393314764020058,0.8867716044136837,1.0,0.11934235692024231
wine_quality,mlp,integrated_gradients,12,0,0.05587891861796379,-0.2716021518301176,-0.8730895434317721,-0.08233774223438943,0.03832762812216602,-1.0,0.11934235692024231
wine_quality,mlp,integrated_gradients,163,0,0.06061898544430733,-0.25295591553368196,-0.6934431150880163,-1.0,0.023424660396496252,-0.04606267650793973,0.11934235692024231
wine_quality,mlp,integrated_gradients,617,0,0.1447402685880661,-1.0,-0.02276385032514512,0.17093846564858384,0.7059321418809464,0.28471022628123854,0.11934235692024231
wine_quality,mlp,integrated_gradients,1005,0,0.2193073332309723,0.8987738786011125,-0.9195870403233818,1.0,0.26895615046775034,-0.15246838348395028,0.11934235692024231
wine_quality,mlp,integrated_gradients,1090,1,0.5410714745521545,0.05088797261148314,0.004004925739228544,-0.10117260365073737,0.5315435464573355,1.0,0.11934235692024231
wine_quality,mlp,integrated_gradients,344,0,0.12430733442306519,0.33040979731301046,1.0,-0.1836297326676036,-0.1767645745855612,-0.06144310864355409,0.11934235692024231
wine_quality,mlp,integrated_gradients,415,0,0.10590086877346039,-0.4379601786267321,0.34222107372749844,-1.0,-0.09160459424780498,-0.008691942385428388,0.11934235692024231
wine_quality,mlp,integrated_gradients,945,1,0.1788250207901001,1.0,0.6883314067861126,-0.07079793344479308,0.4850107210019645,0.2670978357675157,0.11934235692024231
wine_quality,mlp,integrated_gradients,1020,0,0.23659522831439972,0.6162612862354769,-0.9962995753083409,1.0,0.1725798524049895,0.47929773807021786,0.11934235692024231
wine_quality,mlp,integrated_gradients,954,0,0.14362210035324097,0.4547550630213826,-1.0,0.6989280077557117,-0.06831169988616269,-0.22867207819291255,0.11934235692024231
wine_quality,mlp,integrated_gradients,191,0,0.07270175963640213,-0.3599044206903867,-0.20816030197179403,-0.027169618430876015,-0.08914142591642742,-1.0,0.11934235692024231
wine_quality,mlp,integrated_gradients,823,0,0.08580069988965988,-0.36733963038301143,-0.08470182724432798,0.0821428493896522,7.483840658201162e-05,-1.0,0.11934235692024231
wine_quality,mlp,integrated_gradients,1029,0,0.0639779269695282,0.07055760604553037,-1.0,-0.020729666115133483,-0.15839541575307337,-0.003297828994245585,0.11934235692024231
wine_quality,mlp,integrated_gradients,1420,0,0.09282784909009933,-0.19789601499878443,-1.0,0.046828958259809685,-0.0019467986970993913,-0.0262005029158105,0.11934235692024231
wine_quality,mlp,integrated_gradients,188,0,0.0839790552854538,-0.13710247227559685,-0.2880627323231257,-1.0,-0.005766220208099595,0.031856056832120866,0.11934235692024231
wine_quality,mlp,integrated_gradients,1495,0,0.22281000018119812,0.07372386444939136,1.0,-0.10802647158078843,0.008161310733550973,-0.02772726536305638,0.11934235692024231
wine_quality,mlp,integrated_gradients,1442,0,0.08053041994571686,-1.0,0.8267182366650291,-0.11386578616491852,-0.4968349769304286,-0.23454535319527672,0.11934235692024231
wine_quality,mlp,integrated_gradients,1182,0,0.13773439824581146,0.18051771091372154,1.0,-0.5247127103938799,0.07417897878212944,-0.5253622690585803,0.11934235692024231
wine_quality,mlp,integrated_gradients,539,0,0.0924186035990715,1.0,-0.573778792128321,0.5290573808983479,0.10850093093355767,-0.013763690910710592,0.11934235692024231
wine_quality,mlp,integrated_gradients,495,1,0.15362054109573364,0.7627698291833587,-0.07433909188790704,0.5874679658172718,1.0,0.3779110608867721,0.11934235692024231
wine_quality,mlp,integrated_gradients,318,0,0.1366872936487198,1.0,0.579624021945444,-0.07263132637350622,0.41095000844332275,-0.12802889894819855,0.11934235692024231
wine_quality,mlp,integrated_gradients,1492,0,0.10696517676115036,0.7762030109727057,-1.0,0.28013363588359186,-0.02296695225611204,-0.5981219956810178,0.11934235692024231
wine_quality,mlp,integrated_gradients,1365,0,0.059860557317733765,-1.0,-0.40036017857329553,-0.008387956037316282,0.0937407739868873,0.05040148404077095,0.11934235692024231
wine_quality,mlp,integrated_gradients,996,0,0.2808417081832886,1.0,-0.1591892526161237,-0.012239877423519794,0.05651600034551977,-0.22985514168645058,0.11934235692024231
wine_quality,mlp,integrated_gradients,1222,0,0.07136863470077515,-0.14574202186965232,-1.0,-0.5556909974134915,0.0015064919364478476,0.04468662411983961,0.11934235692024231
wine_quality,mlp,integrated_gradients,346,1,0.36886268854141235,0.6185011801749991,1.0,-0.16124279286914786,0.21252940338101917,0.1352475236685401,0.11934235692024231
wine_quality,mlp,integrated_gradients,66,0,0.04857249930500984,-0.5007379253923414,-1.0,0.03395475656054903,-0.008665464391792327,-0.5673479345643517,0.11934235692024231
wine_quality,mlp,integrated_gradients,1332,0,0.10540574789047241,-0.19658741019500514,-1.0,0.08281287551281798,0.1112882864033612,0.010151927184795424,0.11934235692024231
wine_quality,mlp,integrated_gradients,667,0,0.14618222415447235,-1.0,0.009991187801620836,-0.1626873715039047,0.5523378758859598,0.4365416213435856,0.11934235692024231
wine_quality,mlp,integrated_gradients,1082,0,0.030377516523003578,-0.8312768470773916,-1.0,-0.9204449988825055,-0.4388282587228187,-0.6918899330760285,0.11934235692024231
wine_quality,mlp,integrated_gradients,151,0,0.0670216903090477,-1.0,0.23863645585419999,-0.3295511733145654,0.018400634653508382,-0.7114485255348258,0.11934235692024231
wine_quality,mlp,integrated_gradients,31,0,0.05471749231219292,0.12152457105625875,-1.0,0.09606489668687915,0.11111270064266245,-0.7627843327751723,0.11934235692024231
wine_quality,mlp,integrated_gradients,1556,0,0.04715776816010475,-0.44772248465239683,-0.7232675059604701,-0.08411105871899405,-1.0,-0.1502713780442517,0.11934235692024231
wine_quality,mlp,integrated_gradients,645,0,0.02979942038655281,-0.9682052789890415,0.7237463498008119,-0.7913974998315461,-1.0,0.06222991510673352,0.11934235692024231
wine_quality,mlp,integrated_gradients,854,0,0.14773021638393402,0.055147202337057055,1.0,-0.051142246898756474,-0.21450047896879637,0.1277589626474946,0.11934235692024231
wine_quality,mlp,integrated_gradients,687,0,0.03946581855416298,-1.0,-0.8912730524989322,-0.017383564969404925,-0.5227278583918765,0.017254165673575437,0.11934235692024231
wine_quality,mlp,integrated_gradients,782,0,0.042708076536655426,-0.29010593873431423,-1.0,-0.8924528900954104,-0.7575818872432675,0.08595606432350968,0.11934235692024231
wine_quality,mlp,integrated_gradients,334,0,0.20079007744789124,1.0,0.6055163811780722,0.04080573049947925,-0.20374176035641064,-0.03257506200094784,0.11934235692024231
wine_quality,mlp,integrated_gradients,548,0,0.12477639317512512,-0.020974657919017408,0.6454852404019202,-1.0,-0.3698211056603837,0.44626813526604203,0.11934235692024231
wine_quality,mlp,integrated_gradients,821,1,0.19410350918769836,1.0,0.8929713698671571,0.04992814023819624,-0.4114921957250946,0.46231698042985503,0.11934235692024231
wine_quality,mlp,integrated_gradients,1326,0,0.04763571918010712,0.17371346674261812,-1.0,0.307391948270431,-0.13736985337428706,-0.5164648541547602,0.11934235692024231
wine_quality,mlp,integrated_gradients,1424,0,0.0549999438226223,-1.0,0.5037788706059733,0.15370944467040798,-0.8001918187800203,0.4004511331159342,0.11934235692024231
wine_quality,mlp,integrated_gradients,1250,0,0.04118591919541359,0.7213951622145233,-1.0,0.2269147505992577,0.09033103306954628,-0.7640384954052462,0.11934235692024231
wine_quality,mlp,integrated_gradients,1549,1,0.14687854051589966,1.0,0.5690635306282371,0.8901204968888647,0.17804728629383904,0.4115227407289873,0.11934235692024231
wine_quality,mlp,integrated_gradients,1072,0,0.03388712927699089,-0.6309195386756696,-0.9912149795520412,-1.0,-0.4846443805298012,-0.42474768062070417,0.11934235692024231
wine_quality,mlp,integrated_gradients,944,0,0.16696323454380035,1.0,-0.20329400672734768,0.8806045277554186,0.20429802619665494,0.21331615098039547,0.11934235692024231
wine_quality,mlp,integrated_gradients,1508,0,0.07199887931346893,0.26763639379663284,1.0,0.6100525832910265,-0.4290399022054683,-0.4434059058774199,0.11934235692024231
wine_quality,mlp,integrated_gradients,1002,1,0.23661020398139954,1.0,0.8670743379692042,0.31407871655523184,0.22804987038564128,0.1677630240671715,0.11934235692024231
wine_quality,mlp,integrated_gradients,1443,0,0.1492128074169159,0.2082657995174915,-1.0,0.2649355590082271,0.03834723294108295,-0.07944488975984626,0.11934235692024231
wine_quality,mlp,integrated_gradients,360,0,0.05903802812099457,-1.0,0.19106613494532398,-0.6293466011269632,-0.6098819401939689,-0.1251893941784085,0.11934235692024231
wine_quality,mlp,integrated_gradients,135,0,0.06750418990850449,-1.0,0.7886710523396737,-0.3788780210367055,-0.9484939668943239,-0.14274106292104893,0.11934235692024231
wine_quality,mlp,integrated_gradients,34,0,0.062021881341934204,-0.2899785342814816,-1.0,-0.033572901365329734,-0.31096707332484746,-0.1801006698832209,0.11934235692024231
wine_quality,mlp,integrated_gradients,263,0,0.0902794897556305,-1.0,0.08962998844278684,-0.058102111700250585,-0.15580185263678428,0.11913464623736951,0.11934235692024231
wine_quality,mlp,integrated_gradients,1015,1,0.23323850333690643,1.0,0.6208228133616307,0.16650768116855907,0.4788771298610287,0.2968052891156234,0.11934235692024231
wine_quality,mlp,integrated_gradients,221,0,0.04278295487165451,-1.0,-0.8402805460107753,-0.696877050052497,-0.006139284784302477,-0.19828297137471482,0.11934235692024231
wine_quality,mlp,integrated_gradients,735,0,0.05341126769781113,-0.47519201075670353,-0.7684254511149032,0.016945347492425097,-1.0,0.0012689679998985875,0.11934235692024231
wine_quality,mlp,integrated_gradients,1291,0,0.12736596167087555,0.3275491860960984,1.0,0.14289326501614236,-0.30535579010422487,-0.03808470368422623,0.11934235692024231
wine_quality,mlp,integrated_gradients,43,0,0.09929830580949783,-0.4305799254223925,-0.8171534049696746,0.967155359561175,-1.0,0.005464485996271045,0.11934235692024231
wine_quality,mlp,integrated_gradients,412,0,0.054138291627168655,-1.0,-0.08522751239159142,-0.37696706385771556,-0.6807806456598344,-0.02805261486611136,0.11934235692024231
wine_quality,mlp,integrated_gradients,194,0,0.054999202489852905,-0.6225916664995906,-1.0,-0.06637116191321762,-0.05863153472806612,0.014727301028344046,0.11934235692024231
wine_quality,mlp,integrated_gradients,1121,0,0.11990918219089508,0.30328981632711643,-1.0,0.33506044325509393,-0.04345091766850351,-0.1670194547785632,0.11934235692024231
